aluno,materia,turma,serie_num,n1_norm,n2_norm,n3_norm,n4_norm,media_pond_norm,media_geral_aluno,slope_notas,variancia_notas,serie_num_norm,pct_materias_ok,media_turma_norm,status_encoded,status_label
Aline Moreira,Arte,1º Médio A,6,1.0,0.97,0.91,1.0,0.97,0.9109,-0.018,0.0735,0.0,1.0,0.6669,2,Aprovado
Aline Moreira,Biologia,1º Médio A,6,0.93,0.86,0.94,0.89,0.903,0.9109,-0.012,0.064,0.0,1.0,0.5663,2,Aprovado
Aline Moreira,Educação Física,1º Médio A,6,1.0,0.99,1.0,1.0,0.9975,0.9109,0.003,0.0087,0.0,1.0,0.7615,2,Aprovado
Aline Moreira,Filosofia,1º Médio A,6,0.89,0.89,0.94,0.72,0.8515,0.9109,-0.138,0.1667,0.0,1.0,0.6264,2,Aprovado
Aline Moreira,Física,1º Médio A,6,0.85,0.73,0.91,0.69,0.787,0.9109,-0.09,0.1775,0.0,1.0,0.5137,2,Aprovado
Aline Moreira,Geografia,1º Médio A,6,1.0,0.89,0.86,0.97,0.9285,0.9109,-0.036,0.114,0.0,1.0,0.6233,2,Aprovado
Aline Moreira,História,1º Médio A,6,0.89,0.98,0.93,,0.9364,0.9109,0.04,0.0736,0.0,1.0,0.6183,2,Aprovado
Aline Moreira,Inglês,1º Médio A,6,0.89,0.71,0.87,0.99,0.87,0.9109,0.138,0.2007,0.0,1.0,0.582,2,Aprovado
Aline Moreira,Matemática,1º Médio A,6,0.85,0.81,1.0,0.79,0.8595,0.9109,0.003,0.1645,0.0,1.0,0.5472,2,Aprovado
Aline Moreira,Português,1º Médio A,6,1.0,1.0,0.88,0.92,0.946,0.9109,-0.108,0.1039,0.0,1.0,0.6089,2,Aprovado
Aline Moreira,Química,1º Médio A,6,0.87,0.97,0.93,,0.9271,0.9109,0.06,0.0822,0.0,1.0,0.5293,2,Aprovado
Aline Moreira,Sociologia,1º Médio A,6,1.0,1.0,0.96,0.88,0.954,0.9109,-0.12,0.098,0.0,1.0,0.6491,2,Aprovado
Ana Costa,Arte,1º Médio A,6,0.52,0.64,0.61,0.5,0.5665,0.5812,-0.027,0.1178,0.0,0.25,0.6669,1,Recuperação
Ana Costa,Biologia,1º Médio A,6,0.68,0.5,0.59,0.49,0.5555,0.5812,-0.144,0.1539,0.0,0.25,0.5663,1,Recuperação
Ana Costa,Educação Física,1º Médio A,6,0.65,0.79,0.86,,0.775,0.5812,0.21,0.1746,0.0,0.25,0.7615,2,Aprovado
Ana Costa,Filosofia,1º Médio A,6,0.64,0.5,0.71,0.62,0.6165,0.5812,0.045,0.1512,0.0,0.25,0.6264,2,Aprovado
Ana Costa,Física,1º Médio A,6,0.48,0.53,0.68,0.4,0.5185,0.5812,-0.027,0.2041,0.0,0.25,0.5137,1,Recuperação
Ana Costa,Geografia,1º Médio A,6,0.66,0.61,0.7,0.52,0.6155,0.5812,-0.099,0.1344,0.0,0.25,0.6233,2,Aprovado
Ana Costa,História,1º Médio A,6,0.48,0.6,0.57,0.63,0.5775,0.5812,0.126,0.1122,0.0,0.25,0.6183,1,Recuperação
Ana Costa,Inglês,1º Médio A,6,0.42,0.53,0.52,0.5,0.4965,0.5812,0.069,0.0865,0.0,0.25,0.582,0,Reprovado
Ana Costa,Matemática,1º Médio A,6,0.69,0.69,0.45,0.39,0.54,0.5812,-0.342,0.2733,0.0,0.25,0.5472,1,Recuperação
Ana Costa,Português,1º Médio A,6,0.56,0.68,0.52,0.62,0.598,0.5812,0.006,0.1212,0.0,0.25,0.6089,1,Recuperação
Ana Costa,Química,1º Médio A,6,0.33,0.7,0.49,0.62,0.5495,0.5812,0.198,0.2802,0.0,0.25,0.5293,1,Recuperação
Ana Costa,Sociologia,1º Médio A,6,0.63,0.58,0.5,,0.5657,0.5812,-0.13,0.1071,0.0,0.25,0.6491,1,Recuperação
Ana Pinto,Arte,1º Médio A,6,0.45,0.45,0.47,0.42,0.446,0.3427,-0.021,0.0357,0.0,0.0,0.6669,0,Reprovado
Ana Pinto,Biologia,1º Médio A,6,0.27,0.25,0.27,,0.2629,0.3427,0.0,0.0189,0.0,0.0,0.5663,0,Reprovado
Ana Pinto,Educação Física,1º Médio A,6,0.54,0.64,0.53,0.6,0.5805,0.3427,0.021,0.0899,0.0,0.0,0.7615,1,Recuperação
Ana Pinto,Filosofia,1º Médio A,6,0.09,0.25,0.22,0.47,0.2765,0.3427,0.333,0.2733,0.0,0.0,0.6264,0,Reprovado
Ana Pinto,Física,1º Médio A,6,0.28,0.17,0.34,,0.2621,0.3427,0.06,0.1408,0.0,0.0,0.5137,0,Reprovado
Ana Pinto,Geografia,1º Médio A,6,0.16,0.37,0.27,0.27,0.273,0.3427,0.069,0.1486,0.0,0.0,0.6233,0,Reprovado
Ana Pinto,História,1º Médio A,6,0.21,0.34,0.48,,0.3529,0.3427,0.27,0.2205,0.0,0.0,0.6183,0,Reprovado
Ana Pinto,Inglês,1º Médio A,6,0.4,0.36,0.25,0.33,0.3315,0.3427,-0.096,0.11,0.0,0.0,0.582,0,Reprovado
Ana Pinto,Matemática,1º Médio A,6,0.32,0.35,0.43,,0.37,0.3427,0.11,0.0929,0.0,0.0,0.5472,0,Reprovado
Ana Pinto,Português,1º Médio A,6,0.32,0.36,0.25,0.25,0.2915,0.3427,-0.096,0.0943,0.0,0.0,0.6089,0,Reprovado
Ana Pinto,Química,1º Médio A,6,0.22,0.38,0.21,0.27,0.2725,0.3427,-0.006,0.1349,0.0,0.0,0.5293,0,Reprovado
Ana Pinto,Sociologia,1º Médio A,6,0.28,0.42,0.4,0.44,0.393,0.3427,0.138,0.1245,0.0,0.0,0.6491,0,Reprovado
Bruno Dias,Arte,1º Médio A,6,0.58,0.56,0.63,,0.5907,0.4532,0.05,0.0589,0.0,0.0,0.6669,1,Recuperação
Bruno Dias,Biologia,1º Médio A,6,0.53,0.54,0.42,,0.4943,0.4532,-0.11,0.1087,0.0,0.0,0.5663,0,Reprovado
Bruno Dias,Educação Física,1º Médio A,6,0.57,0.69,0.48,,0.5807,0.4532,-0.09,0.172,0.0,0.0,0.7615,1,Recuperação
Bruno Dias,Filosofia,1º Médio A,6,0.39,0.39,0.55,0.69,0.52,0.4532,0.318,0.2504,0.0,0.0,0.6264,1,Recuperação
Bruno Dias,Física,1º Médio A,6,0.21,0.42,0.45,,0.3707,0.4532,0.24,0.2135,0.0,0.0,0.5137,0,Reprovado
Bruno Dias,Geografia,1º Médio A,6,0.46,0.45,0.5,,0.4707,0.4532,0.04,0.0432,0.0,0.0,0.6233,0,Reprovado
Bruno Dias,História,1º Médio A,6,0.52,0.35,0.21,0.4,0.364,0.4532,-0.15,0.2223,0.0,0.0,0.6183,0,Reprovado
Bruno Dias,Inglês,1º Médio A,6,0.37,0.42,0.25,,0.345,0.4532,-0.12,0.1427,0.0,0.0,0.582,0,Reprovado
Bruno Dias,Matemática,1º Médio A,6,0.17,0.29,0.42,,0.3021,0.4532,0.25,0.2042,0.0,0.0,0.5472,0,Reprovado
Bruno Dias,Português,1º Médio A,6,0.46,0.47,0.45,0.54,0.484,0.4532,0.066,0.0707,0.0,0.0,0.6089,0,Reprovado
Bruno Dias,Química,1º Médio A,6,0.41,0.42,0.44,,0.4243,0.4532,0.03,0.0249,0.0,0.0,0.5293,0,Reprovado
Bruno Dias,Sociologia,1º Médio A,6,0.42,0.46,0.51,0.55,0.4915,0.4532,0.132,0.0985,0.0,0.0,0.6491,0,Reprovado
Carla Andrade,Arte,1º Médio A,6,0.83,0.58,0.77,,0.7193,0.6282,-0.06,0.2131,0.0,0.5833,0.6669,2,Aprovado
Carla Andrade,Biologia,1º Médio A,6,0.67,0.53,0.52,0.58,0.5705,0.6282,-0.084,0.1187,0.0,0.5833,0.5663,1,Recuperação
Carla Andrade,Educação Física,1º Médio A,6,0.84,0.73,0.78,0.75,0.7705,0.6282,-0.066,0.0831,0.0,0.5833,0.7615,2,Aprovado
Carla Andrade,Filosofia,1º Médio A,6,0.65,0.66,0.72,0.75,0.7,0.6282,0.108,0.0831,0.0,0.5833,0.6264,2,Aprovado
Carla Andrade,Física,1º Médio A,6,0.45,0.54,0.45,0.62,0.5235,0.6282,0.126,0.1418,0.0,0.5833,0.5137,1,Recuperação
Carla Andrade,Geografia,1º Médio A,6,0.72,0.75,0.59,0.54,0.641,0.6282,-0.21,0.1749,0.0,0.5833,0.6233,2,Aprovado
Carla Andrade,História,1º Médio A,6,0.69,0.71,0.77,0.73,0.727,0.6282,0.054,0.0592,0.0,0.5833,0.6183,2,Aprovado
Carla Andrade,Inglês,1º Médio A,6,0.58,0.5,0.5,,0.5229,0.6282,-0.08,0.0754,0.0,0.5833,0.582,1,Recuperação
Carla Andrade,Matemática,1º Médio A,6,0.5,0.61,0.54,,0.5536,0.6282,0.04,0.0909,0.0,0.5833,0.5472,1,Recuperação
Carla Andrade,Português,1º Médio A,6,0.56,0.75,0.64,,0.6564,0.6282,0.08,0.1558,0.0,0.5833,0.6089,2,Aprovado
Carla Andrade,Química,1º Médio A,6,0.5,0.53,0.47,0.47,0.491,0.6282,-0.045,0.0497,0.0,0.5833,0.5293,0,Reprovado
Carla Andrade,Sociologia,1º Médio A,6,0.75,0.57,0.69,0.66,0.663,0.6282,-0.045,0.1299,0.0,0.5833,0.6491,2,Aprovado
Davi Almeida,Arte,1º Médio A,6,0.4,0.51,0.42,,0.4464,0.4589,0.02,0.0957,0.0,0.0833,0.6669,0,Reprovado
Davi Almeida,Biologia,1º Médio A,6,0.46,0.45,0.4,0.47,0.4455,0.4589,-0.006,0.0539,0.0,0.0833,0.5663,0,Reprovado
Davi Almeida,Educação Física,1º Médio A,6,0.61,0.69,0.59,0.83,0.691,0.4589,0.168,0.1887,0.0,0.0833,0.7615,2,Aprovado
Davi Almeida,Filosofia,1º Médio A,6,0.41,0.58,0.57,0.46,0.5075,0.4589,0.042,0.1446,0.0,0.0833,0.6264,1,Recuperação
Davi Almeida,Física,1º Médio A,6,0.46,0.39,0.39,,0.41,0.4589,-0.07,0.066,0.0,0.0833,0.5137,0,Reprovado
Davi Almeida,Geografia,1º Médio A,6,0.46,0.49,0.34,0.5,0.4495,0.4589,-0.009,0.1276,0.0,0.0833,0.6233,0,Reprovado
Davi Almeida,História,1º Médio A,6,0.34,0.49,0.42,,0.4221,0.4589,0.08,0.1226,0.0,0.0833,0.6183,0,Reprovado
Davi Almeida,Inglês,1º Médio A,6,0.52,0.6,0.46,,0.5271,0.4589,-0.06,0.1147,0.0,0.0833,0.582,1,Recuperação
Davi Almeida,Matemática,1º Médio A,6,0.37,0.3,0.34,0.33,0.333,0.4589,-0.024,0.05,0.0,0.0833,0.5472,0,Reprovado
Davi Almeida,Português,1º Médio A,6,0.57,0.29,0.46,,0.4307,0.4589,-0.11,0.2304,0.0,0.0833,0.6089,0,Reprovado
Davi Almeida,Química,1º Médio A,6,0.37,0.4,0.38,,0.3843,0.4589,0.01,0.0249,0.0,0.0833,0.5293,0,Reprovado
Davi Almeida,Sociologia,1º Médio A,6,0.32,0.35,0.55,0.57,0.46,0.4589,0.285,0.2264,0.0,0.0833,0.6491,0,Reprovado
Diana Ramos,Arte,1º Médio A,6,0.54,0.64,0.55,,0.5793,0.4969,0.01,0.0899,0.0,0.0833,0.6669,1,Recuperação
Diana Ramos,Biologia,1º Médio A,6,0.54,0.39,0.46,0.51,0.4735,0.4969,-0.006,0.1136,0.0,0.0833,0.5663,0,Reprovado
Diana Ramos,Educação Física,1º Médio A,6,0.64,0.61,0.58,0.65,0.6205,0.4969,0.0,0.0548,0.0,0.0833,0.7615,2,Aprovado
Diana Ramos,Filosofia,1º Médio A,6,0.53,0.48,0.55,0.54,0.5255,0.4969,0.03,0.0539,0.0,0.0833,0.6264,1,Recuperação
Diana Ramos,Física,1º Médio A,6,0.53,0.43,0.26,,0.3979,0.4969,-0.27,0.2229,0.0,0.0833,0.5137,0,Reprovado
Diana Ramos,Geografia,1º Médio A,6,0.55,0.62,0.51,,0.5607,0.4969,-0.04,0.0909,0.0,0.0833,0.6233,1,Recuperação
Diana Ramos,História,1º Médio A,6,0.58,0.53,0.49,0.45,0.506,0.4969,-0.129,0.0963,0.0,0.0833,0.6183,1,Recuperação
Diana Ramos,Inglês,1º Médio A,6,0.32,0.54,0.5,0.39,0.441,0.4969,0.051,0.1746,0.0,0.0833,0.582,0,Reprovado
Diana Ramos,Matemática,1º Médio A,6,0.62,0.43,0.38,,0.4664,0.4969,-0.24,0.2068,0.0,0.0833,0.5472,0,Reprovado
Diana Ramos,Português,1º Médio A,6,0.55,0.39,0.55,,0.4929,0.4969,0.0,0.1508,0.0,0.0833,0.6089,0,Reprovado
Diana Ramos,Química,1º Médio A,6,0.37,0.32,0.46,0.38,0.383,0.4969,0.051,0.1004,0.0,0.0833,0.5293,0,Reprovado
Diana Ramos,Sociologia,1º Médio A,6,0.55,0.52,0.48,0.52,0.516,0.4969,-0.039,0.0497,0.0,0.0833,0.6491,1,Recuperação
Eduardo Araújo,Arte,1º Médio A,6,0.53,0.54,0.44,0.6,0.531,0.4818,0.033,0.1143,0.0,0.0833,0.6669,1,Recuperação
Eduardo Araújo,Biologia,1º Médio A,6,0.33,0.39,0.47,,0.4014,0.4818,0.14,0.1147,0.0,0.0833,0.5663,0,Reprovado
Eduardo Araújo,Educação Física,1º Médio A,6,0.57,0.75,0.58,0.79,0.6835,0.4818,0.147,0.1972,0.0,0.0833,0.7615,2,Aprovado
Eduardo Araújo,Filosofia,1º Médio A,6,0.52,0.42,0.67,,0.5379,0.4818,0.15,0.2055,0.0,0.0833,0.6264,1,Recuperação
Eduardo Araújo,Física,1º Médio A,6,0.37,0.44,0.43,0.37,0.4025,0.4818,-0.003,0.0654,0.0,0.0833,0.5137,0,Reprovado
Eduardo Araújo,Geografia,1º Médio A,6,0.59,0.58,0.43,0.34,0.4725,0.4818,-0.27,0.21,0.0,0.0833,0.6233,0,Reprovado
Eduardo Araújo,História,1º Médio A,6,0.45,0.53,0.49,0.47,0.486,0.4818,0.006,0.0592,0.0,0.0833,0.6183,0,Reprovado
Eduardo Araújo,Inglês,1º Médio A,6,0.4,0.57,0.48,,0.4893,0.4818,0.08,0.1389,0.0,0.0833,0.582,0,Reprovado
Eduardo Araújo,Matemática,1º Médio A,6,0.36,0.48,0.36,0.35,0.387,0.4818,-0.045,0.1071,0.0,0.0833,0.5472,0,Reprovado
Eduardo Araújo,Português,1º Médio A,6,0.4,0.47,0.46,0.53,0.4715,0.4818,0.114,0.0922,0.0,0.0833,0.6089,0,Reprovado
Eduardo Araújo,Química,1º Médio A,6,0.27,0.48,0.31,0.41,0.3745,0.4818,0.075,0.1652,0.0,0.0833,0.5293,0,Reprovado
Eduardo Araújo,Sociologia,1º Médio A,6,0.62,0.55,0.48,,0.545,0.4818,-0.14,0.1143,0.0,0.0833,0.6491,1,Recuperação
Eduardo Campos,Arte,1º Médio A,6,0.92,0.9,0.8,0.9,0.879,0.7833,-0.048,0.0938,0.0,1.0,0.6669,2,Aprovado
Eduardo Campos,Biologia,1º Médio A,6,0.76,0.87,0.87,0.72,0.803,0.7833,-0.036,0.133,0.0,1.0,0.5663,2,Aprovado
Eduardo Campos,Educação Física,1º Médio A,6,0.87,0.98,0.91,1.0,0.9465,0.7833,0.096,0.1049,0.0,1.0,0.7615,2,Aprovado
Eduardo Campos,Filosofia,1º Médio A,6,0.8,0.74,0.9,0.72,0.786,0.7833,-0.024,0.14,0.0,1.0,0.6264,2,Aprovado
Eduardo Campos,Física,1º Médio A,6,0.52,0.61,0.65,0.65,0.614,0.7833,0.129,0.1062,0.0,1.0,0.5137,2,Aprovado
Eduardo Campos,Geografia,1º Médio A,6,0.75,0.72,0.89,0.71,0.7655,0.7833,0.015,0.1445,0.0,1.0,0.6233,2,Aprovado
Eduardo Campos,História,1º Médio A,6,0.93,0.84,0.63,,0.7907,0.7833,-0.3,0.2514,0.0,1.0,0.6183,2,Aprovado
Eduardo Campos,Inglês,1º Médio A,6,0.62,0.9,0.78,0.81,0.787,0.7833,0.135,0.2022,0.0,1.0,0.582,2,Aprovado
Eduardo Campos,Matemática,1º Médio A,6,0.59,0.53,0.85,,0.6614,0.7833,0.26,0.2778,0.0,1.0,0.5472,2,Aprovado
Eduardo Campos,Português,1º Médio A,6,0.85,0.81,0.73,0.7,0.765,0.7833,-0.159,0.1203,0.0,1.0,0.6089,2,Aprovado
Eduardo Campos,Química,1º Médio A,6,0.83,0.74,0.81,0.69,0.7605,0.7833,-0.105,0.1117,0.0,1.0,0.5293,2,Aprovado
Eduardo Campos,Sociologia,1º Médio A,6,0.77,0.91,0.84,0.83,0.8405,0.7833,0.033,0.0994,0.0,1.0,0.6491,2,Aprovado
Elisa Freitas,Arte,1º Médio A,6,0.84,0.8,0.87,0.73,0.8045,0.7676,-0.078,0.1049,0.0,1.0,0.6669,2,Aprovado
Elisa Freitas,Biologia,1º Médio A,6,0.73,0.7,0.72,0.69,0.708,0.7676,-0.03,0.0316,0.0,1.0,0.5663,2,Aprovado
Elisa Freitas,Educação Física,1º Médio A,6,0.8,1.0,0.84,,0.8857,0.7676,0.04,0.1728,0.0,1.0,0.7615,2,Aprovado
Elisa Freitas,Filosofia,1º Médio A,6,0.78,0.76,0.87,,0.805,0.7676,0.09,0.0957,0.0,1.0,0.6264,2,Aprovado
Elisa Freitas,Física,1º Médio A,6,0.71,0.59,0.66,0.79,0.6915,0.7676,0.093,0.1459,0.0,1.0,0.5137,2,Aprovado
Elisa Freitas,Geografia,1º Médio A,6,0.99,0.6,0.69,0.92,0.7965,0.7676,-0.036,0.3203,0.0,1.0,0.6233,2,Aprovado
Elisa Freitas,História,1º Médio A,6,0.91,0.83,0.84,,0.8564,0.7676,-0.07,0.0712,0.0,1.0,0.6183,2,Aprovado
Elisa Freitas,Inglês,1º Médio A,6,0.82,0.73,0.68,0.72,0.7325,0.7676,-0.105,0.1023,0.0,1.0,0.582,2,Aprovado
Elisa Freitas,Matemática,1º Médio A,6,0.7,0.8,0.8,0.62,0.726,0.7676,-0.072,0.151,0.0,1.0,0.5472,2,Aprovado
Elisa Freitas,Português,1º Médio A,6,0.67,0.68,0.84,,0.7343,0.7676,0.17,0.1558,0.0,1.0,0.6089,2,Aprovado
Elisa Freitas,Química,1º Médio A,6,0.57,0.7,0.72,0.49,0.616,0.7676,-0.066,0.1892,0.0,1.0,0.5293,2,Aprovado
Elisa Freitas,Sociologia,1º Médio A,6,0.76,0.83,0.78,1.0,0.8545,0.7676,0.201,0.1889,0.0,1.0,0.6491,2,Aprovado
Enzo Martins,Arte,1º Médio A,6,0.48,0.58,0.51,,0.5264,0.5166,0.03,0.0838,0.0,0.0833,0.6669,1,Recuperação
Enzo Martins,Biologia,1º Médio A,6,0.42,0.36,0.37,,0.3807,0.5166,-0.05,0.0525,0.0,0.0833,0.5663,0,Reprovado
Enzo Martins,Educação Física,1º Médio A,6,0.81,0.62,0.59,0.79,0.7015,0.5166,-0.027,0.1967,0.0,0.0833,0.7615,2,Aprovado
Enzo Martins,Filosofia,1º Médio A,6,0.63,0.54,0.48,,0.5443,0.5166,-0.15,0.1233,0.0,0.0833,0.6264,1,Recuperação
Enzo Martins,Física,1º Médio A,6,0.27,0.4,0.49,,0.395,0.5166,0.22,0.1806,0.0,0.0833,0.5137,0,Reprovado
Enzo Martins,Geografia,1º Médio A,6,0.62,0.58,0.59,,0.595,0.5166,-0.03,0.034,0.0,0.0833,0.6233,1,Recuperação
Enzo Martins,História,1º Médio A,6,0.51,0.56,0.54,,0.5386,0.5166,0.03,0.0411,0.0,0.0833,0.6183,1,Recuperação
Enzo Martins,Inglês,1º Médio A,6,0.59,0.56,0.46,0.62,0.559,0.5166,-0.003,0.1203,0.0,0.0833,0.582,1,Recuperação
Enzo Martins,Matemática,1º Médio A,6,0.41,0.55,0.37,0.37,0.423,0.5166,-0.09,0.148,0.0,0.0833,0.5472,0,Reprovado
Enzo Martins,Português,1º Médio A,6,0.55,0.56,0.67,0.43,0.5465,0.5166,-0.075,0.1699,0.0,0.0833,0.6089,1,Recuperação
Enzo Martins,Química,1º Médio A,6,0.5,0.36,0.39,0.37,0.3985,0.5166,-0.108,0.1118,0.0,0.0833,0.5293,0,Reprovado
Enzo Martins,Sociologia,1º Médio A,6,0.68,0.55,0.56,,0.5907,0.5166,-0.12,0.1181,0.0,0.0833,0.6491,1,Recuperação
Flavia Oliveira,Arte,1º Médio A,6,0.52,0.33,0.62,0.48,0.4855,0.487,0.051,0.2085,0.0,0.0833,0.6669,0,Reprovado
Flavia Oliveira,Biologia,1º Médio A,6,0.47,0.62,0.6,0.43,0.528,0.487,-0.042,0.1631,0.0,0.0833,0.5663,1,Recuperação
Flavia Oliveira,Educação Física,1º Médio A,6,0.61,0.73,0.59,0.57,0.623,0.487,-0.078,0.1245,0.0,0.0833,0.7615,2,Aprovado
Flavia Oliveira,Filosofia,1º Médio A,6,0.47,0.41,0.62,0.58,0.5255,0.487,0.162,0.1679,0.0,0.0833,0.6264,1,Recuperação
Flavia Oliveira,Física,1º Médio A,6,0.44,0.32,0.35,0.41,0.3785,0.487,-0.018,0.0949,0.0,0.0833,0.5137,0,Reprovado
Flavia Oliveira,Geografia,1º Médio A,6,0.47,0.39,0.51,0.67,0.52,0.487,0.216,0.204,0.0,0.0833,0.6233,1,Recuperação
Flavia Oliveira,História,1º Médio A,6,0.36,0.48,0.57,0.65,0.5295,0.487,0.288,0.2156,0.0,0.0833,0.6183,1,Recuperação
Flavia Oliveira,Inglês,1º Médio A,6,0.49,0.45,0.43,0.51,0.471,0.487,0.012,0.0632,0.0,0.0833,0.582,0,Reprovado
Flavia Oliveira,Matemática,1º Médio A,6,0.22,0.41,0.33,0.4,0.349,0.487,0.138,0.1517,0.0,0.0833,0.5472,0,Reprovado
Flavia Oliveira,Português,1º Médio A,6,0.38,0.5,0.48,0.65,0.516,0.487,0.237,0.1931,0.0,0.0833,0.6089,1,Recuperação
Flavia Oliveira,Química,1º Médio A,6,0.23,0.49,0.25,,0.33,0.487,0.02,0.2363,0.0,0.0833,0.5293,0,Reprovado
Flavia Oliveira,Sociologia,1º Médio A,6,0.59,0.69,0.47,0.6,0.588,0.487,-0.057,0.1564,0.0,0.0833,0.6491,1,Recuperação
Guilherme Borges,Arte,1º Médio A,6,0.59,0.81,0.7,0.63,0.6845,0.6461,0.003,0.167,0.0,0.8333,0.6669,2,Aprovado
Guilherme Borges,Biologia,1º Médio A,6,0.5,0.8,0.7,0.42,0.601,0.6461,-0.102,0.3038,0.0,0.8333,0.5663,2,Aprovado
Guilherme Borges,Educação Física,1º Médio A,6,0.74,0.79,0.82,,0.7864,0.6461,0.08,0.066,0.0,0.8333,0.7615,2,Aprovado
Guilherme Borges,Filosofia,1º Médio A,6,0.47,0.69,0.74,0.67,0.6525,0.6461,0.195,0.2056,0.0,0.8333,0.6264,2,Aprovado
Guilherme Borges,Física,1º Médio A,6,0.64,0.54,0.54,0.61,0.581,0.6461,-0.027,0.0876,0.0,0.8333,0.5137,1,Recuperação
Guilherme Borges,Geografia,1º Médio A,6,0.72,0.66,0.59,0.49,0.6035,0.6461,-0.228,0.1712,0.0,0.8333,0.6233,2,Aprovado
Guilherme Borges,História,1º Médio A,6,0.48,0.56,0.7,0.83,0.66,0.6461,0.357,0.2677,0.0,0.8333,0.6183,2,Aprovado
Guilherme Borges,Inglês,1º Médio A,6,0.43,0.59,0.72,0.78,0.6475,0.6461,0.354,0.2687,0.0,0.8333,0.582,2,Aprovado
Guilherme Borges,Matemática,1º Médio A,6,0.63,0.53,0.64,0.57,0.5895,0.6461,-0.021,0.0899,0.0,0.8333,0.5472,1,Recuperação
Guilherme Borges,Português,1º Médio A,6,0.57,0.78,0.49,0.67,0.6325,0.6461,0.003,0.2174,0.0,0.8333,0.6089,2,Aprovado
Guilherme Borges,Química,1º Médio A,6,0.62,0.67,0.57,,0.62,0.6461,-0.05,0.0816,0.0,0.8333,0.5293,2,Aprovado
Guilherme Borges,Sociologia,1º Médio A,6,0.88,0.73,0.77,0.48,0.695,0.6461,-0.348,0.2927,0.0,0.8333,0.6491,2,Aprovado
Helena Andrade,Arte,1º Médio A,6,0.72,0.56,0.66,0.74,0.671,0.5427,0.048,0.14,0.0,0.1667,0.6669,2,Aprovado
Helena Andrade,Biologia,1º Médio A,6,0.49,0.48,0.48,0.51,0.491,0.5427,0.018,0.0245,0.0,0.1667,0.5663,0,Reprovado
Helena Andrade,Educação Física,1º Médio A,6,0.72,0.59,0.64,,0.645,0.5427,-0.08,0.1071,0.0,0.1667,0.7615,2,Aprovado
Helena Andrade,Filosofia,1º Médio A,6,0.53,0.58,0.6,0.58,0.575,0.5427,0.051,0.0517,0.0,0.1667,0.6264,1,Recuperação
Helena Andrade,Física,1º Médio A,6,0.48,0.44,0.42,0.47,0.452,0.5427,-0.015,0.0477,0.0,0.1667,0.5137,0,Reprovado
Helena Andrade,Geografia,1º Médio A,6,0.63,0.6,0.62,0.52,0.587,0.5427,-0.093,0.0865,0.0,0.1667,0.6233,1,Recuperação
Helena Andrade,História,1º Médio A,6,0.56,0.63,0.39,0.55,0.532,0.5427,-0.081,0.1757,0.0,0.1667,0.6183,1,Recuperação
Helena Andrade,Inglês,1º Médio A,6,0.52,0.52,0.59,0.54,0.5435,0.5427,0.039,0.0572,0.0,0.1667,0.582,1,Recuperação
Helena Andrade,Matemática,1º Médio A,6,0.53,0.54,0.45,0.55,0.5185,0.5427,-0.009,0.0792,0.0,0.1667,0.5472,1,Recuperação
Helena Andrade,Português,1º Médio A,6,0.57,0.54,0.45,0.42,0.4875,0.5427,-0.162,0.1237,0.0,0.1667,0.6089,0,Reprovado
Helena Andrade,Química,1º Médio A,6,0.37,0.47,0.46,0.52,0.4625,0.5427,0.132,0.1082,0.0,0.1667,0.5293,0,Reprovado
Helena Andrade,Sociologia,1º Médio A,6,0.55,0.55,0.37,0.69,0.547,0.5427,0.072,0.2272,0.0,0.1667,0.6491,1,Recuperação
Heloisa Costa,Arte,1º Médio A,6,0.97,0.9,0.9,0.79,0.881,0.7859,-0.162,0.1288,0.0,1.0,0.6669,2,Aprovado
Heloisa Costa,Biologia,1º Médio A,6,0.73,0.76,0.71,0.79,0.7505,0.7859,0.039,0.0606,0.0,1.0,0.5663,2,Aprovado
Heloisa Costa,Educação Física,1º Médio A,6,0.95,0.86,1.0,1.0,0.955,0.7859,0.087,0.1143,0.0,1.0,0.7615,2,Aprovado
Heloisa Costa,Filosofia,1º Médio A,6,0.73,0.69,0.88,0.92,0.8145,0.7859,0.228,0.1942,0.0,1.0,0.6264,2,Aprovado
Heloisa Costa,Física,1º Médio A,6,0.57,0.6,0.72,0.72,0.66,0.7859,0.171,0.1367,0.0,1.0,0.5137,2,Aprovado
Heloisa Costa,Geografia,1º Médio A,6,0.61,0.93,0.79,,0.7886,0.7859,0.18,0.262,0.0,1.0,0.6233,2,Aprovado
Heloisa Costa,História,1º Médio A,6,0.94,0.81,0.74,0.8,0.8155,0.7859,-0.147,0.1459,0.0,1.0,0.6183,2,Aprovado
Heloisa Costa,Inglês,1º Médio A,6,0.77,0.67,0.65,0.8,0.724,0.7859,0.021,0.1276,0.0,1.0,0.582,2,Aprovado
Heloisa Costa,Matemática,1º Médio A,6,0.83,0.77,0.78,0.72,0.7695,0.7859,-0.096,0.0781,0.0,1.0,0.5472,2,Aprovado
Heloisa Costa,Português,1º Médio A,6,0.83,0.79,0.75,0.78,0.785,0.7859,-0.057,0.0572,0.0,1.0,0.6089,2,Aprovado
Heloisa Costa,Química,1º Médio A,6,0.59,0.63,0.7,0.67,0.6515,0.7859,0.093,0.0829,0.0,1.0,0.5293,2,Aprovado
Heloisa Costa,Sociologia,1º Médio A,6,0.9,0.74,0.88,,0.8357,0.7859,-0.02,0.1424,0.0,1.0,0.6491,2,Aprovado
Heloisa Mendes,Arte,1º Médio A,6,0.82,0.74,0.83,0.74,0.7785,0.7388,-0.045,0.0853,0.0,1.0,0.6669,2,Aprovado
Heloisa Mendes,Biologia,1º Médio A,6,0.56,0.62,0.78,,0.66,0.7388,0.22,0.1857,0.0,1.0,0.5663,2,Aprovado
Heloisa Mendes,Educação Física,1º Médio A,6,0.93,0.84,0.91,1.0,0.9235,0.7388,0.084,0.114,0.0,1.0,0.7615,2,Aprovado
Heloisa Mendes,Filosofia,1º Médio A,6,0.65,0.8,0.73,,0.7321,0.7388,0.08,0.1226,0.0,1.0,0.6264,2,Aprovado
Heloisa Mendes,Física,1º Médio A,6,0.61,0.77,0.61,0.62,0.653,0.7388,-0.039,0.1359,0.0,1.0,0.5137,2,Aprovado
Heloisa Mendes,Geografia,1º Médio A,6,0.69,0.67,0.73,0.74,0.71,0.7388,0.063,0.0572,0.0,1.0,0.6233,2,Aprovado
Heloisa Mendes,História,1º Médio A,6,0.73,0.59,0.73,0.89,0.743,0.7388,0.186,0.2124,0.0,1.0,0.6183,2,Aprovado
Heloisa Mendes,Inglês,1º Médio A,6,0.58,0.75,0.8,,0.7193,0.7388,0.22,0.1883,0.0,1.0,0.582,2,Aprovado
Heloisa Mendes,Matemática,1º Médio A,6,0.63,0.74,0.9,0.75,0.761,0.7388,0.156,0.1921,0.0,1.0,0.5472,2,Aprovado
Heloisa Mendes,Português,1º Médio A,6,0.76,0.69,0.56,,0.6636,0.7388,-0.2,0.1657,0.0,1.0,0.6089,2,Aprovado
Heloisa Mendes,Química,1º Médio A,6,0.62,0.64,0.73,0.72,0.6825,0.7388,0.117,0.0963,0.0,1.0,0.5293,2,Aprovado
Heloisa Mendes,Sociologia,1º Médio A,6,0.96,0.68,0.9,0.84,0.839,0.7388,-0.042,0.2086,0.0,1.0,0.6491,2,Aprovado
Heloisa Oliveira,Arte,1º Médio A,6,0.53,0.83,0.59,,0.6586,0.529,0.06,0.2592,0.0,0.25,0.6669,2,Aprovado
Heloisa Oliveira,Biologia,1º Médio A,6,0.47,0.44,0.37,0.49,0.4435,0.529,-0.003,0.091,0.0,0.25,0.5663,0,Reprovado
Heloisa Oliveira,Educação Física,1º Médio A,6,0.68,0.7,0.63,,0.6693,0.529,-0.05,0.0589,0.0,0.25,0.7615,2,Aprovado
Heloisa Oliveira,Filosofia,1º Médio A,6,0.73,0.51,0.46,,0.555,0.529,-0.27,0.2346,0.0,0.25,0.6264,1,Recuperação
Heloisa Oliveira,Física,1º Médio A,6,0.32,0.33,0.47,0.33,0.363,0.529,0.051,0.1244,0.0,0.25,0.5137,0,Reprovado
Heloisa Oliveira,Geografia,1º Médio A,6,0.44,0.49,0.5,0.62,0.5215,0.529,0.165,0.1322,0.0,0.25,0.6233,1,Recuperação
Heloisa Oliveira,História,1º Médio A,6,0.51,0.48,0.4,,0.46,0.529,-0.11,0.0929,0.0,0.25,0.6183,0,Reprovado
Heloisa Oliveira,Inglês,1º Médio A,6,0.58,0.51,0.59,,0.5586,0.529,0.01,0.0712,0.0,0.25,0.582,1,Recuperação
Heloisa Oliveira,Matemática,1º Médio A,6,0.49,0.48,0.3,,0.4186,0.529,-0.19,0.1746,0.0,0.25,0.5472,0,Reprovado
Heloisa Oliveira,Português,1º Médio A,6,0.56,0.53,0.74,0.59,0.6065,0.529,0.09,0.1616,0.0,0.25,0.6089,2,Aprovado
Heloisa Oliveira,Química,1º Médio A,6,0.49,0.58,0.53,0.51,0.5285,0.529,0.003,0.0669,0.0,0.25,0.5293,1,Recuperação
Heloisa Oliveira,Sociologia,1º Médio A,6,0.59,0.58,0.53,,0.565,0.529,-0.06,0.0525,0.0,0.25,0.6491,1,Recuperação
Karen Campos,Arte,1º Médio A,6,0.69,0.8,0.62,0.85,0.748,0.7008,0.09,0.1806,0.0,0.75,0.6669,2,Aprovado
Karen Campos,Biologia,1º Médio A,6,0.66,0.73,0.6,0.63,0.6535,0.7008,-0.066,0.0964,0.0,0.75,0.5663,2,Aprovado
Karen Campos,Educação Física,1º Médio A,6,1.0,0.99,0.92,0.94,0.9595,0.7008,-0.075,0.0669,0.0,0.75,0.7615,2,Aprovado
Karen Campos,Filosofia,1º Médio A,6,0.72,0.82,0.84,0.72,0.775,0.7008,0.006,0.1109,0.0,0.75,0.6264,2,Aprovado
Karen Campos,Física,1º Médio A,6,0.52,0.59,0.54,,0.5521,0.7008,0.02,0.0589,0.0,0.75,0.5137,1,Recuperação
Karen Campos,Geografia,1º Médio A,6,0.71,0.91,0.9,0.7,0.8045,0.7008,-0.012,0.2002,0.0,0.75,0.6233,2,Aprovado
Karen Campos,História,1º Médio A,6,0.7,0.76,0.63,,0.6964,0.7008,-0.07,0.1062,0.0,0.75,0.6183,2,Aprovado
Karen Campos,Inglês,1º Médio A,6,0.61,0.43,0.73,0.66,0.61,0.7008,0.135,0.222,0.0,0.75,0.582,2,Aprovado
Karen Campos,Matemática,1º Médio A,6,0.49,0.64,0.55,0.68,0.5995,0.7008,0.144,0.149,0.0,0.75,0.5472,1,Recuperação
Karen Campos,Português,1º Médio A,6,0.67,0.83,0.62,,0.7093,0.7008,-0.05,0.1791,0.0,0.75,0.6089,2,Aprovado
Karen Campos,Química,1º Médio A,6,0.65,0.77,0.44,0.5,0.5825,0.7008,-0.234,0.2581,0.0,0.75,0.5293,1,Recuperação
Karen Campos,Sociologia,1º Médio A,6,0.77,0.66,0.76,0.7,0.719,0.7008,-0.033,0.0899,0.0,0.75,0.6491,2,Aprovado
Leonardo Campos,Arte,1º Médio A,6,0.75,0.59,0.66,,0.6607,0.619,-0.09,0.131,0.0,0.4167,0.6669,2,Aprovado
Leonardo Campos,Biologia,1º Médio A,6,0.62,0.44,0.5,,0.5129,0.619,-0.12,0.1497,0.0,0.4167,0.5663,1,Recuperação
Leonardo Campos,Educação Física,1º Médio A,6,0.95,0.85,0.77,0.83,0.844,0.619,-0.132,0.1296,0.0,0.4167,0.7615,2,Aprovado
Leonardo Campos,Filosofia,1º Médio A,6,0.7,0.56,0.56,0.73,0.639,0.619,0.027,0.1564,0.0,0.4167,0.6264,2,Aprovado
Leonardo Campos,Física,1º Médio A,6,0.47,0.55,0.57,0.56,0.542,0.619,0.087,0.0792,0.0,0.4167,0.5137,1,Recuperação
Leonardo Campos,Geografia,1º Médio A,6,0.68,0.54,0.6,0.56,0.589,0.619,-0.09,0.1072,0.0,0.4167,0.6233,1,Recuperação
Leonardo Campos,História,1º Médio A,6,0.6,0.74,0.6,0.47,0.596,0.619,-0.159,0.191,0.0,0.4167,0.6183,1,Recuperação
Leonardo Campos,Inglês,1º Médio A,6,0.6,0.71,0.4,,0.5679,0.619,-0.2,0.2566,0.0,0.4167,0.582,1,Recuperação
Leonardo Campos,Matemática,1º Médio A,6,0.48,0.53,0.68,0.61,0.5815,0.619,0.162,0.1526,0.0,0.4167,0.5472,1,Recuperação
Leonardo Campos,Português,1º Médio A,6,0.86,0.5,0.63,0.64,0.6465,0.619,-0.159,0.2586,0.0,0.4167,0.6089,2,Aprovado
Leonardo Campos,Química,1º Médio A,6,0.42,0.66,0.58,0.63,0.583,0.619,0.165,0.1851,0.0,0.4167,0.5293,1,Recuperação
Leonardo Campos,Sociologia,1º Médio A,6,0.64,0.55,0.64,0.8,0.6655,0.619,0.171,0.1802,0.0,0.4167,0.6491,2,Aprovado
Leonardo Santos,Arte,1º Médio A,6,0.76,0.71,0.46,0.56,0.6125,0.499,-0.255,0.2385,0.0,0.1667,0.6669,2,Aprovado
Leonardo Santos,Biologia,1º Médio A,6,0.58,0.48,0.42,0.36,0.449,0.499,-0.216,0.1625,0.0,0.1667,0.5663,0,Reprovado
Leonardo Santos,Educação Física,1º Médio A,6,0.57,0.71,0.63,0.65,0.644,0.499,0.048,0.1,0.0,0.1667,0.7615,2,Aprovado
Leonardo Santos,Filosofia,1º Médio A,6,0.34,0.77,0.55,,0.5686,0.499,0.21,0.3511,0.0,0.1667,0.6264,1,Recuperação
Leonardo Santos,Física,1º Médio A,6,0.43,0.37,0.5,,0.4336,0.499,0.07,0.1062,0.0,0.1667,0.5137,0,Reprovado
Leonardo Santos,Geografia,1º Médio A,6,0.61,0.52,0.48,0.49,0.519,0.499,-0.12,0.1025,0.0,0.1667,0.6233,1,Recuperação
Leonardo Santos,História,1º Médio A,6,0.37,0.52,0.49,0.42,0.4525,0.499,0.036,0.1175,0.0,0.1667,0.6183,0,Reprovado
Leonardo Santos,Inglês,1º Médio A,6,0.39,0.35,0.49,0.56,0.456,0.499,0.195,0.1652,0.0,0.1667,0.582,0,Reprovado
Leonardo Santos,Matemática,1º Médio A,6,0.45,0.44,0.34,,0.4071,0.499,-0.11,0.0993,0.0,0.1667,0.5472,0,Reprovado
Leonardo Santos,Português,1º Médio A,6,0.52,0.49,0.43,0.58,0.508,0.499,0.036,0.1082,0.0,0.1667,0.6089,1,Recuperação
Leonardo Santos,Química,1º Médio A,6,0.46,0.39,0.45,0.21,0.365,0.499,-0.207,0.2007,0.0,0.1667,0.5293,0,Reprovado
Leonardo Santos,Sociologia,1º Médio A,6,0.54,0.53,0.64,,0.5721,0.499,0.1,0.0993,0.0,0.1667,0.6491,1,Recuperação
Lucas Pinto,Arte,1º Médio A,6,0.54,0.49,0.37,,0.4614,0.404,-0.17,0.1427,0.0,0.0,0.6669,0,Reprovado
Lucas Pinto,Biologia,1º Médio A,6,0.47,0.35,0.32,,0.3736,0.404,-0.15,0.1296,0.0,0.0,0.5663,0,Reprovado
Lucas Pinto,Educação Física,1º Médio A,6,0.44,0.48,0.7,,0.5471,0.404,0.26,0.2286,0.0,0.0,0.7615,1,Recuperação
Lucas Pinto,Filosofia,1º Médio A,6,0.5,0.4,0.33,0.52,0.4385,0.404,-0.003,0.1539,0.0,0.0,0.6264,0,Reprovado
Lucas Pinto,Física,1º Médio A,6,0.45,0.22,0.26,0.28,0.294,0.404,-0.141,0.1757,0.0,0.0,0.5137,0,Reprovado
Lucas Pinto,Geografia,1º Médio A,6,0.32,0.43,0.38,,0.3807,0.404,0.06,0.0899,0.0,0.0,0.6233,0,Reprovado
Lucas Pinto,História,1º Médio A,6,0.45,0.32,0.48,0.37,0.401,0.404,-0.024,0.1269,0.0,0.0,0.6183,0,Reprovado
Lucas Pinto,Inglês,1º Médio A,6,0.36,0.28,0.41,,0.3493,0.404,0.05,0.1071,0.0,0.0,0.582,0,Reprovado
Lucas Pinto,Matemática,1º Médio A,6,0.51,0.32,0.26,,0.3529,0.404,-0.25,0.2131,0.0,0.0,0.5472,0,Reprovado
Lucas Pinto,Português,1º Médio A,6,0.52,0.38,0.39,0.48,0.4405,0.404,-0.033,0.1186,0.0,0.0,0.6089,0,Reprovado
Lucas Pinto,Química,1º Médio A,6,0.52,0.41,0.4,0.18,0.3605,0.404,-0.309,0.2467,0.0,0.0,0.5293,0,Reprovado
Lucas Pinto,Sociologia,1º Médio A,6,0.31,0.49,0.49,0.47,0.448,0.404,0.144,0.151,0.0,0.0,0.6491,0,Reprovado
Marcos Gomes,Arte,1º Médio A,6,0.77,0.78,0.66,0.76,0.742,0.6651,-0.045,0.0963,0.0,0.8333,0.6669,2,Aprovado
Marcos Gomes,Biologia,1º Médio A,6,0.77,0.62,0.45,,0.6021,0.6651,-0.32,0.2614,0.0,0.8333,0.5663,2,Aprovado
Marcos Gomes,Educação Física,1º Médio A,6,0.78,0.77,0.75,0.78,0.77,0.6651,-0.006,0.0245,0.0,0.8333,0.7615,2,Aprovado
Marcos Gomes,Filosofia,1º Médio A,6,0.44,0.73,0.82,0.65,0.6705,0.6651,0.216,0.2811,0.0,0.8333,0.6264,2,Aprovado
Marcos Gomes,Física,1º Médio A,6,0.61,0.55,0.58,0.51,0.5575,0.6651,-0.081,0.074,0.0,0.8333,0.5137,1,Recuperação
Marcos Gomes,Geografia,1º Médio A,6,0.52,0.66,0.57,0.72,0.6275,0.6651,0.153,0.1552,0.0,0.8333,0.6233,2,Aprovado
Marcos Gomes,História,1º Médio A,6,0.65,0.55,0.66,0.64,0.6245,0.6651,0.024,0.0877,0.0,0.8333,0.6183,2,Aprovado
Marcos Gomes,Inglês,1º Médio A,6,0.65,0.76,0.77,,0.7321,0.6651,0.12,0.1087,0.0,0.8333,0.582,2,Aprovado
Marcos Gomes,Matemática,1º Médio A,6,0.75,0.69,0.55,,0.6571,0.6651,-0.2,0.1676,0.0,0.8333,0.5472,2,Aprovado
Marcos Gomes,Português,1º Médio A,6,0.8,0.66,0.62,,0.6857,0.6651,-0.18,0.1543,0.0,0.8333,0.6089,2,Aprovado
Marcos Gomes,Química,1º Médio A,6,0.69,0.46,0.64,0.62,0.599,0.6651,-0.009,0.1723,0.0,0.8333,0.5293,1,Recuperação
Marcos Gomes,Sociologia,1º Médio A,6,0.57,0.75,0.79,,0.7129,0.6651,0.22,0.1914,0.0,0.8333,0.6491,2,Aprovado
Maria Borges,Arte,1º Médio A,6,0.85,0.83,0.82,0.74,0.8045,0.7062,-0.102,0.0837,0.0,0.9167,0.6669,2,Aprovado
Maria Borges,Biologia,1º Médio A,6,0.74,0.58,0.58,0.5,0.588,0.7062,-0.216,0.1744,0.0,0.9167,0.5663,1,Recuperação
Maria Borges,Educação Física,1º Médio A,6,0.69,0.84,0.8,,0.7829,0.7062,0.11,0.1268,0.0,0.9167,0.7615,2,Aprovado
Maria Borges,Filosofia,1º Médio A,6,0.87,0.56,0.64,0.71,0.687,0.7062,-0.12,0.2283,0.0,0.9167,0.6264,2,Aprovado
Maria Borges,Física,1º Médio A,6,0.56,0.51,0.73,0.62,0.608,0.7062,0.12,0.164,0.0,0.9167,0.5137,2,Aprovado
Maria Borges,Geografia,1º Médio A,6,0.77,0.75,0.75,0.95,0.814,0.7062,0.162,0.1682,0.0,0.9167,0.6233,2,Aprovado
Maria Borges,História,1º Médio A,6,0.84,0.63,0.72,,0.7221,0.7062,-0.12,0.172,0.0,0.9167,0.6183,2,Aprovado
Maria Borges,Inglês,1º Médio A,6,0.8,0.66,0.81,0.86,0.7855,0.7062,0.099,0.1486,0.0,0.9167,0.582,2,Aprovado
Maria Borges,Matemática,1º Médio A,6,0.69,0.65,0.51,0.74,0.65,0.7062,0.003,0.1711,0.0,0.9167,0.5472,2,Aprovado
Maria Borges,Português,1º Médio A,6,0.67,0.66,0.62,0.78,0.688,0.7062,0.087,0.1186,0.0,0.9167,0.6089,2,Aprovado
Maria Borges,Química,1º Médio A,6,0.54,0.76,0.72,0.59,0.655,0.7062,0.033,0.1808,0.0,0.9167,0.5293,2,Aprovado
Maria Borges,Sociologia,1º Médio A,6,0.72,0.63,0.7,0.71,0.6895,0.7062,0.012,0.0707,0.0,0.9167,0.6491,2,Aprovado
Natalia Andrade,Arte,1º Médio A,6,0.34,0.36,0.24,0.19,0.275,0.2558,-0.171,0.1403,0.0,0.0,0.6669,0,Reprovado
Natalia Andrade,Biologia,1º Médio A,6,0.17,0.19,0.26,0.25,0.2215,0.2558,0.093,0.0766,0.0,0.0,0.5663,0,Reprovado
Natalia Andrade,Educação Física,1º Médio A,6,0.44,0.4,0.54,0.23,0.392,0.2558,-0.147,0.2238,0.0,0.0,0.7615,0,Reprovado
Natalia Andrade,Filosofia,1º Médio A,6,0.27,0.26,0.28,0.14,0.231,0.2558,-0.111,0.1135,0.0,0.0,0.6264,0,Reprovado
Natalia Andrade,Física,1º Médio A,6,0.15,0.21,0.26,,0.2107,0.2558,0.11,0.0899,0.0,0.0,0.5137,0,Reprovado
Natalia Andrade,Geografia,1º Médio A,6,0.42,0.23,0.43,,0.3557,0.2558,0.01,0.184,0.0,0.0,0.6233,0,Reprovado
Natalia Andrade,História,1º Médio A,6,0.34,0.33,0.26,0.33,0.3145,0.2558,-0.03,0.064,0.0,0.0,0.6183,0,Reprovado
Natalia Andrade,Inglês,1º Médio A,6,0.44,0.19,0.14,,0.2436,0.2558,-0.3,0.2625,0.0,0.0,0.582,0,Reprovado
Natalia Andrade,Matemática,1º Médio A,6,0.23,0.17,0.23,0.27,0.227,0.2558,0.054,0.0714,0.0,0.0,0.5472,0,Reprovado
Natalia Andrade,Português,1º Médio A,6,0.2,0.31,0.23,0.27,0.256,0.2558,0.039,0.0829,0.0,0.0,0.6089,0,Reprovado
Natalia Andrade,Química,1º Médio A,6,0.19,0.16,0.15,0.0,0.1155,0.2558,-0.174,0.1473,0.0,0.0,0.5293,0,Reprovado
Natalia Andrade,Sociologia,1º Médio A,6,0.27,0.11,0.31,,0.2271,0.2558,0.04,0.1728,0.0,0.0,0.6491,0,Reprovado
Natalia Martins,Arte,1º Médio A,6,0.72,0.7,0.85,,0.7593,0.7826,0.13,0.133,0.0,1.0,0.6669,2,Aprovado
Natalia Martins,Biologia,1º Médio A,6,0.78,0.75,0.85,0.76,0.784,0.7826,0.012,0.0781,0.0,1.0,0.5663,2,Aprovado
Natalia Martins,Educação Física,1º Médio A,6,1.0,0.98,0.82,0.99,0.947,0.7826,-0.057,0.1479,0.0,1.0,0.7615,2,Aprovado
Natalia Martins,Filosofia,1º Médio A,6,0.75,0.81,0.84,0.81,0.8055,0.7826,0.063,0.0654,0.0,1.0,0.6264,2,Aprovado
Natalia Martins,Física,1º Médio A,6,0.53,0.76,0.59,0.62,0.6295,0.7826,0.03,0.1688,0.0,1.0,0.5137,2,Aprovado
Natalia Martins,Geografia,1º Médio A,6,0.88,0.78,0.71,,0.7836,0.7826,-0.17,0.1395,0.0,1.0,0.6233,2,Aprovado
Natalia Martins,História,1º Médio A,6,0.85,0.85,0.8,0.78,0.8165,0.7826,-0.078,0.0616,0.0,1.0,0.6183,2,Aprovado
Natalia Martins,Inglês,1º Médio A,6,0.89,0.71,0.73,,0.7686,0.7826,-0.16,0.1611,0.0,1.0,0.582,2,Aprovado
Natalia Martins,Matemática,1º Médio A,6,0.96,0.74,0.64,0.72,0.753,0.7826,-0.246,0.2373,0.0,1.0,0.5472,2,Aprovado
Natalia Martins,Português,1º Médio A,6,0.78,0.91,0.74,,0.8121,0.7826,-0.04,0.1451,0.0,1.0,0.6089,2,Aprovado
Natalia Martins,Química,1º Médio A,6,0.76,0.69,0.72,0.64,0.6965,0.7826,-0.099,0.0876,0.0,1.0,0.5293,2,Aprovado
Natalia Martins,Sociologia,1º Médio A,6,0.87,0.82,0.77,0.88,0.8355,0.7826,-0.006,0.0877,0.0,1.0,0.6491,2,Aprovado
Nathalia Araújo,Arte,1º Médio A,6,0.82,1.0,1.0,1.0,0.964,0.9192,0.162,0.1559,0.0,1.0,0.6669,2,Aprovado
Nathalia Araújo,Biologia,1º Médio A,6,0.93,1.0,0.83,0.95,0.9285,0.9192,-0.033,0.1236,0.0,1.0,0.5663,2,Aprovado
Nathalia Araújo,Educação Física,1º Médio A,6,1.0,1.0,1.0,,1.0,0.9192,0.0,0.0,0.0,1.0,0.7615,2,Aprovado
Nathalia Araújo,Filosofia,1º Médio A,6,0.95,0.97,0.83,0.95,0.925,0.9192,-0.042,0.1109,0.0,1.0,0.6264,2,Aprovado
Nathalia Araújo,Física,1º Médio A,6,0.89,0.84,0.84,0.88,0.862,0.9192,-0.009,0.0456,0.0,1.0,0.5137,2,Aprovado
Nathalia Araújo,Geografia,1º Médio A,6,0.76,1.0,0.89,,0.8921,0.9192,0.13,0.1962,0.0,1.0,0.6233,2,Aprovado
Nathalia Araújo,História,1º Médio A,6,1.0,0.95,0.78,,0.9036,0.9192,-0.22,0.1883,0.0,1.0,0.6183,2,Aprovado
Nathalia Araújo,Inglês,1º Médio A,6,0.83,0.94,0.72,1.0,0.881,0.9192,0.087,0.2142,0.0,1.0,0.582,2,Aprovado
Nathalia Araújo,Matemática,1º Médio A,6,0.92,0.93,0.8,,0.8807,0.9192,-0.12,0.1181,0.0,1.0,0.5472,2,Aprovado
Nathalia Araújo,Português,1º Médio A,6,1.0,0.93,0.89,1.0,0.955,0.9192,-0.012,0.0943,0.0,1.0,0.6089,2,Aprovado
Nathalia Araújo,Química,1º Médio A,6,1.0,0.88,0.81,0.94,0.9045,0.9192,-0.075,0.141,0.0,1.0,0.5293,2,Aprovado
Nathalia Araújo,Sociologia,1º Médio A,6,0.98,0.93,1.0,0.85,0.9335,0.9192,-0.096,0.1158,0.0,1.0,0.6491,2,Aprovado
Nicolas Rodrigues,Arte,1º Médio A,6,0.55,0.68,0.38,0.61,0.558,0.5427,-0.036,0.222,0.0,0.0833,0.6669,1,Recuperação
Nicolas Rodrigues,Biologia,1º Médio A,6,0.47,0.59,0.52,,0.5307,0.5427,0.05,0.0984,0.0,0.0833,0.5663,1,Recuperação
Nicolas Rodrigues,Educação Física,1º Médio A,6,0.68,0.76,0.8,,0.7514,0.5427,0.12,0.0998,0.0,0.0833,0.7615,2,Aprovado
Nicolas Rodrigues,Filosofia,1º Médio A,6,0.43,0.53,0.53,,0.5014,0.5427,0.1,0.0943,0.0,0.0833,0.6264,1,Recuperação
Nicolas Rodrigues,Física,1º Médio A,6,0.57,0.49,0.48,0.49,0.5035,0.5427,-0.075,0.0726,0.0,0.0833,0.5137,1,Recuperação
Nicolas Rodrigues,Geografia,1º Médio A,6,0.46,0.62,0.5,0.63,0.561,0.5427,0.117,0.1479,0.0,0.0833,0.6233,1,Recuperação
Nicolas Rodrigues,História,1º Médio A,6,0.6,0.59,0.51,0.58,0.569,0.5427,-0.042,0.0707,0.0,0.0833,0.6183,1,Recuperação
Nicolas Rodrigues,Inglês,1º Médio A,6,0.52,0.54,0.57,0.55,0.5465,0.5427,0.036,0.0361,0.0,0.0833,0.582,1,Recuperação
Nicolas Rodrigues,Matemática,1º Médio A,6,0.46,0.47,0.48,0.45,0.4645,0.5427,-0.006,0.0224,0.0,0.0833,0.5472,0,Reprovado
Nicolas Rodrigues,Português,1º Médio A,6,0.49,0.65,0.55,,0.5686,0.5427,0.06,0.132,0.0,0.0833,0.6089,1,Recuperação
Nicolas Rodrigues,Química,1º Médio A,6,0.37,0.5,0.43,,0.4379,0.5427,0.06,0.1062,0.0,0.0833,0.5293,0,Reprovado
Nicolas Rodrigues,Sociologia,1º Médio A,6,0.5,0.59,0.56,0.44,0.5195,0.5427,-0.063,0.1152,0.0,0.0833,0.6491,1,Recuperação
Paulo Silva,Arte,1º Médio A,6,0.6,0.6,0.67,0.57,0.6085,0.5803,-0.006,0.0735,0.0,0.4167,0.6669,2,Aprovado
Paulo Silva,Biologia,1º Médio A,6,0.53,0.49,0.7,,0.5764,0.5803,0.17,0.1821,0.0,0.4167,0.5663,1,Recuperação
Paulo Silva,Educação Física,1º Médio A,6,0.72,0.81,0.86,0.62,0.7475,0.5803,-0.075,0.183,0.0,0.4167,0.7615,2,Aprovado
Paulo Silva,Filosofia,1º Médio A,6,0.74,0.66,0.49,0.66,0.6335,0.5803,-0.123,0.1824,0.0,0.4167,0.6264,2,Aprovado
Paulo Silva,Física,1º Médio A,6,0.42,0.49,0.54,,0.4879,0.5803,0.12,0.0984,0.0,0.4167,0.5137,0,Reprovado
Paulo Silva,Geografia,1º Médio A,6,0.59,0.61,0.53,0.64,0.595,0.5803,0.021,0.0805,0.0,0.4167,0.6233,1,Recuperação
Paulo Silva,História,1º Médio A,6,0.53,0.65,0.63,0.6,0.606,0.5803,0.057,0.091,0.0,0.4167,0.6183,2,Aprovado
Paulo Silva,Inglês,1º Médio A,6,0.42,0.58,0.41,0.45,0.4665,0.5803,-0.024,0.136,0.0,0.4167,0.582,0,Reprovado
Paulo Silva,Matemática,1º Médio A,6,0.52,0.53,0.61,0.53,0.548,0.5803,0.033,0.0726,0.0,0.4167,0.5472,1,Recuperação
Paulo Silva,Português,1º Médio A,6,0.53,0.54,0.58,,0.5514,0.5803,0.05,0.0432,0.0,0.4167,0.6089,1,Recuperação
Paulo Silva,Química,1º Médio A,6,0.51,0.41,0.58,,0.4993,0.5803,0.07,0.1395,0.0,0.4167,0.5293,0,Reprovado
Paulo Silva,Sociologia,1º Médio A,6,0.48,0.57,0.72,0.75,0.6435,0.5803,0.288,0.2205,0.0,0.4167,0.6491,2,Aprovado
Renata Correia,Arte,1º Médio A,6,0.84,0.76,0.8,0.68,0.762,0.7088,-0.132,0.1183,0.0,0.9167,0.6669,2,Aprovado
Renata Correia,Biologia,1º Médio A,6,0.71,0.68,0.58,0.72,0.673,0.7088,-0.021,0.1108,0.0,0.9167,0.5663,2,Aprovado
Renata Correia,Educação Física,1º Médio A,6,0.84,0.69,0.93,0.87,0.834,0.7088,0.099,0.1768,0.0,0.9167,0.7615,2,Aprovado
Renata Correia,Filosofia,1º Médio A,6,0.58,0.66,0.81,,0.6907,0.7088,0.23,0.1907,0.0,0.9167,0.6264,2,Aprovado
Renata Correia,Física,1º Médio A,6,0.67,0.6,0.55,0.68,0.6255,0.7088,-0.006,0.1063,0.0,0.9167,0.5137,2,Aprovado
Renata Correia,Geografia,1º Médio A,6,0.81,0.76,0.68,0.73,0.741,0.7088,-0.096,0.0943,0.0,0.9167,0.6233,2,Aprovado
Renata Correia,História,1º Médio A,6,0.77,0.84,0.64,,0.7486,0.7088,-0.13,0.1657,0.0,0.9167,0.6183,2,Aprovado
Renata Correia,Inglês,1º Médio A,6,0.75,0.74,0.62,0.75,0.715,0.7088,-0.036,0.11,0.0,0.9167,0.582,2,Aprovado
Renata Correia,Matemática,1º Médio A,6,0.62,0.75,0.68,0.6,0.6615,0.7088,-0.039,0.1169,0.0,0.9167,0.5472,2,Aprovado
Renata Correia,Português,1º Médio A,6,0.4,0.77,0.84,0.54,0.6445,0.7088,0.147,0.3528,0.0,0.9167,0.6089,2,Aprovado
Renata Correia,Química,1º Médio A,6,0.56,0.68,0.43,0.69,0.5965,0.7088,0.042,0.2112,0.0,0.9167,0.5293,1,Recuperação
Renata Correia,Sociologia,1º Médio A,6,0.72,0.78,0.83,0.89,0.8135,0.7088,0.168,0.1253,0.0,0.9167,0.6491,2,Aprovado
Ricardo Lopes,Arte,1º Médio A,6,0.83,0.8,0.9,0.81,0.834,0.6987,0.012,0.0781,0.0,0.9167,0.6669,2,Aprovado
Ricardo Lopes,Biologia,1º Médio A,6,0.62,0.69,0.59,0.6,0.624,0.6987,-0.048,0.0781,0.0,0.9167,0.5663,2,Aprovado
Ricardo Lopes,Educação Física,1º Médio A,6,0.83,0.77,0.9,0.69,0.7905,0.6987,-0.087,0.1545,0.0,0.9167,0.7615,2,Aprovado
Ricardo Lopes,Filosofia,1º Médio A,6,0.53,0.75,0.75,0.73,0.7,0.6987,0.18,0.1855,0.0,0.9167,0.6264,2,Aprovado
Ricardo Lopes,Física,1º Médio A,6,0.68,0.58,0.81,0.54,0.6455,0.6987,-0.057,0.2085,0.0,0.9167,0.5137,2,Aprovado
Ricardo Lopes,Geografia,1º Médio A,6,0.83,0.8,0.6,,0.7371,0.6987,-0.23,0.2042,0.0,0.9167,0.6233,2,Aprovado
Ricardo Lopes,História,1º Médio A,6,0.71,0.93,0.62,0.9,0.7995,0.6987,0.078,0.2588,0.0,0.9167,0.6183,2,Aprovado
Ricardo Lopes,Inglês,1º Médio A,6,0.55,0.64,0.59,0.52,0.5735,0.6987,-0.042,0.09,0.0,0.9167,0.582,1,Recuperação
Ricardo Lopes,Matemática,1º Médio A,6,0.59,0.56,0.71,0.57,0.6065,0.6987,0.027,0.1203,0.0,0.9167,0.5472,2,Aprovado
Ricardo Lopes,Português,1º Médio A,6,0.74,0.67,0.72,0.66,0.6935,0.6987,-0.057,0.0669,0.0,0.9167,0.6089,2,Aprovado
Ricardo Lopes,Química,1º Médio A,6,0.68,0.56,0.74,0.56,0.629,0.6987,-0.054,0.1559,0.0,0.9167,0.5293,2,Aprovado
Ricardo Lopes,Sociologia,1º Médio A,6,0.88,0.82,0.64,0.7,0.751,0.6987,-0.216,0.1897,0.0,0.9167,0.6491,2,Aprovado
Aline Correia,Arte,1º Médio B,6,0.73,0.54,0.61,0.69,0.6405,0.4954,-0.015,0.1465,0.0,0.0833,0.7026,2,Aprovado
Aline Correia,Biologia,1º Médio B,6,0.41,0.35,0.51,0.52,0.453,0.4954,0.147,0.1417,0.0,0.0833,0.584,0,Reprovado
Aline Correia,Educação Física,1º Médio B,6,0.58,0.54,0.62,,0.58,0.4954,0.04,0.0653,0.0,0.0833,0.7513,1,Recuperação
Aline Correia,Filosofia,1º Médio B,6,0.33,0.48,0.71,,0.5193,0.4954,0.38,0.3126,0.0,0.0833,0.6471,1,Recuperação
Aline Correia,Física,1º Médio B,6,0.51,0.47,0.41,0.35,0.427,0.4954,-0.162,0.1212,0.0,0.0833,0.5052,0,Reprovado
Aline Correia,Geografia,1º Médio B,6,0.53,0.58,0.56,,0.5586,0.4954,0.03,0.0411,0.0,0.0833,0.6206,1,Recuperação
Aline Correia,História,1º Médio B,6,0.41,0.53,0.47,,0.4743,0.4954,0.06,0.098,0.0,0.0833,0.6151,0,Reprovado
Aline Correia,Inglês,1º Médio B,6,0.57,0.49,0.4,0.32,0.4325,0.4954,-0.252,0.1879,0.0,0.0833,0.5716,0,Reprovado
Aline Correia,Matemática,1º Médio B,6,0.5,0.49,0.35,0.34,0.412,0.4954,-0.186,0.1503,0.0,0.0833,0.5405,0,Reprovado
Aline Correia,Português,1º Médio B,6,0.49,0.35,0.38,0.42,0.4065,0.4954,-0.054,0.1049,0.0,0.0833,0.5976,0,Reprovado
Aline Correia,Química,1º Médio B,6,0.53,0.41,0.47,,0.4657,0.4954,-0.06,0.098,0.0,0.0833,0.5405,0,Reprovado
Aline Correia,Sociologia,1º Médio B,6,0.53,0.54,0.64,0.58,0.575,0.4954,0.075,0.0865,0.0,0.0833,0.6432,1,Recuperação
Arthur Pinto,Arte,1º Médio B,6,0.74,0.69,0.84,0.88,0.7945,0.7455,0.171,0.1519,0.0,1.0,0.7026,2,Aprovado
Arthur Pinto,Biologia,1º Médio B,6,0.63,0.69,0.7,0.71,0.6865,0.7455,0.075,0.0622,0.0,1.0,0.584,2,Aprovado
Arthur Pinto,Educação Física,1º Médio B,6,0.84,0.82,0.95,0.93,0.8895,0.7455,0.12,0.1118,0.0,1.0,0.7513,2,Aprovado
Arthur Pinto,Filosofia,1º Médio B,6,0.75,0.78,0.85,0.79,0.7945,0.7455,0.057,0.0726,0.0,1.0,0.6471,2,Aprovado
Arthur Pinto,Física,1º Médio B,6,0.62,0.64,0.72,,0.6629,0.7455,0.1,0.0864,0.0,1.0,0.5052,2,Aprovado
Arthur Pinto,Geografia,1º Médio B,6,0.98,0.76,0.68,0.74,0.778,0.7455,-0.24,0.2272,0.0,1.0,0.6206,2,Aprovado
Arthur Pinto,História,1º Médio B,6,0.84,0.61,0.67,0.73,0.707,0.7455,-0.081,0.1699,0.0,1.0,0.6151,2,Aprovado
Arthur Pinto,Inglês,1º Médio B,6,0.53,0.77,0.75,0.76,0.714,0.7455,0.201,0.1997,0.0,1.0,0.5716,2,Aprovado
Arthur Pinto,Matemática,1º Médio B,6,0.82,0.71,0.6,0.78,0.7255,0.7455,-0.069,0.167,0.0,1.0,0.5405,2,Aprovado
Arthur Pinto,Português,1º Médio B,6,0.75,0.61,0.67,0.74,0.692,0.7455,0.009,0.1135,0.0,1.0,0.5976,2,Aprovado
Arthur Pinto,Química,1º Médio B,6,0.62,0.57,0.86,0.65,0.6765,0.7455,0.114,0.2211,0.0,1.0,0.5405,2,Aprovado
Arthur Pinto,Sociologia,1º Médio B,6,0.89,0.85,0.75,,0.8257,0.7455,-0.14,0.1178,0.0,1.0,0.6432,2,Aprovado
Beatriz Campos,Arte,1º Médio B,6,0.85,0.78,0.95,0.77,0.8335,0.8262,-0.021,0.1438,0.0,1.0,0.7026,2,Aprovado
Beatriz Campos,Biologia,1º Médio B,6,0.86,0.91,0.7,0.86,0.8325,0.8262,-0.063,0.1584,0.0,1.0,0.584,2,Aprovado
Beatriz Campos,Educação Física,1º Médio B,6,0.99,1.0,0.9,1.0,0.973,0.8262,-0.021,0.0841,0.0,1.0,0.7513,2,Aprovado
Beatriz Campos,Filosofia,1º Médio B,6,0.87,0.79,0.91,0.8,0.839,0.8262,-0.027,0.0994,0.0,1.0,0.6471,2,Aprovado
Beatriz Campos,Física,1º Médio B,6,0.75,0.62,0.69,0.76,0.7055,0.8262,0.03,0.1118,0.0,1.0,0.5052,2,Aprovado
Beatriz Campos,Geografia,1º Médio B,6,0.87,0.79,0.87,0.73,0.808,0.8262,-0.102,0.1179,0.0,1.0,0.6206,2,Aprovado
Beatriz Campos,História,1º Médio B,6,0.77,0.88,0.94,,0.87,0.8262,0.17,0.1408,0.0,1.0,0.6151,2,Aprovado
Beatriz Campos,Inglês,1º Médio B,6,0.87,0.8,0.78,,0.8129,0.8262,-0.09,0.0772,0.0,1.0,0.5716,2,Aprovado
Beatriz Campos,Matemática,1º Médio B,6,0.68,0.62,0.87,0.85,0.7635,0.8262,0.228,0.2147,0.0,1.0,0.5405,2,Aprovado
Beatriz Campos,Português,1º Médio B,6,0.77,0.82,0.86,0.85,0.829,0.8262,0.084,0.07,0.0,1.0,0.5976,2,Aprovado
Beatriz Campos,Química,1º Médio B,6,0.86,0.71,0.75,,0.7671,0.8262,-0.11,0.1268,0.0,1.0,0.5405,2,Aprovado
Beatriz Campos,Sociologia,1º Médio B,6,0.89,1.0,0.85,0.8,0.8805,0.8262,-0.126,0.1473,0.0,1.0,0.6432,2,Aprovado
Bruna Ribeiro,Arte,1º Médio B,6,0.29,0.43,0.39,0.43,0.392,0.2742,0.114,0.1145,0.0,0.0,0.7026,0,Reprovado
Bruna Ribeiro,Biologia,1º Médio B,6,0.24,0.28,0.19,0.33,0.2645,0.2742,0.054,0.103,0.0,0.0,0.584,0,Reprovado
Bruna Ribeiro,Educação Física,1º Médio B,6,0.45,0.45,0.44,0.42,0.4385,0.2742,-0.03,0.0245,0.0,0.0,0.7513,0,Reprovado
Bruna Ribeiro,Filosofia,1º Médio B,6,0.24,0.26,0.32,,0.2757,0.2742,0.08,0.068,0.0,0.0,0.6471,0,Reprovado
Bruna Ribeiro,Física,1º Médio B,6,0.17,0.18,0.15,0.24,0.1885,0.2742,0.054,0.0671,0.0,0.0,0.5052,0,Reprovado
Bruna Ribeiro,Geografia,1º Médio B,6,0.43,0.19,0.25,0.43,0.325,0.2742,0.018,0.2142,0.0,0.0,0.6206,0,Reprovado
Bruna Ribeiro,História,1º Médio B,6,0.38,0.26,0.22,0.31,0.289,0.2742,-0.075,0.1195,0.0,0.0,0.6151,0,Reprovado
Bruna Ribeiro,Inglês,1º Médio B,6,0.08,0.34,0.19,0.26,0.2265,0.2742,0.117,0.191,0.0,0.0,0.5716,0,Reprovado
Bruna Ribeiro,Matemática,1º Médio B,6,0.11,0.1,0.01,0.04,0.0615,0.2742,-0.09,0.0831,0.0,0.0,0.5405,0,Reprovado
Bruna Ribeiro,Português,1º Médio B,6,0.28,0.31,0.36,0.23,0.2925,0.2742,-0.03,0.0943,0.0,0.0,0.5976,0,Reprovado
Bruna Ribeiro,Química,1º Médio B,6,0.31,0.29,0.3,0.33,0.3085,0.2742,0.021,0.0296,0.0,0.0,0.5405,0,Reprovado
Bruna Ribeiro,Sociologia,1º Médio B,6,0.26,0.25,0.25,0.17,0.228,0.2742,-0.081,0.0726,0.0,0.0,0.6432,0,Reprovado
Diego Andrade,Arte,1º Médio B,6,0.84,0.98,0.91,1.0,0.9405,0.8793,0.123,0.126,0.0,1.0,0.7026,2,Aprovado
Diego Andrade,Biologia,1º Médio B,6,0.9,0.91,0.78,0.79,0.8395,0.8793,-0.138,0.1204,0.0,1.0,0.584,2,Aprovado
Diego Andrade,Educação Física,1º Médio B,6,1.0,0.97,0.9,0.99,0.9645,0.8793,-0.03,0.0781,0.0,1.0,0.7513,2,Aprovado
Diego Andrade,Filosofia,1º Médio B,6,0.95,1.0,0.98,,0.9786,0.8793,0.03,0.0411,0.0,1.0,0.6471,2,Aprovado
Diego Andrade,Física,1º Médio B,6,0.83,0.78,0.74,0.59,0.723,0.8793,-0.228,0.1792,0.0,1.0,0.5052,2,Aprovado
Diego Andrade,Geografia,1º Médio B,6,1.0,0.83,0.82,0.98,0.9065,0.8793,-0.021,0.1658,0.0,1.0,0.6206,2,Aprovado
Diego Andrade,História,1º Médio B,6,0.68,0.82,0.89,,0.805,0.8793,0.21,0.1746,0.0,1.0,0.6151,2,Aprovado
Diego Andrade,Inglês,1º Médio B,6,0.76,1.0,0.86,0.79,0.854,0.8793,-0.015,0.1851,0.0,1.0,0.5716,2,Aprovado
Diego Andrade,Matemática,1º Médio B,6,0.93,0.93,0.86,,0.905,0.8793,-0.07,0.066,0.0,1.0,0.5405,2,Aprovado
Diego Andrade,Português,1º Médio B,6,0.87,0.9,0.9,0.98,0.918,0.8793,0.099,0.0817,0.0,1.0,0.5976,2,Aprovado
Diego Andrade,Química,1º Médio B,6,0.73,0.67,0.85,,0.7514,0.8793,0.12,0.1497,0.0,1.0,0.5405,2,Aprovado
Diego Andrade,Sociologia,1º Médio B,6,1.0,0.93,0.93,1.0,0.965,0.8793,0.0,0.07,0.0,1.0,0.6432,2,Aprovado
Elena Rodrigues,Arte,1º Médio B,6,0.7,0.65,0.6,,0.6464,0.5738,-0.1,0.0816,0.0,0.25,0.7026,2,Aprovado
Elena Rodrigues,Biologia,1º Médio B,6,0.62,0.58,0.62,0.58,0.598,0.5738,-0.024,0.04,0.0,0.25,0.584,1,Recuperação
Elena Rodrigues,Educação Física,1º Médio B,6,0.58,0.64,0.78,,0.6729,0.5738,0.2,0.1676,0.0,0.25,0.7513,2,Aprovado
Elena Rodrigues,Filosofia,1º Médio B,6,0.5,0.59,0.65,,0.5857,0.5738,0.15,0.1233,0.0,0.25,0.6471,1,Recuperação
Elena Rodrigues,Física,1º Médio B,6,0.43,0.46,0.44,,0.4443,0.5738,0.01,0.0249,0.0,0.25,0.5052,0,Reprovado
Elena Rodrigues,Geografia,1º Médio B,6,0.5,0.59,0.59,0.64,0.587,0.5738,0.126,0.101,0.0,0.25,0.6206,1,Recuperação
Elena Rodrigues,História,1º Médio B,6,0.53,0.7,0.77,,0.6764,0.5738,0.24,0.2015,0.0,0.25,0.6151,2,Aprovado
Elena Rodrigues,Inglês,1º Médio B,6,0.47,0.57,0.42,,0.4879,0.5738,-0.05,0.1247,0.0,0.25,0.5716,0,Reprovado
Elena Rodrigues,Matemática,1º Médio B,6,0.42,0.68,0.43,0.61,0.5445,0.5738,0.096,0.2256,0.0,0.25,0.5405,1,Recuperação
Elena Rodrigues,Português,1º Médio B,6,0.69,0.58,0.54,,0.5971,0.5738,-0.15,0.1268,0.0,0.25,0.5976,1,Recuperação
Elena Rodrigues,Química,1º Médio B,6,0.6,0.46,0.42,,0.4857,0.5738,-0.18,0.1543,0.0,0.25,0.5405,0,Reprovado
Elena Rodrigues,Sociologia,1º Médio B,6,0.57,0.51,0.66,0.51,0.5595,0.5738,-0.009,0.1228,0.0,0.25,0.6432,1,Recuperação
Felipe Lopes,Arte,1º Médio B,6,0.65,0.62,0.76,0.73,0.694,0.5745,0.114,0.114,0.0,0.3333,0.7026,2,Aprovado
Felipe Lopes,Biologia,1º Médio B,6,0.45,0.47,0.53,0.59,0.517,0.5745,0.144,0.1095,0.0,0.3333,0.584,1,Recuperação
Felipe Lopes,Educação Física,1º Médio B,6,0.8,0.76,0.68,,0.7429,0.5745,-0.12,0.0998,0.0,0.3333,0.7513,2,Aprovado
Felipe Lopes,Filosofia,1º Médio B,6,0.66,0.76,0.45,0.76,0.6625,0.5745,-0.003,0.2531,0.0,0.3333,0.6471,2,Aprovado
Felipe Lopes,Física,1º Médio B,6,0.41,0.5,0.42,0.46,0.45,0.5745,0.021,0.0712,0.0,0.3333,0.5052,0,Reprovado
Felipe Lopes,Geografia,1º Médio B,6,0.56,0.58,0.45,0.6,0.5495,0.5745,-0.003,0.1161,0.0,0.3333,0.6206,1,Recuperação
Felipe Lopes,História,1º Médio B,6,0.57,0.42,0.43,0.46,0.4645,0.5745,-0.096,0.1192,0.0,0.3333,0.6151,0,Reprovado
Felipe Lopes,Inglês,1º Médio B,6,0.61,0.56,0.47,0.61,0.5625,0.5745,-0.027,0.1143,0.0,0.3333,0.5716,1,Recuperação
Felipe Lopes,Matemática,1º Médio B,6,0.59,0.53,0.55,,0.5543,0.5745,-0.04,0.0499,0.0,0.3333,0.5405,1,Recuperação
Felipe Lopes,Português,1º Médio B,6,0.51,0.71,0.54,,0.5921,0.5745,0.03,0.1761,0.0,0.3333,0.5976,1,Recuperação
Felipe Lopes,Química,1º Médio B,6,0.37,0.53,0.53,0.43,0.468,0.5745,0.054,0.1367,0.0,0.3333,0.5405,0,Reprovado
Felipe Lopes,Sociologia,1º Médio B,6,0.64,0.56,0.71,,0.6364,0.5745,0.07,0.1226,0.0,0.3333,0.6432,2,Aprovado
Giovanna Borges,Arte,1º Médio B,6,0.69,0.77,0.61,0.63,0.672,0.6469,-0.102,0.1245,0.0,0.75,0.7026,2,Aprovado
Giovanna Borges,Biologia,1º Médio B,6,0.74,0.72,0.62,0.58,0.657,0.6469,-0.174,0.1338,0.0,0.75,0.584,2,Aprovado
Giovanna Borges,Educação Física,1º Médio B,6,0.79,0.85,0.85,,0.8329,0.6469,0.06,0.0566,0.0,0.75,0.7513,2,Aprovado
Giovanna Borges,Filosofia,1º Médio B,6,0.65,0.65,0.73,0.68,0.679,0.6469,0.051,0.0654,0.0,0.75,0.6471,2,Aprovado
Giovanna Borges,Física,1º Médio B,6,0.54,0.55,0.54,0.5,0.5305,0.6469,-0.039,0.0384,0.0,0.75,0.5052,1,Recuperação
Giovanna Borges,Geografia,1º Médio B,6,0.56,0.75,0.58,0.67,0.6455,0.6469,0.048,0.1517,0.0,0.75,0.6206,2,Aprovado
Giovanna Borges,História,1º Médio B,6,0.77,0.74,0.56,0.63,0.668,0.6469,-0.18,0.1688,0.0,0.75,0.6151,2,Aprovado
Giovanna Borges,Inglês,1º Médio B,6,0.67,0.48,0.62,0.54,0.571,0.6469,-0.075,0.1459,0.0,0.75,0.5716,1,Recuperação
Giovanna Borges,Matemática,1º Médio B,6,0.5,0.69,0.58,0.5,0.5675,0.6469,-0.033,0.1558,0.0,0.75,0.5405,1,Recuperação
Giovanna Borges,Português,1º Médio B,6,0.68,0.55,0.65,,0.6229,0.6469,-0.03,0.1112,0.0,0.75,0.5976,2,Aprovado
Giovanna Borges,Química,1º Médio B,6,0.75,0.48,0.63,0.63,0.6165,0.6469,-0.063,0.1915,0.0,0.75,0.5405,2,Aprovado
Giovanna Borges,Sociologia,1º Médio B,6,0.78,0.63,0.72,0.69,0.7005,0.6469,-0.054,0.1082,0.0,0.75,0.6432,2,Aprovado
Guilherme Tavares,Arte,1º Médio B,6,0.77,0.66,0.54,,0.6486,0.5256,-0.23,0.1879,0.0,0.3333,0.7026,2,Aprovado
Guilherme Tavares,Biologia,1º Médio B,6,0.41,0.59,0.5,0.42,0.4805,0.5256,-0.018,0.1449,0.0,0.3333,0.584,0,Reprovado
Guilherme Tavares,Educação Física,1º Médio B,6,0.43,0.7,0.62,0.65,0.611,0.5256,0.174,0.2045,0.0,0.3333,0.7513,2,Aprovado
Guilherme Tavares,Filosofia,1º Médio B,6,0.57,0.49,0.48,0.65,0.5515,0.5256,0.069,0.1374,0.0,0.3333,0.6471,1,Recuperação
Guilherme Tavares,Física,1º Médio B,6,0.43,0.48,0.35,0.46,0.4315,0.5256,-0.012,0.099,0.0,0.3333,0.5052,0,Reprovado
Guilherme Tavares,Geografia,1º Médio B,6,0.6,0.36,0.61,,0.5179,0.5256,0.01,0.2311,0.0,0.3333,0.6206,1,Recuperação
Guilherme Tavares,História,1º Médio B,6,0.74,0.66,0.53,,0.6364,0.5256,-0.21,0.1731,0.0,0.3333,0.6151,2,Aprovado
Guilherme Tavares,Inglês,1º Médio B,6,0.49,0.43,0.54,0.45,0.4755,0.5256,-0.003,0.0841,0.0,0.3333,0.5716,0,Reprovado
Guilherme Tavares,Matemática,1º Médio B,6,0.36,0.41,0.51,0.39,0.419,0.5256,0.057,0.1126,0.0,0.3333,0.5405,0,Reprovado
Guilherme Tavares,Português,1º Médio B,6,0.28,0.64,0.43,,0.4621,0.5256,0.15,0.2953,0.0,0.3333,0.5976,0,Reprovado
Guilherme Tavares,Química,1º Médio B,6,0.51,0.46,0.35,0.43,0.4335,0.5256,-0.105,0.1161,0.0,0.3333,0.5405,0,Reprovado
Guilherme Tavares,Sociologia,1º Médio B,6,0.58,0.6,0.74,0.63,0.64,0.5256,0.087,0.1236,0.0,0.3333,0.6432,2,Aprovado
Henrique Borges,Arte,1º Médio B,6,1.0,1.0,1.0,,1.0,0.8519,0.0,0.0,0.0,1.0,0.7026,2,Aprovado
Henrique Borges,Biologia,1º Médio B,6,0.83,0.85,0.8,,0.8264,0.8519,-0.03,0.0411,0.0,1.0,0.584,2,Aprovado
Henrique Borges,Educação Física,1º Médio B,6,1.0,0.97,0.99,0.93,0.969,0.8519,-0.057,0.0536,0.0,1.0,0.7513,2,Aprovado
Henrique Borges,Filosofia,1º Médio B,6,0.73,0.86,0.94,1.0,0.896,0.8519,0.267,0.2022,0.0,1.0,0.6471,2,Aprovado
Henrique Borges,Física,1º Médio B,6,0.69,0.67,0.82,,0.7293,0.8519,0.13,0.133,0.0,1.0,0.5052,2,Aprovado
Henrique Borges,Geografia,1º Médio B,6,0.85,0.95,0.97,0.85,0.905,0.8519,0.006,0.1109,0.0,1.0,0.6206,2,Aprovado
Henrique Borges,História,1º Médio B,6,1.0,0.77,0.84,,0.8607,0.8519,-0.16,0.1925,0.0,1.0,0.6151,2,Aprovado
Henrique Borges,Inglês,1º Médio B,6,0.64,0.7,0.74,0.84,0.74,0.8519,0.192,0.1456,0.0,1.0,0.5716,2,Aprovado
Henrique Borges,Matemática,1º Médio B,6,0.9,0.96,0.75,0.66,0.8055,0.8519,-0.279,0.2376,0.0,1.0,0.5405,2,Aprovado
Henrique Borges,Português,1º Médio B,6,0.53,0.98,0.94,,0.8371,0.8519,0.41,0.4067,0.0,1.0,0.5976,2,Aprovado
Henrique Borges,Química,1º Médio B,6,0.74,0.7,0.85,0.94,0.8175,0.8519,0.225,0.1883,0.0,1.0,0.5405,2,Aprovado
Henrique Borges,Sociologia,1º Médio B,6,0.84,0.78,0.89,,0.8364,0.8519,0.05,0.0899,0.0,1.0,0.6432,2,Aprovado
Henrique Lopes,Arte,1º Médio B,6,0.28,0.29,0.49,0.6,0.431,0.2468,0.348,0.2715,0.0,0.0,0.7026,0,Reprovado
Henrique Lopes,Biologia,1º Médio B,6,0.27,0.11,0.2,0.06,0.1495,0.2468,-0.162,0.1619,0.0,0.0,0.584,0,Reprovado
Henrique Lopes,Educação Física,1º Médio B,6,0.42,0.41,0.46,0.38,0.4155,0.2468,-0.021,0.0572,0.0,0.0,0.7513,0,Reprovado
Henrique Lopes,Filosofia,1º Médio B,6,0.2,0.29,0.36,,0.2893,0.2468,0.16,0.131,0.0,0.0,0.6471,0,Reprovado
Henrique Lopes,Física,1º Médio B,6,0.13,0.18,0.03,0.24,0.1505,0.2468,0.054,0.1539,0.0,0.0,0.5052,0,Reprovado
Henrique Lopes,Geografia,1º Médio B,6,0.02,0.28,0.3,0.12,0.185,0.2468,0.096,0.2315,0.0,0.0,0.6206,0,Reprovado
Henrique Lopes,História,1º Médio B,6,0.31,0.3,0.25,0.22,0.2655,0.2468,-0.096,0.0735,0.0,0.0,0.6151,0,Reprovado
Henrique Lopes,Inglês,1º Médio B,6,0.03,0.29,0.2,0.3,0.2185,0.2468,0.216,0.2166,0.0,0.0,0.5716,0,Reprovado
Henrique Lopes,Matemática,1º Médio B,6,0.18,0.26,0.07,0.1,0.1485,0.2468,-0.129,0.1479,0.0,0.0,0.5405,0,Reprovado
Henrique Lopes,Português,1º Médio B,6,0.3,0.39,0.28,0.06,0.2455,0.2468,-0.249,0.2426,0.0,0.0,0.5976,0,Reprovado
Henrique Lopes,Química,1º Médio B,6,0.24,0.29,0.23,0.0,0.178,0.2468,-0.234,0.2241,0.0,0.0,0.5405,0,Reprovado
Henrique Lopes,Sociologia,1º Médio B,6,0.29,0.3,0.27,0.28,0.2845,0.2468,-0.018,0.0224,0.0,0.0,0.6432,0,Reprovado
Henrique Pereira,Arte,1º Médio B,6,0.56,0.76,0.47,0.72,0.6355,0.5864,0.057,0.2355,0.0,0.5,0.7026,2,Aprovado
Henrique Pereira,Biologia,1º Médio B,6,0.49,0.62,0.64,0.66,0.611,0.5864,0.159,0.1329,0.0,0.5,0.584,2,Aprovado
Henrique Pereira,Educação Física,1º Médio B,6,0.83,0.77,0.73,0.81,0.784,0.5864,-0.03,0.0768,0.0,0.5,0.7513,2,Aprovado
Henrique Pereira,Filosofia,1º Médio B,6,0.68,0.62,0.7,0.68,0.67,0.5864,0.024,0.06,0.0,0.5,0.6471,2,Aprovado
Henrique Pereira,Física,1º Médio B,6,0.4,0.47,0.41,,0.4286,0.5864,0.01,0.0618,0.0,0.5,0.5052,0,Reprovado
Henrique Pereira,Geografia,1º Médio B,6,0.57,0.64,0.59,0.52,0.5775,0.5864,-0.06,0.086,0.0,0.5,0.6206,1,Recuperação
Henrique Pereira,História,1º Médio B,6,0.62,0.64,0.6,,0.62,0.5864,-0.02,0.0327,0.0,0.5,0.6151,2,Aprovado
Henrique Pereira,Inglês,1º Médio B,6,0.57,0.59,0.5,0.54,0.5485,0.5864,-0.054,0.0678,0.0,0.5,0.5716,1,Recuperação
Henrique Pereira,Matemática,1º Médio B,6,0.5,0.56,0.5,0.34,0.467,0.5864,-0.162,0.1634,0.0,0.5,0.5405,0,Reprovado
Henrique Pereira,Português,1º Médio B,6,0.65,0.56,0.67,0.51,0.5905,0.5864,-0.093,0.1307,0.0,0.5,0.5976,1,Recuperação
Henrique Pereira,Química,1º Médio B,6,0.53,0.49,0.47,,0.4943,0.5864,-0.06,0.0499,0.0,0.5,0.5405,0,Reprovado
Henrique Pereira,Sociologia,1º Médio B,6,0.67,0.67,0.54,0.58,0.6105,0.5864,-0.12,0.1136,0.0,0.5,0.6432,2,Aprovado
Isabela Rodrigues,Arte,1º Médio B,6,0.58,0.73,0.49,0.71,0.634,0.5398,0.045,0.1962,0.0,0.25,0.7026,2,Aprovado
Isabela Rodrigues,Biologia,1º Médio B,6,0.65,0.45,0.72,0.69,0.6295,0.5398,0.117,0.2109,0.0,0.25,0.584,2,Aprovado
Isabela Rodrigues,Educação Física,1º Médio B,6,0.73,0.72,0.74,0.36,0.619,0.5398,-0.327,0.3207,0.0,0.25,0.7513,2,Aprovado
Isabela Rodrigues,Filosofia,1º Médio B,6,0.64,0.49,0.46,0.65,0.5605,0.5398,0.0,0.1715,0.0,0.25,0.6471,1,Recuperação
Isabela Rodrigues,Física,1º Médio B,6,0.44,0.43,0.36,,0.4079,0.5398,-0.08,0.0712,0.0,0.25,0.5052,0,Reprovado
Isabela Rodrigues,Geografia,1º Médio B,6,0.63,0.59,0.6,0.48,0.5675,0.5398,-0.132,0.1136,0.0,0.25,0.6206,1,Recuperação
Isabela Rodrigues,História,1º Médio B,6,0.68,0.6,0.51,,0.5907,0.5398,-0.17,0.1389,0.0,0.25,0.6151,1,Recuperação
Isabela Rodrigues,Inglês,1º Médio B,6,0.49,0.46,0.48,0.47,0.474,0.5398,-0.012,0.0224,0.0,0.25,0.5716,0,Reprovado
Isabela Rodrigues,Matemática,1º Médio B,6,0.53,0.45,0.38,0.55,0.4785,0.5398,-0.003,0.1352,0.0,0.25,0.5405,0,Reprovado
Isabela Rodrigues,Português,1º Médio B,6,0.52,0.4,0.5,,0.47,0.5398,-0.02,0.105,0.0,0.25,0.5976,0,Reprovado
Isabela Rodrigues,Química,1º Médio B,6,0.67,0.46,0.33,0.46,0.4695,0.5398,-0.228,0.2437,0.0,0.25,0.5405,0,Reprovado
Isabela Rodrigues,Sociologia,1º Médio B,6,0.68,0.5,0.64,0.52,0.577,0.5398,-0.102,0.1533,0.0,0.25,0.6432,1,Recuperação
João Cardoso,Arte,1º Médio B,6,0.92,0.8,1.0,1.0,0.934,0.8064,0.132,0.1637,0.0,1.0,0.7026,2,Aprovado
João Cardoso,Biologia,1º Médio B,6,0.8,0.72,0.77,,0.7607,0.8064,-0.03,0.066,0.0,1.0,0.584,2,Aprovado
João Cardoso,Educação Física,1º Médio B,6,1.0,0.86,1.0,0.96,0.953,0.8064,0.006,0.1145,0.0,1.0,0.7513,2,Aprovado
João Cardoso,Filosofia,1º Médio B,6,0.81,0.87,0.97,0.94,0.904,0.8064,0.147,0.1244,0.0,1.0,0.6471,2,Aprovado
João Cardoso,Física,1º Médio B,6,0.76,0.75,0.71,0.77,0.748,0.8064,-0.003,0.0456,0.0,1.0,0.5052,2,Aprovado
João Cardoso,Geografia,1º Médio B,6,0.96,0.89,0.86,0.86,0.8875,0.8064,-0.099,0.0817,0.0,1.0,0.6206,2,Aprovado
João Cardoso,História,1º Médio B,6,0.64,0.74,0.83,0.6,0.7005,0.8064,-0.009,0.1791,0.0,1.0,0.6151,2,Aprovado
João Cardoso,Inglês,1º Médio B,6,0.77,0.69,0.92,0.77,0.7875,0.8064,0.069,0.1664,0.0,1.0,0.5716,2,Aprovado
João Cardoso,Matemática,1º Médio B,6,0.81,0.6,0.87,,0.7564,0.8064,0.06,0.2315,0.0,1.0,0.5405,2,Aprovado
João Cardoso,Português,1º Médio B,6,0.88,0.76,0.8,0.66,0.764,0.8064,-0.186,0.1584,0.0,1.0,0.5976,2,Aprovado
João Cardoso,Química,1º Médio B,6,0.61,0.58,0.65,0.85,0.6845,0.8064,0.237,0.2109,0.0,1.0,0.5405,2,Aprovado
João Cardoso,Sociologia,1º Médio B,6,0.83,0.8,0.86,0.72,0.797,0.8064,-0.081,0.1043,0.0,1.0,0.6432,2,Aprovado
Juliana Mendes,Arte,1º Médio B,6,0.55,0.48,0.54,0.44,0.497,0.3608,-0.081,0.0899,0.0,0.0,0.7026,0,Reprovado
Juliana Mendes,Biologia,1º Médio B,6,0.3,0.23,0.37,,0.3,0.3608,0.07,0.1143,0.0,0.0,0.584,0,Reprovado
Juliana Mendes,Educação Física,1º Médio B,6,0.57,0.44,0.59,0.54,0.5335,0.3608,0.018,0.1153,0.0,0.0,0.7513,1,Recuperação
Juliana Mendes,Filosofia,1º Médio B,6,0.42,0.38,0.43,,0.4093,0.3608,0.01,0.0432,0.0,0.0,0.6471,0,Reprovado
Juliana Mendes,Física,1º Médio B,6,0.16,0.25,0.26,,0.2279,0.3608,0.1,0.0899,0.0,0.0,0.5052,0,Reprovado
Juliana Mendes,Geografia,1º Médio B,6,0.5,0.3,0.51,0.28,0.3865,0.3608,-0.135,0.2156,0.0,0.0,0.6206,0,Reprovado
Juliana Mendes,História,1º Médio B,6,0.36,0.38,0.4,0.43,0.396,0.3608,0.069,0.0517,0.0,0.0,0.6151,0,Reprovado
Juliana Mendes,Inglês,1º Médio B,6,0.45,0.3,0.37,0.22,0.3235,0.3608,-0.186,0.17,0.0,0.0,0.5716,0,Reprovado
Juliana Mendes,Matemática,1º Médio B,6,0.28,0.25,0.21,0.29,0.258,0.3608,-0.003,0.0622,0.0,0.0,0.5405,0,Reprovado
Juliana Mendes,Português,1º Médio B,6,0.33,0.27,0.36,0.29,0.3105,0.3608,-0.009,0.0698,0.0,0.0,0.5976,0,Reprovado
Juliana Mendes,Química,1º Médio B,6,0.18,0.31,0.3,,0.2693,0.3608,0.12,0.1181,0.0,0.0,0.5405,0,Reprovado
Juliana Mendes,Sociologia,1º Médio B,6,0.34,0.41,0.49,,0.4186,0.3608,0.15,0.1226,0.0,0.0,0.6432,0,Reprovado
Karen Pinto,Arte,1º Médio B,6,0.31,0.26,0.38,,0.3171,0.2868,0.07,0.0984,0.0,0.0,0.7026,0,Reprovado
Karen Pinto,Biologia,1º Médio B,6,0.21,0.47,0.44,,0.385,0.2868,0.23,0.2323,0.0,0.0,0.584,0,Reprovado
Karen Pinto,Educação Física,1º Médio B,6,0.5,0.47,0.33,0.61,0.483,0.2868,0.057,0.1997,0.0,0.0,0.7513,0,Reprovado
Karen Pinto,Filosofia,1º Médio B,6,0.42,0.29,0.26,0.26,0.2995,0.2868,-0.153,0.1322,0.0,0.0,0.6471,0,Reprovado
Karen Pinto,Física,1º Médio B,6,0.13,0.25,0.23,,0.2086,0.2868,0.1,0.105,0.0,0.0,0.5052,0,Reprovado
Karen Pinto,Geografia,1º Médio B,6,0.35,0.21,0.28,0.31,0.2855,0.2868,-0.015,0.1023,0.0,0.0,0.6206,0,Reprovado
Karen Pinto,História,1º Médio B,6,0.17,0.35,0.25,0.28,0.268,0.2868,0.069,0.1291,0.0,0.0,0.6151,0,Reprovado
Karen Pinto,Inglês,1º Médio B,6,0.32,0.28,0.39,0.19,0.2885,0.2868,-0.084,0.1446,0.0,0.0,0.5716,0,Reprovado
Karen Pinto,Matemática,1º Médio B,6,0.19,0.14,0.27,,0.2007,0.2868,0.08,0.1071,0.0,0.0,0.5405,0,Reprovado
Karen Pinto,Português,1º Médio B,6,0.3,0.17,0.1,,0.1821,0.2868,-0.2,0.1657,0.0,0.0,0.5976,0,Reprovado
Karen Pinto,Química,1º Médio B,6,0.29,0.2,0.15,0.07,0.1665,0.2868,-0.213,0.1596,0.0,0.0,0.5405,0,Reprovado
Karen Pinto,Sociologia,1º Médio B,6,0.33,0.35,0.31,0.42,0.357,0.2868,0.069,0.0829,0.0,0.0,0.6432,0,Reprovado
Lucas Cardoso,Arte,1º Médio B,6,0.79,0.82,0.91,0.8,0.8305,0.7689,0.036,0.0949,0.0,1.0,0.7026,2,Aprovado
Lucas Cardoso,Biologia,1º Médio B,6,0.69,0.67,0.76,,0.7079,0.7689,0.07,0.0772,0.0,1.0,0.584,2,Aprovado
Lucas Cardoso,Educação Física,1º Médio B,6,0.91,1.0,0.87,0.99,0.9465,0.7689,0.033,0.109,0.0,1.0,0.7513,2,Aprovado
Lucas Cardoso,Filosofia,1º Médio B,6,0.78,0.85,0.76,0.82,0.8045,0.7689,0.009,0.0698,0.0,1.0,0.6471,2,Aprovado
Lucas Cardoso,Física,1º Médio B,6,0.76,0.6,0.65,0.76,0.6925,0.7689,0.015,0.1396,0.0,1.0,0.5052,2,Aprovado
Lucas Cardoso,Geografia,1º Médio B,6,0.92,0.75,0.84,0.66,0.7795,0.7689,-0.207,0.1946,0.0,1.0,0.6206,2,Aprovado
Lucas Cardoso,História,1º Médio B,6,0.87,0.82,0.79,0.67,0.7775,0.7689,-0.189,0.1472,0.0,1.0,0.6151,2,Aprovado
Lucas Cardoso,Inglês,1º Médio B,6,0.8,0.86,0.62,0.86,0.788,0.7689,-0.018,0.1967,0.0,1.0,0.5716,2,Aprovado
Lucas Cardoso,Matemática,1º Médio B,6,0.8,0.71,0.71,0.57,0.686,0.7689,-0.207,0.1645,0.0,1.0,0.5405,2,Aprovado
Lucas Cardoso,Português,1º Médio B,6,0.76,0.76,0.83,,0.785,0.7689,0.07,0.066,0.0,1.0,0.5976,2,Aprovado
Lucas Cardoso,Química,1º Médio B,6,0.56,0.7,0.55,0.64,0.6165,0.7689,0.027,0.1228,0.0,1.0,0.5405,2,Aprovado
Lucas Cardoso,Sociologia,1º Médio B,6,0.94,0.7,0.85,0.79,0.8125,0.7689,-0.09,0.1749,0.0,1.0,0.6432,2,Aprovado
Lucas Pereira,Arte,1º Médio B,6,0.6,0.74,0.53,,0.625,0.5115,-0.07,0.1746,0.0,0.1667,0.7026,2,Aprovado
Lucas Pereira,Biologia,1º Médio B,6,0.47,0.52,0.36,0.49,0.461,0.5115,-0.03,0.1208,0.0,0.1667,0.584,0,Reprovado
Lucas Pereira,Educação Física,1º Médio B,6,0.7,0.66,0.72,,0.6929,0.5115,0.02,0.0499,0.0,0.1667,0.7513,2,Aprovado
Lucas Pereira,Filosofia,1º Médio B,6,0.48,0.6,0.41,0.54,0.5105,0.5115,-0.003,0.141,0.0,0.1667,0.6471,1,Recuperação
Lucas Pereira,Física,1º Médio B,6,0.4,0.32,0.49,0.34,0.3845,0.5115,-0.003,0.1322,0.0,0.1667,0.5052,0,Reprovado
Lucas Pereira,Geografia,1º Médio B,6,0.54,0.5,0.41,,0.4793,0.5115,-0.13,0.1087,0.0,0.1667,0.6206,0,Reprovado
Lucas Pereira,História,1º Médio B,6,0.63,0.5,0.6,0.5,0.551,0.5115,-0.087,0.1169,0.0,0.1667,0.6151,1,Recuperação
Lucas Pereira,Inglês,1º Médio B,6,0.29,0.59,0.39,0.4,0.423,0.5115,0.039,0.217,0.0,0.1667,0.5716,0,Reprovado
Lucas Pereira,Matemática,1º Médio B,6,0.33,0.51,0.46,,0.4407,0.5115,0.13,0.1517,0.0,0.1667,0.5405,0,Reprovado
Lucas Pereira,Português,1º Médio B,6,0.6,0.67,0.54,0.39,0.5395,0.5115,-0.228,0.2064,0.0,0.1667,0.5976,1,Recuperação
Lucas Pereira,Química,1º Médio B,6,0.61,0.48,0.58,,0.5529,0.5115,-0.03,0.1112,0.0,0.1667,0.5405,1,Recuperação
Lucas Pereira,Sociologia,1º Médio B,6,0.45,0.5,0.33,0.6,0.4775,0.5115,0.084,0.1944,0.0,0.1667,0.6432,0,Reprovado
Mariana Araújo,Arte,1º Médio B,6,0.81,0.78,0.75,,0.7779,0.7166,-0.06,0.049,0.0,0.9167,0.7026,2,Aprovado
Mariana Araújo,Biologia,1º Médio B,6,0.7,0.65,0.72,,0.6893,0.7166,0.02,0.0589,0.0,0.9167,0.584,2,Aprovado
Mariana Araújo,Educação Física,1º Médio B,6,0.72,0.87,0.81,0.92,0.84,0.7166,0.162,0.149,0.0,0.9167,0.7513,2,Aprovado
Mariana Araújo,Filosofia,1º Médio B,6,0.74,0.75,0.82,0.72,0.7565,0.7166,0.003,0.0753,0.0,0.9167,0.6471,2,Aprovado
Mariana Araújo,Física,1º Médio B,6,0.52,0.66,0.51,0.62,0.5825,0.7166,0.045,0.1284,0.0,0.9167,0.5052,1,Recuperação
Mariana Araújo,Geografia,1º Médio B,6,0.81,0.71,0.6,0.58,0.6635,0.7166,-0.24,0.1847,0.0,0.9167,0.6206,2,Aprovado
Mariana Araújo,História,1º Médio B,6,0.81,0.6,0.81,0.73,0.7335,0.7166,-0.009,0.1717,0.0,0.9167,0.6151,2,Aprovado
Mariana Araújo,Inglês,1º Médio B,6,0.81,0.68,0.77,0.67,0.7255,0.7166,-0.099,0.1186,0.0,0.9167,0.5716,2,Aprovado
Mariana Araújo,Matemática,1º Médio B,6,0.61,0.64,0.51,0.75,0.6345,0.7166,0.087,0.1711,0.0,0.9167,0.5405,2,Aprovado
Mariana Araújo,Português,1º Médio B,6,0.61,0.67,0.78,,0.6921,0.7166,0.17,0.1408,0.0,0.9167,0.5976,2,Aprovado
Mariana Araújo,Química,1º Médio B,6,0.67,0.6,0.68,,0.6486,0.7166,0.01,0.0712,0.0,0.9167,0.5405,2,Aprovado
Mariana Araújo,Sociologia,1º Médio B,6,0.87,0.92,0.78,,0.8557,0.7166,-0.09,0.1159,0.0,0.9167,0.6432,2,Aprovado
Marina Correia,Arte,1º Médio B,6,0.73,0.75,0.7,0.72,0.7245,0.6722,-0.024,0.0361,0.0,0.8333,0.7026,2,Aprovado
Marina Correia,Biologia,1º Médio B,6,0.59,0.7,0.66,,0.6543,0.6722,0.07,0.0909,0.0,0.8333,0.584,2,Aprovado
Marina Correia,Educação Física,1º Médio B,6,0.76,0.81,0.9,0.95,0.8645,0.6722,0.198,0.1487,0.0,0.8333,0.7513,2,Aprovado
Marina Correia,Filosofia,1º Médio B,6,0.64,0.8,0.76,0.67,0.719,0.6722,0.015,0.1299,0.0,0.8333,0.6471,2,Aprovado
Marina Correia,Física,1º Médio B,6,0.47,0.63,0.66,0.54,0.5785,0.6722,0.072,0.15,0.0,0.8333,0.5052,1,Recuperação
Marina Correia,Geografia,1º Médio B,6,0.95,0.61,0.73,0.69,0.732,0.6722,-0.198,0.252,0.0,0.8333,0.6206,2,Aprovado
Marina Correia,História,1º Médio B,6,0.66,0.73,0.56,0.64,0.6465,0.6722,-0.069,0.1211,0.0,0.8333,0.6151,2,Aprovado
Marina Correia,Inglês,1º Médio B,6,0.61,0.85,0.57,,0.6814,0.6722,-0.04,0.2473,0.0,0.8333,0.5716,2,Aprovado
Marina Correia,Matemática,1º Médio B,6,0.61,0.68,0.52,0.57,0.593,0.6722,-0.084,0.117,0.0,0.8333,0.5405,1,Recuperação
Marina Correia,Português,1º Médio B,6,0.67,0.58,0.86,0.55,0.659,0.6722,-0.024,0.2419,0.0,0.8333,0.5976,2,Aprovado
Marina Correia,Química,1º Médio B,6,0.68,0.53,0.67,0.55,0.601,0.6722,-0.075,0.1359,0.0,0.8333,0.5405,2,Aprovado
Marina Correia,Sociologia,1º Médio B,6,0.66,0.52,0.72,0.57,0.613,0.6722,-0.021,0.1552,0.0,0.8333,0.6432,2,Aprovado
Miguel Silva,Arte,1º Médio B,6,1.0,0.94,0.94,1.0,0.97,0.8787,0.0,0.06,0.0,1.0,0.7026,2,Aprovado
Miguel Silva,Biologia,1º Médio B,6,0.84,0.84,0.79,,0.8221,0.8787,-0.05,0.0471,0.0,1.0,0.584,2,Aprovado
Miguel Silva,Educação Física,1º Médio B,6,1.0,1.0,1.0,0.9,0.97,0.8787,-0.09,0.0866,0.0,1.0,0.7513,2,Aprovado
Miguel Silva,Filosofia,1º Médio B,6,0.87,0.61,1.0,0.98,0.8705,0.8787,0.216,0.3106,0.0,1.0,0.6471,2,Aprovado
Miguel Silva,Física,1º Médio B,6,0.83,0.84,0.93,,0.8693,0.8787,0.1,0.0899,0.0,1.0,0.5052,2,Aprovado
Miguel Silva,Geografia,1º Médio B,6,0.85,0.95,1.0,0.79,0.8945,0.8787,-0.039,0.1645,0.0,1.0,0.6206,2,Aprovado
Miguel Silva,História,1º Médio B,6,0.73,0.97,0.85,0.68,0.805,0.8787,-0.081,0.2247,0.0,1.0,0.6151,2,Aprovado
Miguel Silva,Inglês,1º Médio B,6,0.89,0.8,0.82,,0.8329,0.8787,-0.07,0.0772,0.0,1.0,0.5716,2,Aprovado
Miguel Silva,Matemática,1º Médio B,6,0.89,0.9,0.83,0.91,0.8835,0.8787,-0.003,0.0622,0.0,1.0,0.5405,2,Aprovado
Miguel Silva,Português,1º Médio B,6,0.88,0.77,0.83,0.95,0.861,0.8787,0.081,0.1322,0.0,1.0,0.5976,2,Aprovado
Miguel Silva,Química,1º Médio B,6,0.79,0.88,0.74,0.84,0.815,0.8787,0.003,0.1052,0.0,1.0,0.5405,2,Aprovado
Miguel Silva,Sociologia,1º Médio B,6,0.89,0.99,0.96,,0.9507,0.8787,0.07,0.0838,0.0,1.0,0.6432,2,Aprovado
Natalia Carvalho,Arte,1º Médio B,6,0.79,0.89,0.84,,0.8436,0.6859,0.05,0.0816,0.0,0.75,0.7026,2,Aprovado
Natalia Carvalho,Biologia,1º Médio B,6,0.61,0.8,0.76,0.64,0.704,0.6859,0.015,0.159,0.0,0.75,0.584,2,Aprovado
Natalia Carvalho,Educação Física,1º Médio B,6,0.83,0.77,0.9,0.71,0.7965,0.6859,-0.069,0.141,0.0,0.75,0.7513,2,Aprovado
Natalia Carvalho,Filosofia,1º Médio B,6,0.67,0.8,0.79,0.65,0.7265,0.6859,-0.021,0.1359,0.0,0.75,0.6471,2,Aprovado
Natalia Carvalho,Física,1º Médio B,6,0.66,0.53,0.32,0.46,0.4825,0.6859,-0.243,0.2455,0.0,0.75,0.5052,0,Reprovado
Natalia Carvalho,Geografia,1º Médio B,6,0.7,0.77,0.83,0.65,0.735,0.6859,-0.027,0.1367,0.0,0.75,0.6206,2,Aprovado
Natalia Carvalho,História,1º Médio B,6,0.7,0.67,0.63,,0.6643,0.6859,-0.07,0.0573,0.0,0.75,0.6151,2,Aprovado
Natalia Carvalho,Inglês,1º Médio B,6,0.76,0.5,0.77,0.66,0.6675,0.6859,-0.009,0.217,0.0,0.75,0.5716,2,Aprovado
Natalia Carvalho,Matemática,1º Médio B,6,0.57,0.62,0.57,0.58,0.5855,0.6859,-0.006,0.0412,0.0,0.75,0.5405,1,Recuperação
Natalia Carvalho,Português,1º Médio B,6,0.66,0.63,0.83,,0.71,0.6859,0.17,0.1761,0.0,0.75,0.5976,2,Aprovado
Natalia Carvalho,Química,1º Médio B,6,0.71,0.64,0.53,0.51,0.5875,0.6859,-0.213,0.1633,0.0,0.75,0.5405,1,Recuperação
Natalia Carvalho,Sociologia,1º Médio B,6,0.83,0.83,0.7,0.6,0.7285,0.6859,-0.246,0.1934,0.0,0.75,0.6432,2,Aprovado
Paula Almeida,Arte,1º Médio B,6,0.64,0.78,0.75,0.84,0.7625,0.6267,0.171,0.1452,0.0,0.5833,0.7026,2,Aprovado
Paula Almeida,Biologia,1º Médio B,6,0.52,0.63,0.57,0.56,0.572,0.6267,0.018,0.0787,0.0,0.5833,0.584,1,Recuperação
Paula Almeida,Educação Física,1º Médio B,6,0.8,0.84,0.74,0.74,0.777,0.6267,-0.084,0.0849,0.0,0.5833,0.7513,2,Aprovado
Paula Almeida,Filosofia,1º Médio B,6,0.66,0.55,0.69,,0.6314,0.6267,0.03,0.1204,0.0,0.5833,0.6471,2,Aprovado
Paula Almeida,Física,1º Médio B,6,0.58,0.73,0.53,0.53,0.59,0.6267,-0.105,0.1639,0.0,0.5833,0.5052,1,Recuperação
Paula Almeida,Geografia,1º Médio B,6,0.71,0.7,0.51,0.65,0.6395,0.6267,-0.111,0.1596,0.0,0.5833,0.6206,2,Aprovado
Paula Almeida,História,1º Médio B,6,0.56,0.6,0.5,,0.5529,0.6267,-0.06,0.0822,0.0,0.5833,0.6151,1,Recuperação
Paula Almeida,Inglês,1º Médio B,6,0.46,0.56,0.59,0.63,0.5685,0.6267,0.162,0.1257,0.0,0.5833,0.5716,1,Recuperação
Paula Almeida,Matemática,1º Médio B,6,0.47,0.55,0.47,0.55,0.514,0.6267,0.048,0.08,0.0,0.5833,0.5405,1,Recuperação
Paula Almeida,Português,1º Médio B,6,0.86,0.63,0.61,,0.6886,0.6267,-0.25,0.2269,0.0,0.5833,0.5976,2,Aprovado
Paula Almeida,Química,1º Médio B,6,0.62,0.51,0.67,0.65,0.614,0.6267,0.075,0.1236,0.0,0.5833,0.5405,2,Aprovado
Paula Almeida,Sociologia,1º Médio B,6,0.62,0.52,0.67,0.63,0.6105,0.6267,0.054,0.1105,0.0,0.5833,0.6432,2,Aprovado
Paulo Araújo,Arte,1º Médio B,6,1.0,1.0,0.92,0.85,0.935,0.896,-0.159,0.1252,0.0,1.0,0.7026,2,Aprovado
Paulo Araújo,Biologia,1º Médio B,6,0.92,0.94,0.88,,0.9129,0.896,-0.04,0.0499,0.0,1.0,0.584,2,Aprovado
Paulo Araújo,Educação Física,1º Médio B,6,1.0,1.0,0.95,1.0,0.9875,0.896,-0.015,0.0433,0.0,1.0,0.7513,2,Aprovado
Paulo Araújo,Filosofia,1º Médio B,6,1.0,1.0,0.92,,0.9714,0.896,-0.08,0.0754,0.0,1.0,0.6471,2,Aprovado
Paulo Araújo,Física,1º Médio B,6,0.83,0.84,1.0,0.65,0.821,0.896,-0.114,0.2478,0.0,1.0,0.5052,2,Aprovado
Paulo Araújo,Geografia,1º Médio B,6,0.8,0.76,0.96,,0.8429,0.896,0.16,0.1728,0.0,1.0,0.6206,2,Aprovado
Paulo Araújo,História,1º Médio B,6,0.89,0.97,1.0,0.94,0.9525,0.896,0.054,0.0812,0.0,1.0,0.6151,2,Aprovado
Paulo Araújo,Inglês,1º Médio B,6,0.91,0.85,0.91,0.75,0.847,0.896,-0.126,0.1308,0.0,1.0,0.5716,2,Aprovado
Paulo Araújo,Matemática,1º Médio B,6,0.75,0.89,0.91,1.0,0.9,0.896,0.231,0.1791,0.0,1.0,0.5405,2,Aprovado
Paulo Araújo,Português,1º Médio B,6,0.97,0.78,0.83,,0.8521,0.896,-0.14,0.1608,0.0,1.0,0.5976,2,Aprovado
Paulo Araújo,Química,1º Médio B,6,0.82,0.85,0.87,,0.8486,0.896,0.05,0.0411,0.0,1.0,0.5405,2,Aprovado
Paulo Araújo,Sociologia,1º Médio B,6,1.0,0.93,0.87,0.77,0.881,0.896,-0.225,0.1687,0.0,1.0,0.6432,2,Aprovado
Renato Carvalho,Arte,1º Médio B,6,0.68,0.62,0.61,0.61,0.6265,0.5361,-0.066,0.0583,0.0,0.1667,0.7026,2,Aprovado
Renato Carvalho,Biologia,1º Médio B,6,0.52,0.46,0.47,,0.4807,0.5361,-0.05,0.0525,0.0,0.1667,0.584,0,Reprovado
Renato Carvalho,Educação Física,1º Médio B,6,0.74,0.54,0.79,0.73,0.6995,0.5361,0.066,0.1903,0.0,0.1667,0.7513,2,Aprovado
Renato Carvalho,Filosofia,1º Médio B,6,0.51,0.51,0.57,0.52,0.528,0.5361,0.027,0.0497,0.0,0.1667,0.6471,1,Recuperação
Renato Carvalho,Física,1º Médio B,6,0.37,0.5,0.41,0.49,0.4485,0.5361,0.081,0.109,0.0,0.1667,0.5052,0,Reprovado
Renato Carvalho,Geografia,1º Médio B,6,0.52,0.59,0.32,0.66,0.5295,0.5361,0.045,0.2539,0.0,0.1667,0.6206,1,Recuperação
Renato Carvalho,História,1º Médio B,6,0.61,0.59,0.6,,0.5993,0.5361,-0.01,0.0163,0.0,0.1667,0.6151,1,Recuperação
Renato Carvalho,Inglês,1º Médio B,6,0.54,0.49,0.42,0.45,0.4705,0.5361,-0.102,0.09,0.0,0.1667,0.5716,0,Reprovado
Renato Carvalho,Matemática,1º Médio B,6,0.66,0.45,0.31,0.57,0.493,0.5361,-0.123,0.2628,0.0,0.1667,0.5405,0,Reprovado
Renato Carvalho,Português,1º Médio B,6,0.6,0.44,0.49,0.64,0.5445,0.5361,0.051,0.1615,0.0,0.1667,0.5976,1,Recuperação
Renato Carvalho,Química,1º Médio B,6,0.6,0.47,0.36,0.41,0.4505,0.5361,-0.204,0.1794,0.0,0.1667,0.5405,0,Reprovado
Renato Carvalho,Sociologia,1º Médio B,6,0.57,0.54,0.58,,0.5629,0.5361,0.01,0.034,0.0,0.1667,0.6432,1,Recuperação
Tatiane Cunha,Arte,1º Médio B,6,1.0,1.0,0.99,1.0,0.9975,0.8947,-0.003,0.0087,0.0,1.0,0.7026,2,Aprovado
Tatiane Cunha,Biologia,1º Médio B,6,0.82,1.0,0.73,0.75,0.8215,0.8947,-0.144,0.2128,0.0,1.0,0.584,2,Aprovado
Tatiane Cunha,Educação Física,1º Médio B,6,1.0,0.98,1.0,,0.9929,0.8947,0.0,0.0189,0.0,1.0,0.7513,2,Aprovado
Tatiane Cunha,Filosofia,1º Médio B,6,0.83,1.0,1.0,0.93,0.945,0.8947,0.09,0.1393,0.0,1.0,0.6471,2,Aprovado
Tatiane Cunha,Física,1º Médio B,6,0.74,0.77,0.77,,0.7614,0.8947,0.03,0.0283,0.0,1.0,0.5052,2,Aprovado
Tatiane Cunha,Geografia,1º Médio B,6,1.0,0.81,0.86,0.87,0.8785,0.8947,-0.102,0.1404,0.0,1.0,0.6206,2,Aprovado
Tatiane Cunha,História,1º Médio B,6,0.74,0.94,0.92,,0.8757,0.8947,0.18,0.1799,0.0,1.0,0.6151,2,Aprovado
Tatiane Cunha,Inglês,1º Médio B,6,0.96,0.86,0.97,1.0,0.9495,0.8947,0.069,0.1052,0.0,1.0,0.5716,2,Aprovado
Tatiane Cunha,Matemática,1º Médio B,6,0.68,0.88,0.81,0.84,0.8105,0.8947,0.123,0.1499,0.0,1.0,0.5405,2,Aprovado
Tatiane Cunha,Português,1º Médio B,6,1.0,0.86,0.95,0.88,0.9165,0.8947,-0.081,0.1117,0.0,1.0,0.5976,2,Aprovado
Tatiane Cunha,Química,1º Médio B,6,0.74,0.86,0.83,0.9,0.8405,0.8947,0.135,0.1178,0.0,1.0,0.5405,2,Aprovado
Tatiane Cunha,Sociologia,1º Médio B,6,0.88,0.93,1.0,0.96,0.9465,0.8947,0.093,0.0876,0.0,1.0,0.6432,2,Aprovado
Thaís Cardoso,Arte,1º Médio B,6,0.31,0.38,0.24,0.42,0.343,0.2381,0.057,0.1374,0.0,0.0,0.7026,0,Reprovado
Thaís Cardoso,Biologia,1º Médio B,6,0.26,0.09,0.05,0.15,0.132,0.2381,-0.111,0.1584,0.0,0.0,0.584,0,Reprovado
Thaís Cardoso,Educação Física,1º Médio B,6,0.42,0.44,0.3,0.42,0.395,0.2381,-0.042,0.1109,0.0,0.0,0.7513,0,Reprovado
Thaís Cardoso,Filosofia,1º Médio B,6,0.15,0.22,0.39,0.31,0.2755,0.2381,0.195,0.1813,0.0,0.0,0.6471,0,Reprovado
Thaís Cardoso,Física,1º Médio B,6,0.2,0.2,0.09,0.16,0.1605,0.2381,-0.069,0.0899,0.0,0.0,0.5052,0,Reprovado
Thaís Cardoso,Geografia,1º Médio B,6,0.44,0.32,0.23,0.22,0.2915,0.2381,-0.225,0.1768,0.0,0.0,0.6206,0,Reprovado
Thaís Cardoso,História,1º Médio B,6,0.4,0.26,0.31,0.26,0.3005,0.2381,-0.111,0.1143,0.0,0.0,0.6151,0,Reprovado
Thaís Cardoso,Inglês,1º Médio B,6,0.11,0.21,0.2,,0.1779,0.2381,0.09,0.0899,0.0,0.0,0.5716,0,Reprovado
Thaís Cardoso,Matemática,1º Médio B,6,0.14,0.23,0.09,0.13,0.147,0.2381,-0.051,0.1023,0.0,0.0,0.5405,0,Reprovado
Thaís Cardoso,Português,1º Médio B,6,0.08,0.37,0.17,,0.2157,0.2381,0.09,0.2424,0.0,0.0,0.5976,0,Reprovado
Thaís Cardoso,Química,1º Médio B,6,0.14,0.11,0.16,0.21,0.1585,0.2381,0.078,0.0728,0.0,0.0,0.5405,0,Reprovado
Thaís Cardoso,Sociologia,1º Médio B,6,0.3,0.2,0.29,,0.2607,0.2381,-0.01,0.0899,0.0,0.0,0.6432,0,Reprovado
Victor Cardoso,Arte,1º Médio B,6,0.53,0.49,0.6,0.49,0.5255,0.4321,-0.003,0.0899,0.0,0.0833,0.7026,1,Recuperação
Victor Cardoso,Biologia,1º Médio B,6,0.2,0.43,0.47,0.46,0.403,0.4321,0.246,0.2214,0.0,0.0833,0.584,0,Reprovado
Victor Cardoso,Educação Física,1º Médio B,6,0.68,0.53,0.61,0.64,0.613,0.4321,-0.012,0.11,0.0,0.0833,0.7513,2,Aprovado
Victor Cardoso,Filosofia,1º Médio B,6,0.57,0.4,0.44,0.47,0.465,0.4321,-0.078,0.1257,0.0,0.0833,0.6471,0,Reprovado
Victor Cardoso,Física,1º Médio B,6,0.28,0.4,0.29,0.27,0.3095,0.4321,-0.042,0.1049,0.0,0.0833,0.5052,0,Reprovado
Victor Cardoso,Geografia,1º Médio B,6,0.37,0.44,0.46,0.47,0.44,0.4321,0.096,0.0781,0.0,0.0833,0.6206,0,Reprovado
Victor Cardoso,História,1º Médio B,6,0.44,0.43,0.6,0.42,0.4715,0.4321,0.033,0.1479,0.0,0.0833,0.6151,0,Reprovado
Victor Cardoso,Inglês,1º Médio B,6,0.35,0.46,0.32,0.3,0.355,0.4321,-0.087,0.1236,0.0,0.0833,0.5716,0,Reprovado
Victor Cardoso,Matemática,1º Médio B,6,0.42,0.36,0.44,0.32,0.38,0.4321,-0.066,0.0954,0.0,0.0833,0.5405,0,Reprovado
Victor Cardoso,Português,1º Médio B,6,0.5,0.47,0.41,,0.4571,0.4321,-0.09,0.0748,0.0,0.0833,0.5976,0,Reprovado
Victor Cardoso,Química,1º Médio B,6,0.3,0.34,0.4,0.34,0.347,0.4321,0.054,0.0714,0.0,0.0833,0.5405,0,Reprovado
Victor Cardoso,Sociologia,1º Médio B,6,0.29,0.4,0.56,0.4,0.418,0.4321,0.147,0.1925,0.0,0.0833,0.6432,0,Reprovado
Arthur Pereira,Arte,2º Médio A,6,0.69,0.63,0.71,,0.6757,0.5823,0.02,0.068,0.0,0.4167,0.678,2,Aprovado
Arthur Pereira,Biologia,2º Médio A,6,0.72,0.6,0.53,0.78,0.6605,0.5823,0.033,0.1962,0.0,0.4167,0.581,2,Aprovado
Arthur Pereira,Educação Física,2º Médio A,6,0.67,0.76,0.67,0.76,0.7195,0.5823,0.054,0.09,0.0,0.4167,0.7382,2,Aprovado
Arthur Pereira,Filosofia,2º Médio A,6,0.6,0.51,0.53,0.77,0.611,0.5823,0.159,0.2046,0.0,0.4167,0.6294,2,Aprovado
Arthur Pereira,Física,2º Médio A,6,0.63,0.49,0.39,0.53,0.505,0.5823,-0.12,0.172,0.0,0.4167,0.5057,1,Recuperação
Arthur Pereira,Geografia,2º Médio A,6,0.61,0.64,0.53,0.57,0.5855,0.5823,-0.069,0.0829,0.0,0.4167,0.6019,1,Recuperação
Arthur Pereira,História,2º Médio A,6,0.54,0.52,0.65,0.6,0.5805,0.5823,0.093,0.1023,0.0,0.4167,0.6146,1,Recuperação
Arthur Pereira,Inglês,2º Médio A,6,0.5,0.48,0.54,0.53,0.514,0.5823,0.045,0.0477,0.0,0.4167,0.5515,1,Recuperação
Arthur Pereira,Matemática,2º Médio A,6,0.49,0.49,0.33,0.47,0.444,0.5823,-0.066,0.1338,0.0,0.4167,0.5144,0,Reprovado
Arthur Pereira,Português,2º Médio A,6,0.67,0.64,0.58,0.67,0.64,0.5823,-0.018,0.0735,0.0,0.4167,0.5934,2,Aprovado
Arthur Pereira,Química,2º Médio A,6,0.47,0.46,0.55,0.41,0.4695,0.5823,-0.027,0.1004,0.0,0.4167,0.524,0,Reprovado
Arthur Pereira,Sociologia,2º Médio A,6,0.64,0.6,0.52,,0.5829,0.5823,-0.12,0.0998,0.0,0.4167,0.6366,1,Recuperação
Camila Almeida,Arte,2º Médio A,6,0.2,0.35,0.29,0.38,0.314,0.2837,0.144,0.1375,0.0,0.0,0.678,0,Reprovado
Camila Almeida,Biologia,2º Médio A,6,0.3,0.26,0.29,0.35,0.3025,0.2837,0.054,0.0648,0.0,0.0,0.581,0,Reprovado
Camila Almeida,Educação Física,2º Médio A,6,0.41,0.58,0.36,,0.4529,0.2837,-0.05,0.1883,0.0,0.0,0.7382,0,Reprovado
Camila Almeida,Filosofia,2º Médio A,6,0.36,0.29,0.15,0.43,0.311,0.2837,0.021,0.2071,0.0,0.0,0.6294,0,Reprovado
Camila Almeida,Física,2º Médio A,6,0.19,0.09,0.23,,0.1686,0.2837,0.04,0.1178,0.0,0.0,0.5057,0,Reprovado
Camila Almeida,Geografia,2º Médio A,6,0.22,0.25,0.3,0.37,0.2925,0.2837,0.15,0.1136,0.0,0.0,0.6019,0,Reprovado
Camila Almeida,História,2º Médio A,6,0.3,0.26,0.32,,0.2929,0.2837,0.02,0.0499,0.0,0.0,0.6146,0,Reprovado
Camila Almeida,Inglês,2º Médio A,6,0.37,0.23,0.18,0.35,0.2815,0.2837,-0.033,0.1596,0.0,0.0,0.5515,0,Reprovado
Camila Almeida,Matemática,2º Médio A,6,0.25,0.28,0.23,0.23,0.2465,0.2837,-0.033,0.0409,0.0,0.0,0.5144,0,Reprovado
Camila Almeida,Português,2º Médio A,6,0.25,0.26,0.4,0.07,0.236,0.2837,-0.12,0.2343,0.0,0.0,0.5934,0,Reprovado
Camila Almeida,Química,2º Médio A,6,0.14,0.34,0.21,,0.2364,0.2837,0.07,0.1657,0.0,0.0,0.524,0,Reprovado
Camila Almeida,Sociologia,2º Médio A,6,0.23,0.23,0.33,0.28,0.27,0.2837,0.075,0.0829,0.0,0.0,0.6366,0,Reprovado
Daniela Marques,Arte,2º Médio A,6,0.84,0.75,0.69,0.7,0.738,0.6573,-0.144,0.1187,0.0,0.8333,0.678,2,Aprovado
Daniela Marques,Biologia,2º Médio A,6,0.63,0.8,0.69,0.57,0.6695,0.6573,-0.087,0.1699,0.0,0.8333,0.581,2,Aprovado
Daniela Marques,Educação Física,2º Médio A,6,0.78,0.76,0.71,,0.7479,0.6573,-0.07,0.0589,0.0,0.8333,0.7382,2,Aprovado
Daniela Marques,Filosofia,2º Médio A,6,0.57,0.72,0.7,0.7,0.679,0.6573,0.111,0.1195,0.0,0.8333,0.6294,2,Aprovado
Daniela Marques,Física,2º Médio A,6,0.69,0.77,0.62,0.47,0.6265,0.6573,-0.243,0.2206,0.0,0.8333,0.5057,2,Aprovado
Daniela Marques,Geografia,2º Médio A,6,0.52,0.63,0.73,0.77,0.675,0.6573,0.255,0.1936,0.0,0.8333,0.6019,2,Aprovado
Daniela Marques,História,2º Médio A,6,0.75,0.77,0.56,0.66,0.6805,0.6573,-0.144,0.1664,0.0,0.8333,0.6146,2,Aprovado
Daniela Marques,Inglês,2º Médio A,6,0.72,0.57,0.63,,0.6343,0.6573,-0.09,0.1233,0.0,0.8333,0.5515,2,Aprovado
Daniela Marques,Matemática,2º Médio A,6,0.6,0.54,0.74,0.38,0.554,0.6573,-0.138,0.2583,0.0,0.8333,0.5144,1,Recuperação
Daniela Marques,Português,2º Médio A,6,0.53,0.57,0.54,0.55,0.5485,0.6573,0.009,0.0296,0.0,0.8333,0.5934,1,Recuperação
Daniela Marques,Química,2º Médio A,6,0.66,0.57,0.65,0.65,0.632,0.6573,0.015,0.0726,0.0,0.8333,0.524,2,Aprovado
Daniela Marques,Sociologia,2º Médio A,6,0.64,0.56,0.72,0.85,0.703,0.6573,0.237,0.2142,0.0,0.8333,0.6366,2,Aprovado
Davi Araújo,Arte,2º Médio A,6,0.68,0.79,0.61,0.6,0.666,0.6336,-0.126,0.1517,0.0,0.6667,0.678,2,Aprovado
Davi Araújo,Biologia,2º Médio A,6,0.57,0.59,0.56,,0.5736,0.6336,-0.01,0.0249,0.0,0.6667,0.581,1,Recuperação
Davi Araújo,Educação Física,2º Médio A,6,0.63,0.69,0.71,0.74,0.698,0.6336,0.105,0.0805,0.0,0.6667,0.7382,2,Aprovado
Davi Araújo,Filosofia,2º Médio A,6,0.72,0.9,0.5,0.82,0.74,0.6336,-0.03,0.2998,0.0,0.6667,0.6294,2,Aprovado
Davi Araújo,Física,2º Médio A,6,0.43,0.72,0.57,,0.5836,0.6336,0.14,0.2368,0.0,0.6667,0.5057,1,Recuperação
Davi Araújo,Geografia,2º Médio A,6,0.55,0.7,0.69,0.67,0.6585,0.6336,0.105,0.1203,0.0,0.6667,0.6019,2,Aprovado
Davi Araújo,História,2º Médio A,6,0.65,0.58,0.66,0.64,0.632,0.6336,0.015,0.0622,0.0,0.6667,0.6146,2,Aprovado
Davi Araújo,Inglês,2º Médio A,6,0.57,0.65,0.68,,0.6379,0.6336,0.11,0.0929,0.0,0.6667,0.5515,2,Aprovado
Davi Araújo,Matemática,2º Médio A,6,0.64,0.7,0.64,0.57,0.634,0.6336,-0.081,0.0921,0.0,0.6667,0.5144,2,Aprovado
Davi Araújo,Português,2º Médio A,6,0.52,0.6,0.63,0.58,0.5855,0.6336,0.063,0.0805,0.0,0.6667,0.5934,1,Recuperação
Davi Araújo,Química,2º Médio A,6,0.6,0.56,0.59,0.61,0.5905,0.6336,0.018,0.0374,0.0,0.6667,0.524,1,Recuperação
Davi Araújo,Sociologia,2º Médio A,6,0.7,0.5,0.63,,0.6036,0.6336,-0.07,0.1657,0.0,0.6667,0.6366,2,Aprovado
Diego Ferreira,Arte,2º Médio A,6,0.82,0.76,0.81,0.71,0.7695,0.6925,-0.084,0.0877,0.0,1.0,0.678,2,Aprovado
Diego Ferreira,Biologia,2º Médio A,6,0.52,0.62,0.63,0.62,0.6025,0.6925,0.093,0.0899,0.0,1.0,0.581,2,Aprovado
Diego Ferreira,Educação Física,2º Médio A,6,0.9,1.0,0.89,0.85,0.9075,0.6925,-0.078,0.1105,0.0,1.0,0.7382,2,Aprovado
Diego Ferreira,Filosofia,2º Médio A,6,0.6,0.75,0.67,0.64,0.667,0.6925,0.012,0.11,0.0,1.0,0.6294,2,Aprovado
Diego Ferreira,Física,2º Médio A,6,0.62,0.57,0.63,,0.6057,0.6925,0.01,0.0525,0.0,1.0,0.5057,2,Aprovado
Diego Ferreira,Geografia,2º Médio A,6,0.79,0.56,0.83,0.79,0.7425,0.6925,0.081,0.2132,0.0,1.0,0.6019,2,Aprovado
Diego Ferreira,História,2º Médio A,6,0.73,0.7,0.71,0.73,0.7175,0.6925,0.003,0.026,0.0,1.0,0.6146,2,Aprovado
Diego Ferreira,Inglês,2º Médio A,6,0.65,0.78,0.7,0.65,0.695,0.6925,-0.024,0.1063,0.0,1.0,0.5515,2,Aprovado
Diego Ferreira,Matemática,2º Médio A,6,0.64,0.54,0.72,,0.6329,0.6925,0.08,0.1473,0.0,1.0,0.5144,2,Aprovado
Diego Ferreira,Português,2º Médio A,6,0.71,0.68,0.78,0.57,0.678,0.6925,-0.096,0.1513,0.0,1.0,0.5934,2,Aprovado
Diego Ferreira,Química,2º Médio A,6,0.65,0.68,0.56,0.58,0.614,0.6925,-0.099,0.0984,0.0,1.0,0.524,2,Aprovado
Diego Ferreira,Sociologia,2º Médio A,6,0.76,0.66,0.69,0.63,0.6785,0.6925,-0.108,0.0964,0.0,1.0,0.6366,2,Aprovado
Eduardo Rodrigues,Arte,2º Médio A,6,0.85,0.85,0.97,,0.8929,0.7957,0.12,0.1131,0.0,1.0,0.678,2,Aprovado
Eduardo Rodrigues,Biologia,2º Médio A,6,0.82,0.9,0.96,0.81,0.872,0.7957,0.009,0.1228,0.0,1.0,0.581,2,Aprovado
Eduardo Rodrigues,Educação Física,2º Médio A,6,1.0,0.91,1.0,,0.9679,0.7957,0.0,0.0849,0.0,1.0,0.7382,2,Aprovado
Eduardo Rodrigues,Filosofia,2º Médio A,6,0.92,0.89,0.77,0.9,0.869,0.7957,-0.054,0.1175,0.0,1.0,0.6294,2,Aprovado
Eduardo Rodrigues,Física,2º Médio A,6,0.66,0.61,0.71,0.63,0.651,0.7957,0.003,0.0753,0.0,1.0,0.5057,2,Aprovado
Eduardo Rodrigues,Geografia,2º Médio A,6,0.83,0.73,0.58,0.68,0.6975,0.7957,-0.18,0.1803,0.0,1.0,0.6019,2,Aprovado
Eduardo Rodrigues,História,2º Médio A,6,0.85,0.77,0.77,0.75,0.78,0.7957,-0.09,0.0768,0.0,1.0,0.6146,2,Aprovado
Eduardo Rodrigues,Inglês,2º Médio A,6,0.76,0.8,0.73,,0.7636,0.7957,-0.03,0.0573,0.0,1.0,0.5515,2,Aprovado
Eduardo Rodrigues,Matemática,2º Médio A,6,0.63,0.84,0.59,0.68,0.6875,0.7957,-0.03,0.19,0.0,1.0,0.5144,2,Aprovado
Eduardo Rodrigues,Português,2º Médio A,6,0.72,0.82,0.84,0.8,0.799,0.7957,0.078,0.0911,0.0,1.0,0.5934,2,Aprovado
Eduardo Rodrigues,Química,2º Médio A,6,0.71,0.75,0.69,0.75,0.727,0.7957,0.018,0.052,0.0,1.0,0.524,2,Aprovado
Eduardo Rodrigues,Sociologia,2º Médio A,6,0.83,0.9,0.79,,0.8407,0.7957,-0.04,0.0909,0.0,1.0,0.6366,2,Aprovado
Felipe Cardoso,Arte,2º Médio A,6,0.85,0.87,0.88,0.77,0.8385,0.7166,-0.069,0.0865,0.0,0.8333,0.678,2,Aprovado
Felipe Cardoso,Biologia,2º Médio A,6,0.73,0.73,0.73,0.66,0.709,0.7166,-0.063,0.0606,0.0,0.8333,0.581,2,Aprovado
Felipe Cardoso,Educação Física,2º Médio A,6,0.89,0.86,0.79,0.95,0.8755,0.7166,0.033,0.1152,0.0,0.8333,0.7382,2,Aprovado
Felipe Cardoso,Filosofia,2º Médio A,6,0.53,0.65,0.89,0.76,0.719,0.7166,0.279,0.2662,0.0,0.8333,0.6294,2,Aprovado
Felipe Cardoso,Física,2º Médio A,6,0.56,0.62,0.44,0.66,0.575,0.7166,0.036,0.1661,0.0,0.8333,0.5057,1,Recuperação
Felipe Cardoso,Geografia,2º Médio A,6,0.72,0.79,0.87,0.79,0.796,0.7166,0.087,0.1062,0.0,0.8333,0.6019,2,Aprovado
Felipe Cardoso,História,2º Médio A,6,0.66,0.85,0.7,0.87,0.7805,0.7166,0.144,0.1828,0.0,0.8333,0.6146,2,Aprovado
Felipe Cardoso,Inglês,2º Médio A,6,0.65,0.66,0.66,,0.6571,0.7166,0.01,0.0094,0.0,0.8333,0.5515,2,Aprovado
Felipe Cardoso,Matemática,2º Médio A,6,0.58,0.73,0.58,0.59,0.6205,0.7166,-0.036,0.1273,0.0,0.8333,0.5144,2,Aprovado
Felipe Cardoso,Português,2º Médio A,6,0.69,0.64,0.61,0.69,0.6575,0.7166,-0.009,0.0684,0.0,0.8333,0.5934,2,Aprovado
Felipe Cardoso,Química,2º Médio A,6,0.62,0.63,0.66,0.49,0.5935,0.7166,-0.108,0.1304,0.0,0.8333,0.524,1,Recuperação
Felipe Cardoso,Sociologia,2º Médio A,6,0.78,0.67,0.96,0.71,0.7765,0.7166,0.024,0.2223,0.0,0.8333,0.6366,2,Aprovado
Fernanda Campos,Arte,2º Médio A,6,0.36,0.21,0.29,0.36,0.305,0.236,0.024,0.1237,0.0,0.0,0.678,0,Reprovado
Fernanda Campos,Biologia,2º Médio A,6,0.29,0.39,0.22,0.12,0.2465,0.236,-0.204,0.1972,0.0,0.0,0.581,0,Reprovado
Fernanda Campos,Educação Física,2º Médio A,6,0.51,0.34,0.41,0.44,0.4215,0.236,-0.042,0.1221,0.0,0.0,0.7382,0,Reprovado
Fernanda Campos,Filosofia,2º Médio A,6,0.3,0.26,0.34,0.0,0.21,0.236,-0.246,0.2659,0.0,0.0,0.6294,0,Reprovado
Fernanda Campos,Física,2º Médio A,6,0.08,0.19,0.29,,0.1943,0.236,0.21,0.1715,0.0,0.0,0.5057,0,Reprovado
Fernanda Campos,Geografia,2º Médio A,6,0.25,0.25,0.14,0.27,0.2285,0.236,-0.015,0.1023,0.0,0.0,0.6019,0,Reprovado
Fernanda Campos,História,2º Médio A,6,0.24,0.22,0.27,,0.2436,0.236,0.03,0.0411,0.0,0.0,0.6146,0,Reprovado
Fernanda Campos,Inglês,2º Médio A,6,0.11,0.09,0.3,0.06,0.1375,0.236,0.018,0.1881,0.0,0.0,0.5515,0,Reprovado
Fernanda Campos,Matemática,2º Médio A,6,0.07,0.11,0.04,,0.0736,0.236,-0.03,0.0573,0.0,0.0,0.5144,0,Reprovado
Fernanda Campos,Português,2º Médio A,6,0.06,0.16,0.37,0.29,0.2315,0.236,0.27,0.2379,0.0,0.0,0.5934,0,Reprovado
Fernanda Campos,Química,2º Médio A,6,0.12,0.25,0.25,0.23,0.218,0.236,0.099,0.1081,0.0,0.0,0.524,0,Reprovado
Fernanda Campos,Sociologia,2º Médio A,6,0.39,0.29,0.3,,0.3221,0.236,-0.09,0.0899,0.0,0.0,0.6366,0,Reprovado
Flavia Nascimento,Arte,2º Médio A,6,0.72,0.93,0.7,,0.7879,0.5845,-0.02,0.2081,0.0,0.25,0.678,2,Aprovado
Flavia Nascimento,Biologia,2º Médio A,6,0.52,0.48,0.64,0.55,0.549,0.5845,0.075,0.1178,0.0,0.25,0.581,1,Recuperação
Flavia Nascimento,Educação Física,2º Médio A,6,0.77,0.68,0.67,,0.7021,0.5845,-0.1,0.0899,0.0,0.25,0.7382,2,Aprovado
Flavia Nascimento,Filosofia,2º Médio A,6,0.61,0.61,0.51,0.63,0.591,0.5845,-0.012,0.0938,0.0,0.25,0.6294,1,Recuperação
Flavia Nascimento,Física,2º Médio A,6,0.49,0.64,0.5,,0.5471,0.5845,0.01,0.137,0.0,0.25,0.5057,1,Recuperação
Flavia Nascimento,Geografia,2º Médio A,6,0.63,0.46,0.47,0.54,0.5205,0.5845,-0.078,0.136,0.0,0.25,0.6019,1,Recuperação
Flavia Nascimento,História,2º Médio A,6,0.68,0.49,0.56,,0.5693,0.5845,-0.12,0.1569,0.0,0.25,0.6146,1,Recuperação
Flavia Nascimento,Inglês,2º Médio A,6,0.49,0.55,0.57,,0.54,0.5845,0.08,0.068,0.0,0.25,0.5515,1,Recuperação
Flavia Nascimento,Matemática,2º Médio A,6,0.47,0.54,0.41,0.39,0.4485,0.5845,-0.111,0.1169,0.0,0.25,0.5144,0,Reprovado
Flavia Nascimento,Português,2º Médio A,6,0.61,0.5,0.6,,0.5671,0.5845,-0.01,0.0993,0.0,0.25,0.5934,1,Recuperação
Flavia Nascimento,Química,2º Médio A,6,0.61,0.48,0.63,,0.5707,0.5845,0.02,0.133,0.0,0.25,0.524,1,Recuperação
Flavia Nascimento,Sociologia,2º Médio A,6,0.59,0.57,0.66,0.65,0.6205,0.5845,0.081,0.0766,0.0,0.25,0.6366,2,Aprovado
Giovanna Gomes,Arte,2º Médio A,6,0.88,1.0,0.89,,0.9264,0.8443,0.01,0.1087,0.0,1.0,0.678,2,Aprovado
Giovanna Gomes,Biologia,2º Médio A,6,0.89,0.76,0.84,0.9,0.848,0.8443,0.033,0.1108,0.0,1.0,0.581,2,Aprovado
Giovanna Gomes,Educação Física,2º Médio A,6,1.0,1.0,0.88,0.9,0.94,0.8443,-0.126,0.1109,0.0,1.0,0.7382,2,Aprovado
Giovanna Gomes,Filosofia,2º Médio A,6,0.81,0.91,0.75,,0.8243,0.8443,-0.06,0.132,0.0,1.0,0.6294,2,Aprovado
Giovanna Gomes,Física,2º Médio A,6,0.8,0.82,0.78,,0.8,0.8443,-0.02,0.0327,0.0,1.0,0.5057,2,Aprovado
Giovanna Gomes,Geografia,2º Médio A,6,0.83,0.93,0.89,0.83,0.87,0.8443,-0.012,0.0849,0.0,1.0,0.6019,2,Aprovado
Giovanna Gomes,História,2º Médio A,6,0.86,0.82,0.9,0.97,0.893,0.8443,0.123,0.1108,0.0,1.0,0.6146,2,Aprovado
Giovanna Gomes,Inglês,2º Médio A,6,0.9,0.76,0.85,0.8,0.8225,0.8443,-0.063,0.1052,0.0,1.0,0.5515,2,Aprovado
Giovanna Gomes,Matemática,2º Médio A,6,0.65,0.83,0.87,0.85,0.81,0.8443,0.192,0.1755,0.0,1.0,0.5144,2,Aprovado
Giovanna Gomes,Português,2º Médio A,6,0.7,0.89,0.76,0.86,0.8105,0.8443,0.105,0.1526,0.0,1.0,0.5934,2,Aprovado
Giovanna Gomes,Química,2º Médio A,6,0.7,0.76,0.77,0.81,0.7655,0.8443,0.102,0.0787,0.0,1.0,0.524,2,Aprovado
Giovanna Gomes,Sociologia,2º Médio A,6,1.0,0.74,0.76,,0.8214,0.8443,-0.24,0.2363,0.0,1.0,0.6366,2,Aprovado
Gustavo Freitas,Arte,2º Médio A,6,0.67,0.66,0.85,0.58,0.6855,0.6566,-0.024,0.1975,0.0,0.75,0.678,2,Aprovado
Gustavo Freitas,Biologia,2º Médio A,6,0.81,0.63,0.52,0.53,0.6085,0.6566,-0.285,0.233,0.0,0.75,0.581,2,Aprovado
Gustavo Freitas,Educação Física,2º Médio A,6,0.91,0.69,0.92,,0.835,0.6566,0.01,0.2123,0.0,0.75,0.7382,2,Aprovado
Gustavo Freitas,Filosofia,2º Médio A,6,0.82,0.85,0.63,0.84,0.786,0.6566,-0.048,0.1803,0.0,0.75,0.6294,2,Aprovado
Gustavo Freitas,Física,2º Médio A,6,0.55,0.54,0.62,0.48,0.544,0.6566,-0.039,0.0994,0.0,0.75,0.5057,1,Recuperação
Gustavo Freitas,Geografia,2º Médio A,6,0.54,0.7,0.58,0.74,0.65,0.6566,0.144,0.1649,0.0,0.75,0.6019,2,Aprovado
Gustavo Freitas,História,2º Médio A,6,0.6,0.67,0.74,0.8,0.7125,0.6566,0.201,0.1499,0.0,0.75,0.6146,2,Aprovado
Gustavo Freitas,Inglês,2º Médio A,6,0.38,0.52,0.57,,0.4979,0.6566,0.19,0.1608,0.0,0.75,0.5515,0,Reprovado
Gustavo Freitas,Matemática,2º Médio A,6,0.46,0.66,0.47,0.76,0.6025,0.6566,0.213,0.2551,0.0,0.75,0.5144,2,Aprovado
Gustavo Freitas,Português,2º Médio A,6,0.57,0.66,0.57,0.56,0.5895,0.6566,-0.036,0.0812,0.0,0.75,0.5934,1,Recuperação
Gustavo Freitas,Química,2º Médio A,6,0.47,0.68,0.6,0.65,0.609,0.6566,0.138,0.1606,0.0,0.75,0.524,2,Aprovado
Gustavo Freitas,Sociologia,2º Médio A,6,0.7,0.78,0.7,0.83,0.759,0.6566,0.093,0.1108,0.0,0.75,0.6366,2,Aprovado
Igor Cunha,Arte,2º Médio A,6,0.59,0.62,0.49,0.59,0.5725,0.5122,-0.039,0.0984,0.0,0.1667,0.678,1,Recuperação
Igor Cunha,Biologia,2º Médio A,6,0.39,0.48,0.46,0.33,0.412,0.5122,-0.06,0.1187,0.0,0.1667,0.581,0,Reprovado
Igor Cunha,Educação Física,2º Médio A,6,0.62,0.67,0.62,,0.6379,0.5122,0.0,0.0471,0.0,0.1667,0.7382,2,Aprovado
Igor Cunha,Filosofia,2º Médio A,6,0.38,0.62,0.51,0.72,0.5745,0.5122,0.273,0.2531,0.0,0.1667,0.6294,1,Recuperação
Igor Cunha,Física,2º Médio A,6,0.51,0.38,0.32,0.57,0.448,0.5122,0.036,0.1992,0.0,0.1667,0.5057,0,Reprovado
Igor Cunha,Geografia,2º Médio A,6,0.6,0.46,0.49,0.58,0.5315,0.5122,-0.009,0.1178,0.0,0.1667,0.6019,1,Recuperação
Igor Cunha,História,2º Médio A,6,0.35,0.51,0.49,0.54,0.482,0.5122,0.165,0.1459,0.0,0.1667,0.6146,0,Reprovado
Igor Cunha,Inglês,2º Médio A,6,0.33,0.54,0.42,,0.4371,0.5122,0.09,0.172,0.0,0.1667,0.5515,0,Reprovado
Igor Cunha,Matemática,2º Médio A,6,0.45,0.35,0.59,0.44,0.457,0.5122,0.063,0.1717,0.0,0.1667,0.5144,0,Reprovado
Igor Cunha,Português,2º Médio A,6,0.49,0.63,0.56,0.54,0.5575,0.5122,0.024,0.1005,0.0,0.1667,0.5934,1,Recuperação
Igor Cunha,Química,2º Médio A,6,0.59,0.42,0.49,0.3,0.4355,0.5122,-0.24,0.2112,0.0,0.1667,0.524,0,Reprovado
Igor Cunha,Sociologia,2º Médio A,6,0.76,0.41,0.63,0.63,0.601,0.5122,-0.051,0.2515,0.0,0.1667,0.6366,2,Aprovado
Iris Ribeiro,Arte,2º Médio A,6,0.22,0.4,0.25,0.33,0.3055,0.2779,0.054,0.1407,0.0,0.0,0.678,0,Reprovado
Iris Ribeiro,Biologia,2º Médio A,6,0.12,0.3,0.08,0.25,0.194,0.2779,0.051,0.1808,0.0,0.0,0.581,0,Reprovado
Iris Ribeiro,Educação Física,2º Médio A,6,0.39,0.5,0.59,,0.5007,0.2779,0.2,0.1636,0.0,0.0,0.7382,1,Recuperação
Iris Ribeiro,Filosofia,2º Médio A,6,0.47,0.23,0.3,0.34,0.3285,0.2779,-0.096,0.1746,0.0,0.0,0.6294,0,Reprovado
Iris Ribeiro,Física,2º Médio A,6,0.23,0.26,0.17,0.18,0.2075,0.2779,-0.072,0.0735,0.0,0.0,0.5057,0,Reprovado
Iris Ribeiro,Geografia,2º Médio A,6,0.38,0.2,0.17,0.37,0.2795,0.2779,-0.018,0.1913,0.0,0.0,0.6019,0,Reprovado
Iris Ribeiro,História,2º Médio A,6,0.29,0.09,0.23,,0.1971,0.2779,-0.06,0.1676,0.0,0.0,0.6146,0,Reprovado
Iris Ribeiro,Inglês,2º Médio A,6,0.24,0.26,0.34,0.04,0.21,0.2779,-0.156,0.2209,0.0,0.0,0.5515,0,Reprovado
Iris Ribeiro,Matemática,2º Médio A,6,0.23,0.21,0.19,0.32,0.242,0.2779,0.075,0.0994,0.0,0.0,0.5144,0,Reprovado
Iris Ribeiro,Português,2º Médio A,6,0.38,0.39,0.22,0.31,0.3215,0.2779,-0.114,0.136,0.0,0.0,0.5934,0,Reprovado
Iris Ribeiro,Química,2º Médio A,6,0.27,0.09,0.29,0.2,0.209,0.2779,-0.003,0.1564,0.0,0.0,0.524,0,Reprovado
Iris Ribeiro,Sociologia,2º Médio A,6,0.34,0.44,0.31,0.28,0.3395,0.2779,-0.093,0.1203,0.0,0.0,0.6366,0,Reprovado
Isabela Ramos,Arte,2º Médio A,6,0.83,0.79,0.86,0.94,0.8605,0.7609,0.12,0.11,0.0,1.0,0.678,2,Aprovado
Isabela Ramos,Biologia,2º Médio A,6,0.58,0.75,0.64,0.85,0.7185,0.7609,0.21,0.2071,0.0,1.0,0.581,2,Aprovado
Isabela Ramos,Educação Física,2º Médio A,6,0.99,0.84,0.85,0.86,0.8785,0.7609,-0.114,0.1221,0.0,1.0,0.7382,2,Aprovado
Isabela Ramos,Filosofia,2º Médio A,6,0.87,0.73,0.8,,0.795,0.7609,-0.07,0.1143,0.0,1.0,0.6294,2,Aprovado
Isabela Ramos,Física,2º Médio A,6,0.67,0.72,0.58,,0.6557,0.7609,-0.09,0.1159,0.0,1.0,0.5057,2,Aprovado
Isabela Ramos,Geografia,2º Médio A,6,0.7,0.8,0.77,0.75,0.7575,0.7609,0.036,0.0728,0.0,1.0,0.6019,2,Aprovado
Isabela Ramos,História,2º Médio A,6,0.97,0.77,0.84,,0.8521,0.7609,-0.13,0.1657,0.0,1.0,0.6146,2,Aprovado
Isabela Ramos,Inglês,2º Médio A,6,0.68,0.85,0.6,,0.7121,0.7609,-0.08,0.2085,0.0,1.0,0.5515,2,Aprovado
Isabela Ramos,Matemática,2º Médio A,6,0.63,0.65,0.79,,0.6943,0.7609,0.16,0.1424,0.0,1.0,0.5144,2,Aprovado
Isabela Ramos,Português,2º Médio A,6,0.77,0.76,0.75,0.76,0.7595,0.7609,-0.012,0.0141,0.0,1.0,0.5934,2,Aprovado
Isabela Ramos,Química,2º Médio A,6,0.6,0.67,0.67,,0.65,0.7609,0.07,0.066,0.0,1.0,0.524,2,Aprovado
Isabela Ramos,Sociologia,2º Médio A,6,0.8,0.81,0.78,,0.7964,0.7609,-0.02,0.0249,0.0,1.0,0.6366,2,Aprovado
Jessica Moreira,Arte,2º Médio A,6,0.85,0.82,0.75,,0.8036,0.6726,-0.1,0.0838,0.0,0.9167,0.678,2,Aprovado
Jessica Moreira,Biologia,2º Médio A,6,0.71,0.67,0.52,0.61,0.6225,0.6726,-0.135,0.1431,0.0,0.9167,0.581,2,Aprovado
Jessica Moreira,Educação Física,2º Médio A,6,0.95,0.88,0.73,0.71,0.8055,0.6726,-0.261,0.2017,0.0,0.9167,0.7382,2,Aprovado
Jessica Moreira,Filosofia,2º Médio A,6,0.67,0.66,0.79,0.67,0.6975,0.6726,0.039,0.1071,0.0,0.9167,0.6294,2,Aprovado
Jessica Moreira,Física,2º Médio A,6,0.47,0.52,0.61,0.42,0.5025,0.6726,-0.018,0.1404,0.0,0.9167,0.5057,1,Recuperação
Jessica Moreira,Geografia,2º Médio A,6,0.69,0.6,0.52,0.78,0.652,0.6726,0.057,0.1946,0.0,0.9167,0.6019,2,Aprovado
Jessica Moreira,História,2º Médio A,6,0.85,0.68,0.68,,0.7286,0.6726,-0.17,0.1603,0.0,0.9167,0.6146,2,Aprovado
Jessica Moreira,Inglês,2º Médio A,6,0.65,0.53,0.83,0.53,0.629,0.6726,-0.018,0.2456,0.0,0.9167,0.5515,2,Aprovado
Jessica Moreira,Matemática,2º Médio A,6,0.58,0.57,0.69,,0.6157,0.6726,0.11,0.1087,0.0,0.9167,0.5144,2,Aprovado
Jessica Moreira,Português,2º Médio A,6,0.75,0.65,0.61,,0.6643,0.6726,-0.14,0.1178,0.0,0.9167,0.5934,2,Aprovado
Jessica Moreira,Química,2º Médio A,6,0.62,0.59,0.69,0.66,0.642,0.6726,0.066,0.0762,0.0,0.9167,0.524,2,Aprovado
Jessica Moreira,Sociologia,2º Médio A,6,0.64,0.73,0.74,,0.7079,0.6726,0.1,0.0899,0.0,0.9167,0.6366,2,Aprovado
Karen Barbosa,Arte,2º Médio A,6,0.46,0.63,0.71,0.54,0.589,0.5365,0.096,0.1879,0.0,0.0833,0.678,1,Recuperação
Karen Barbosa,Biologia,2º Médio A,6,0.66,0.53,0.49,0.61,0.57,0.5365,-0.057,0.1329,0.0,0.0833,0.581,1,Recuperação
Karen Barbosa,Educação Física,2º Médio A,6,0.75,0.71,0.82,,0.7607,0.5365,0.07,0.0909,0.0,0.0833,0.7382,2,Aprovado
Karen Barbosa,Filosofia,2º Médio A,6,0.51,0.55,0.52,0.57,0.5405,0.5365,0.045,0.0477,0.0,0.0833,0.6294,1,Recuperação
Karen Barbosa,Física,2º Médio A,6,0.46,0.42,0.47,0.5,0.4645,0.5365,0.051,0.0572,0.0,0.0833,0.5057,0,Reprovado
Karen Barbosa,Geografia,2º Médio A,6,0.7,0.52,0.43,0.53,0.5365,0.5365,-0.18,0.1952,0.0,0.0833,0.6019,1,Recuperação
Karen Barbosa,História,2º Médio A,6,0.52,0.56,0.55,0.48,0.5255,0.5365,-0.039,0.0622,0.0,0.0833,0.6146,1,Recuperação
Karen Barbosa,Inglês,2º Médio A,6,0.54,0.43,0.36,0.54,0.4675,0.5365,-0.021,0.1532,0.0,0.0833,0.5515,0,Reprovado
Karen Barbosa,Matemática,2º Médio A,6,0.52,0.4,0.41,,0.4379,0.5365,-0.11,0.1087,0.0,0.0833,0.5144,0,Reprovado
Karen Barbosa,Português,2º Médio A,6,0.51,0.53,0.63,0.53,0.551,0.5365,0.048,0.0938,0.0,0.0833,0.5934,1,Recuperação
Karen Barbosa,Química,2º Médio A,6,0.57,0.42,0.43,,0.4664,0.5365,-0.14,0.137,0.0,0.0833,0.524,0,Reprovado
Karen Barbosa,Sociologia,2º Médio A,6,0.56,0.54,0.44,0.57,0.528,0.5365,-0.021,0.1033,0.0,0.0833,0.6366,1,Recuperação
Larissa Silva,Arte,2º Médio A,6,0.52,0.64,0.48,0.51,0.537,0.4283,-0.057,0.122,0.0,0.0,0.678,1,Recuperação
Larissa Silva,Biologia,2º Médio A,6,0.3,0.36,0.49,0.38,0.3865,0.4283,0.111,0.1374,0.0,0.0,0.581,0,Reprovado
Larissa Silva,Educação Física,2º Médio A,6,0.59,0.55,0.56,,0.565,0.4283,-0.03,0.034,0.0,0.0,0.7382,1,Recuperação
Larissa Silva,Filosofia,2º Médio A,6,0.61,0.33,0.48,,0.4636,0.4283,-0.13,0.2288,0.0,0.0,0.6294,0,Reprovado
Larissa Silva,Física,2º Médio A,6,0.43,0.4,0.26,,0.3586,0.4283,-0.17,0.1482,0.0,0.0,0.5057,0,Reprovado
Larissa Silva,Geografia,2º Médio A,6,0.52,0.42,0.33,0.32,0.3875,0.4283,-0.207,0.1615,0.0,0.0,0.6019,0,Reprovado
Larissa Silva,História,2º Médio A,6,0.43,0.5,0.5,0.5,0.486,0.4283,0.063,0.0606,0.0,0.0,0.6146,0,Reprovado
Larissa Silva,Inglês,2º Médio A,6,0.27,0.49,0.33,0.39,0.376,0.4283,0.06,0.1625,0.0,0.0,0.5515,0,Reprovado
Larissa Silva,Matemática,2º Médio A,6,0.32,0.5,0.3,0.4,0.384,0.4283,0.012,0.1575,0.0,0.0,0.5144,0,Reprovado
Larissa Silva,Português,2º Médio A,6,0.37,0.28,0.59,,0.4164,0.4283,0.22,0.2604,0.0,0.0,0.5934,0,Reprovado
Larissa Silva,Química,2º Médio A,6,0.26,0.34,0.52,0.21,0.33,0.4283,0.009,0.2355,0.0,0.0,0.524,0,Reprovado
Larissa Silva,Sociologia,2º Médio A,6,0.41,0.44,0.49,0.45,0.4495,0.4283,0.051,0.0572,0.0,0.0,0.6366,0,Reprovado
Leonardo Martins,Arte,2º Médio A,6,0.73,0.67,0.74,,0.7121,0.6422,0.01,0.0618,0.0,0.75,0.678,2,Aprovado
Leonardo Martins,Biologia,2º Médio A,6,0.6,0.61,0.65,0.59,0.612,0.6422,0.003,0.0456,0.0,0.75,0.581,2,Aprovado
Leonardo Martins,Educação Física,2º Médio A,6,0.64,0.77,0.86,0.7,0.7455,0.6422,0.081,0.1639,0.0,0.75,0.7382,2,Aprovado
Leonardo Martins,Filosofia,2º Médio A,6,0.8,0.74,0.68,,0.7357,0.6422,-0.12,0.098,0.0,0.75,0.6294,2,Aprovado
Leonardo Martins,Física,2º Médio A,6,0.54,0.44,0.5,0.52,0.499,0.6422,0.0,0.0748,0.0,0.75,0.5057,0,Reprovado
Leonardo Martins,Geografia,2º Médio A,6,0.58,0.57,0.71,0.64,0.628,0.6422,0.096,0.1118,0.0,0.75,0.6019,2,Aprovado
Leonardo Martins,História,2º Médio A,6,0.65,0.69,0.61,0.82,0.701,0.6422,0.129,0.1577,0.0,0.75,0.6146,2,Aprovado
Leonardo Martins,Inglês,2º Médio A,6,0.55,0.66,0.46,0.55,0.555,0.6422,-0.06,0.1418,0.0,0.75,0.5515,1,Recuperação
Leonardo Martins,Matemática,2º Médio A,6,0.54,0.71,0.73,0.5,0.618,0.6422,-0.03,0.2025,0.0,0.75,0.5144,2,Aprovado
Leonardo Martins,Português,2º Médio A,6,0.69,0.57,0.69,0.71,0.666,0.6422,0.054,0.1109,0.0,0.75,0.5934,2,Aprovado
Leonardo Martins,Química,2º Médio A,6,0.5,0.6,0.6,0.51,0.553,0.6422,0.009,0.0953,0.0,0.75,0.524,1,Recuperação
Leonardo Martins,Sociologia,2º Médio A,6,0.69,0.55,0.78,0.7,0.6805,0.6422,0.078,0.1655,0.0,0.75,0.6366,2,Aprovado
Mariana Santos,Arte,2º Médio A,6,1.0,0.95,0.86,1.0,0.9525,0.925,-0.027,0.1143,0.0,1.0,0.678,2,Aprovado
Mariana Santos,Biologia,2º Médio A,6,0.95,0.98,0.87,0.91,0.9255,0.925,-0.069,0.0829,0.0,1.0,0.581,2,Aprovado
Mariana Santos,Educação Física,2º Médio A,6,1.0,1.0,1.0,1.0,1.0,0.925,0.0,0.0,0.0,1.0,0.7382,2,Aprovado
Mariana Santos,Filosofia,2º Médio A,6,0.97,0.88,0.97,0.87,0.9175,0.925,-0.063,0.0953,0.0,1.0,0.6294,2,Aprovado
Mariana Santos,Física,2º Médio A,6,0.95,0.82,0.76,0.94,0.867,0.925,-0.027,0.1609,0.0,1.0,0.5057,2,Aprovado
Mariana Santos,Geografia,2º Médio A,6,0.95,1.0,1.0,0.94,0.972,0.925,-0.009,0.0555,0.0,1.0,0.6019,2,Aprovado
Mariana Santos,História,2º Médio A,6,0.93,0.97,0.89,1.0,0.951,0.925,0.039,0.0829,0.0,1.0,0.6146,2,Aprovado
Mariana Santos,Inglês,2º Médio A,6,1.0,0.98,1.0,0.81,0.938,0.925,-0.165,0.1596,0.0,1.0,0.5515,2,Aprovado
Mariana Santos,Matemática,2º Médio A,6,0.82,0.72,0.72,0.89,0.791,0.925,0.063,0.1438,0.0,1.0,0.5144,2,Aprovado
Mariana Santos,Português,2º Médio A,6,0.97,1.0,1.0,1.0,0.994,0.925,0.027,0.026,0.0,1.0,0.5934,2,Aprovado
Mariana Santos,Química,2º Médio A,6,0.86,0.88,0.8,0.82,0.838,0.925,-0.06,0.0632,0.0,1.0,0.524,2,Aprovado
Mariana Santos,Sociologia,2º Médio A,6,0.84,1.0,0.99,0.96,0.9535,0.925,0.105,0.1276,0.0,1.0,0.6366,2,Aprovado
Miguel Barbosa,Arte,2º Médio A,6,0.89,0.78,0.82,,0.8257,0.7279,-0.07,0.0909,0.0,0.9167,0.678,2,Aprovado
Miguel Barbosa,Biologia,2º Médio A,6,0.55,0.74,0.59,0.8,0.6825,0.7279,0.18,0.2064,0.0,0.9167,0.581,2,Aprovado
Miguel Barbosa,Educação Física,2º Médio A,6,0.83,0.96,0.92,0.88,0.9,0.7279,0.033,0.0963,0.0,0.9167,0.7382,2,Aprovado
Miguel Barbosa,Filosofia,2º Médio A,6,0.66,0.67,0.71,0.7,0.687,0.7279,0.048,0.0412,0.0,0.9167,0.6294,2,Aprovado
Miguel Barbosa,Física,2º Médio A,6,0.66,0.67,0.73,0.55,0.647,0.7279,-0.081,0.1299,0.0,0.9167,0.5057,2,Aprovado
Miguel Barbosa,Geografia,2º Médio A,6,0.59,0.72,0.76,0.78,0.722,0.7279,0.183,0.1479,0.0,0.9167,0.6019,2,Aprovado
Miguel Barbosa,História,2º Médio A,6,0.77,0.78,0.75,0.62,0.7225,0.7279,-0.144,0.1288,0.0,0.9167,0.6146,2,Aprovado
Miguel Barbosa,Inglês,2º Médio A,6,0.81,0.82,0.66,0.81,0.775,0.7279,-0.048,0.133,0.0,0.9167,0.5515,2,Aprovado
Miguel Barbosa,Matemática,2º Médio A,6,0.58,0.7,0.73,,0.6764,0.7279,0.15,0.1296,0.0,0.9167,0.5144,2,Aprovado
Miguel Barbosa,Português,2º Médio A,6,0.69,0.75,0.73,0.75,0.733,0.7279,0.048,0.049,0.0,0.9167,0.5934,2,Aprovado
Miguel Barbosa,Química,2º Médio A,6,0.49,0.61,0.62,0.5,0.5555,0.7279,0.012,0.1204,0.0,0.9167,0.524,1,Recuperação
Miguel Barbosa,Sociologia,2º Médio A,6,0.78,0.84,0.8,,0.8086,0.7279,0.02,0.0499,0.0,0.9167,0.6366,2,Aprovado
Nathalia Nascimento,Arte,2º Médio A,6,0.61,0.64,0.5,0.68,0.611,0.5194,0.021,0.1337,0.0,0.25,0.678,2,Aprovado
Nathalia Nascimento,Biologia,2º Médio A,6,0.55,0.46,0.48,,0.4929,0.5194,-0.07,0.0772,0.0,0.25,0.581,0,Reprovado
Nathalia Nascimento,Educação Física,2º Médio A,6,0.87,0.62,0.65,,0.7021,0.5194,-0.22,0.2229,0.0,0.25,0.7382,2,Aprovado
Nathalia Nascimento,Filosofia,2º Médio A,6,0.5,0.5,0.63,,0.5464,0.5194,0.13,0.1226,0.0,0.25,0.6294,1,Recuperação
Nathalia Nascimento,Física,2º Médio A,6,0.59,0.48,0.36,,0.4686,0.5194,-0.23,0.1879,0.0,0.25,0.5057,0,Reprovado
Nathalia Nascimento,Geografia,2º Médio A,6,0.65,0.54,0.46,0.52,0.536,0.5194,-0.141,0.1374,0.0,0.25,0.6019,1,Recuperação
Nathalia Nascimento,História,2º Médio A,6,0.48,0.6,0.59,0.55,0.5585,0.5194,0.06,0.0943,0.0,0.25,0.6146,1,Recuperação
Nathalia Nascimento,Inglês,2º Médio A,6,0.6,0.38,0.44,0.36,0.433,0.5194,-0.198,0.1884,0.0,0.25,0.5515,0,Reprovado
Nathalia Nascimento,Matemática,2º Médio A,6,0.4,0.49,0.44,0.28,0.3965,0.5194,-0.123,0.1552,0.0,0.25,0.5144,0,Reprovado
Nathalia Nascimento,Português,2º Médio A,6,0.55,0.38,0.51,0.32,0.4285,0.5194,-0.168,0.1871,0.0,0.25,0.5934,0,Reprovado
Nathalia Nascimento,Química,2º Médio A,6,0.52,0.42,0.49,0.38,0.4455,0.5194,-0.105,0.1108,0.0,0.25,0.524,0,Reprovado
Nathalia Nascimento,Sociologia,2º Médio A,6,0.82,0.56,0.59,0.54,0.6135,0.5194,-0.243,0.2251,0.0,0.25,0.6366,2,Aprovado
Nicolas Ramos,Arte,2º Médio A,6,0.82,0.76,0.93,0.75,0.8115,0.7614,-0.012,0.1432,0.0,1.0,0.678,2,Aprovado
Nicolas Ramos,Biologia,2º Médio A,6,0.68,0.85,0.78,,0.7764,0.7614,0.1,0.1395,0.0,1.0,0.581,2,Aprovado
Nicolas Ramos,Educação Física,2º Médio A,6,0.88,0.86,0.97,0.87,0.8945,0.7614,0.024,0.0877,0.0,1.0,0.7382,2,Aprovado
Nicolas Ramos,Filosofia,2º Médio A,6,0.82,0.79,0.81,0.87,0.825,0.7614,0.051,0.0589,0.0,1.0,0.6294,2,Aprovado
Nicolas Ramos,Física,2º Médio A,6,0.67,0.65,0.72,0.64,0.6685,0.7614,-0.006,0.0616,0.0,1.0,0.5057,2,Aprovado
Nicolas Ramos,Geografia,2º Médio A,6,0.62,0.83,0.69,0.93,0.783,0.7614,0.237,0.241,0.0,1.0,0.6019,2,Aprovado
Nicolas Ramos,História,2º Médio A,6,0.76,0.92,0.64,,0.7743,0.7614,-0.12,0.2294,0.0,1.0,0.6146,2,Aprovado
Nicolas Ramos,Inglês,2º Médio A,6,0.88,0.67,0.73,0.65,0.721,0.7614,-0.189,0.1802,0.0,1.0,0.5515,2,Aprovado
Nicolas Ramos,Matemática,2º Médio A,6,0.62,0.75,0.6,0.58,0.6355,0.7614,-0.081,0.1329,0.0,1.0,0.5144,2,Aprovado
Nicolas Ramos,Português,2º Médio A,6,0.73,0.82,0.7,0.7,0.736,0.7614,-0.063,0.0984,0.0,1.0,0.5934,2,Aprovado
Nicolas Ramos,Química,2º Médio A,6,0.62,0.69,0.75,,0.6914,0.7614,0.13,0.1062,0.0,1.0,0.524,2,Aprovado
Nicolas Ramos,Sociologia,2º Médio A,6,0.9,0.82,0.78,0.8,0.82,0.7614,-0.102,0.0911,0.0,1.0,0.6366,2,Aprovado
Patrick Dias,Arte,2º Médio A,6,0.45,0.61,0.48,,0.5179,0.5141,0.03,0.1389,0.0,0.1667,0.678,1,Recuperação
Patrick Dias,Biologia,2º Médio A,6,0.68,0.68,0.45,0.37,0.5295,0.5141,-0.348,0.2759,0.0,0.1667,0.581,1,Recuperação
Patrick Dias,Educação Física,2º Médio A,6,0.63,0.69,0.64,0.54,0.6205,0.5141,-0.096,0.1082,0.0,0.1667,0.7382,2,Aprovado
Patrick Dias,Filosofia,2º Médio A,6,0.35,0.45,0.41,0.65,0.48,0.5141,0.258,0.2252,0.0,0.1667,0.6294,0,Reprovado
Patrick Dias,Física,2º Médio A,6,0.36,0.39,0.46,0.43,0.4135,0.5141,0.084,0.0762,0.0,0.1667,0.5057,0,Reprovado
Patrick Dias,Geografia,2º Médio A,6,0.51,0.43,0.42,,0.4493,0.5141,-0.09,0.0806,0.0,0.1667,0.6019,0,Reprovado
Patrick Dias,História,2º Médio A,6,0.44,0.53,0.54,0.77,0.5865,0.5141,0.3,0.2437,0.0,0.1667,0.6146,1,Recuperação
Patrick Dias,Inglês,2º Médio A,6,0.63,0.54,0.42,,0.5229,0.5141,-0.21,0.172,0.0,0.1667,0.5515,1,Recuperação
Patrick Dias,Matemática,2º Médio A,6,0.49,0.44,0.48,0.43,0.457,0.5141,-0.042,0.051,0.0,0.1667,0.5144,0,Reprovado
Patrick Dias,Português,2º Médio A,6,0.61,0.61,0.5,,0.5707,0.5141,-0.11,0.1037,0.0,0.1667,0.5934,1,Recuperação
Patrick Dias,Química,2º Médio A,6,0.4,0.47,0.34,0.33,0.3815,0.5141,-0.102,0.1118,0.0,0.1667,0.524,0,Reprovado
Patrick Dias,Sociologia,2º Médio A,6,0.6,0.6,0.52,0.8,0.64,0.5141,0.156,0.2069,0.0,0.1667,0.6366,2,Aprovado
Paula Lima,Arte,2º Médio A,6,0.62,0.75,0.77,0.58,0.678,0.5636,-0.03,0.1631,0.0,0.1667,0.678,2,Aprovado
Paula Lima,Biologia,2º Médio A,6,0.62,0.63,0.6,0.53,0.5905,0.5636,-0.09,0.0781,0.0,0.1667,0.581,1,Recuperação
Paula Lima,Educação Física,2º Médio A,6,0.73,0.74,0.62,0.81,0.729,0.5636,0.036,0.136,0.0,0.1667,0.7382,2,Aprovado
Paula Lima,Filosofia,2º Médio A,6,0.64,0.57,0.59,0.54,0.58,0.5636,-0.084,0.0728,0.0,0.1667,0.6294,1,Recuperação
Paula Lima,Física,2º Médio A,6,0.43,0.42,0.53,0.41,0.4465,0.5636,0.015,0.0963,0.0,0.1667,0.5057,0,Reprovado
Paula Lima,Geografia,2º Médio A,6,0.53,0.54,0.56,,0.5443,0.5636,0.03,0.0249,0.0,0.1667,0.6019,1,Recuperação
Paula Lima,História,2º Médio A,6,0.68,0.43,0.65,,0.58,0.5636,-0.03,0.2229,0.0,0.1667,0.6146,1,Recuperação
Paula Lima,Inglês,2º Médio A,6,0.49,0.52,0.57,,0.5293,0.5636,0.08,0.066,0.0,0.1667,0.5515,1,Recuperação
Paula Lima,Matemática,2º Médio A,6,0.31,0.52,0.42,0.45,0.432,0.5636,0.096,0.1513,0.0,0.1667,0.5144,0,Reprovado
Paula Lima,Português,2º Médio A,6,0.58,0.44,0.6,,0.5371,0.5636,0.02,0.1424,0.0,0.1667,0.5934,1,Recuperação
Paula Lima,Química,2º Médio A,6,0.48,0.5,0.69,0.65,0.5885,0.5636,0.21,0.1828,0.0,0.1667,0.524,1,Recuperação
Paula Lima,Sociologia,2º Médio A,6,0.4,0.59,0.57,,0.5286,0.5636,0.17,0.1705,0.0,0.1667,0.6366,1,Recuperação
Paula Moreira,Arte,2º Médio A,6,0.63,0.52,0.6,,0.58,0.5032,-0.03,0.0929,0.0,0.0833,0.678,1,Recuperação
Paula Moreira,Biologia,2º Médio A,6,0.7,0.34,0.51,0.4,0.4725,0.5032,-0.219,0.274,0.0,0.0833,0.581,0,Reprovado
Paula Moreira,Educação Física,2º Médio A,6,0.72,0.66,0.46,0.67,0.625,0.5032,-0.105,0.1987,0.0,0.0833,0.7382,2,Aprovado
Paula Moreira,Filosofia,2º Médio A,6,0.5,0.48,0.57,0.44,0.4945,0.5032,-0.027,0.0942,0.0,0.0833,0.6294,0,Reprovado
Paula Moreira,Física,2º Médio A,6,0.39,0.43,0.48,0.4,0.4255,0.5032,0.024,0.07,0.0,0.0833,0.5057,0,Reprovado
Paula Moreira,Geografia,2º Médio A,6,0.52,0.58,0.43,,0.5093,0.5032,-0.09,0.1233,0.0,0.0833,0.6019,1,Recuperação
Paula Moreira,História,2º Médio A,6,0.51,0.44,0.53,0.63,0.5335,0.5032,0.135,0.1359,0.0,0.0833,0.6146,1,Recuperação
Paula Moreira,Inglês,2º Médio A,6,0.42,0.46,0.51,,0.4664,0.5032,0.09,0.0736,0.0,0.0833,0.5515,0,Reprovado
Paula Moreira,Matemática,2º Médio A,6,0.41,0.38,0.51,0.39,0.4215,0.5032,0.021,0.1033,0.0,0.0833,0.5144,0,Reprovado
Paula Moreira,Português,2º Médio A,6,0.57,0.58,0.49,,0.545,0.5032,-0.08,0.0806,0.0,0.0833,0.5934,1,Recuperação
Paula Moreira,Química,2º Médio A,6,0.44,0.47,0.54,0.37,0.4515,0.5032,-0.042,0.1221,0.0,0.0833,0.524,0,Reprovado
Paula Moreira,Sociologia,2º Médio A,6,0.57,0.67,0.46,0.39,0.5135,0.5032,-0.225,0.2132,0.0,0.0833,0.6366,1,Recuperação
Paulo Lopes,Arte,2º Médio A,6,0.94,0.75,0.79,0.73,0.792,0.7024,-0.177,0.1645,0.0,0.9167,0.678,2,Aprovado
Paulo Lopes,Biologia,2º Médio A,6,0.64,0.72,0.55,0.7,0.6555,0.7024,0.003,0.1322,0.0,0.9167,0.581,2,Aprovado
Paulo Lopes,Educação Física,2º Médio A,6,0.76,0.79,0.84,,0.7993,0.7024,0.08,0.066,0.0,0.9167,0.7382,2,Aprovado
Paulo Lopes,Filosofia,2º Médio A,6,0.82,0.83,0.81,,0.82,0.7024,-0.01,0.0163,0.0,0.9167,0.6294,2,Aprovado
Paulo Lopes,Física,2º Médio A,6,0.51,0.5,0.65,0.53,0.5485,0.7024,0.063,0.1203,0.0,0.9167,0.5057,1,Recuperação
Paulo Lopes,Geografia,2º Médio A,6,0.7,0.83,0.8,0.66,0.7455,0.7024,-0.045,0.1396,0.0,0.9167,0.6019,2,Aprovado
Paulo Lopes,História,2º Médio A,6,0.79,0.65,0.67,0.69,0.695,0.7024,-0.084,0.1077,0.0,0.9167,0.6146,2,Aprovado
Paulo Lopes,Inglês,2º Médio A,6,0.75,0.76,0.72,0.65,0.715,0.7024,-0.102,0.086,0.0,0.9167,0.5515,2,Aprovado
Paulo Lopes,Matemática,2º Médio A,6,0.69,0.56,0.6,,0.6114,0.7024,-0.09,0.1087,0.0,0.9167,0.5144,2,Aprovado
Paulo Lopes,Português,2º Médio A,6,0.76,0.63,0.79,0.76,0.735,0.7024,0.048,0.1237,0.0,0.9167,0.5934,2,Aprovado
Paulo Lopes,Química,2º Médio A,6,0.57,0.56,0.67,0.61,0.6045,0.7024,0.069,0.0865,0.0,0.9167,0.524,2,Aprovado
Paulo Lopes,Sociologia,2º Médio A,6,0.63,0.75,0.7,0.73,0.7075,0.7024,0.075,0.091,0.0,0.9167,0.6366,2,Aprovado
Paulo Oliveira,Arte,2º Médio A,6,0.98,0.77,0.8,,0.8407,0.6776,-0.18,0.1855,0.0,0.6667,0.678,2,Aprovado
Paulo Oliveira,Biologia,2º Médio A,6,0.61,0.7,0.74,0.72,0.698,0.6776,0.111,0.0994,0.0,0.6667,0.581,2,Aprovado
Paulo Oliveira,Educação Física,2º Médio A,6,0.83,0.82,0.81,0.69,0.7805,0.6776,-0.129,0.1135,0.0,0.6667,0.7382,2,Aprovado
Paulo Oliveira,Filosofia,2º Médio A,6,0.68,0.83,0.64,0.66,0.7015,0.6776,-0.075,0.1499,0.0,0.6667,0.6294,2,Aprovado
Paulo Oliveira,Física,2º Médio A,6,0.44,0.65,0.53,0.59,0.56,0.6776,0.099,0.1552,0.0,0.6667,0.5057,1,Recuperação
Paulo Oliveira,Geografia,2º Médio A,6,0.77,0.55,0.68,0.82,0.7075,0.6776,0.084,0.2052,0.0,0.6667,0.6019,2,Aprovado
Paulo Oliveira,História,2º Médio A,6,0.75,0.6,0.67,0.75,0.6925,0.6776,0.021,0.1252,0.0,0.6667,0.6146,2,Aprovado
Paulo Oliveira,Inglês,2º Médio A,6,0.62,0.53,0.57,0.55,0.564,0.6776,-0.051,0.0669,0.0,0.6667,0.5515,1,Recuperação
Paulo Oliveira,Matemática,2º Médio A,6,0.59,0.6,0.62,0.53,0.582,0.6776,-0.048,0.0671,0.0,0.6667,0.5144,1,Recuperação
Paulo Oliveira,Português,2º Médio A,6,0.67,0.75,0.63,,0.6843,0.6776,-0.04,0.0998,0.0,0.6667,0.5934,2,Aprovado
Paulo Oliveira,Química,2º Médio A,6,0.61,0.58,0.59,,0.5921,0.6776,-0.02,0.0249,0.0,0.6667,0.524,1,Recuperação
Paulo Oliveira,Sociologia,2º Médio A,6,0.68,0.7,0.83,0.7,0.7285,0.6776,0.057,0.1195,0.0,0.6667,0.6366,2,Aprovado
Ricardo Correia,Arte,2º Médio A,6,0.59,0.72,0.6,0.75,0.673,0.4806,0.108,0.1418,0.0,0.1667,0.678,2,Aprovado
Ricardo Correia,Biologia,2º Médio A,6,0.52,0.47,0.44,0.33,0.4305,0.4806,-0.18,0.1393,0.0,0.1667,0.581,0,Reprovado
Ricardo Correia,Educação Física,2º Médio A,6,0.55,0.64,0.61,0.84,0.6745,0.4806,0.252,0.2177,0.0,0.1667,0.7382,2,Aprovado
Ricardo Correia,Filosofia,2º Médio A,6,0.58,0.52,0.49,0.48,0.5125,0.4806,-0.099,0.0779,0.0,0.1667,0.6294,1,Recuperação
Ricardo Correia,Física,2º Médio A,6,0.54,0.52,0.32,0.4,0.438,0.4806,-0.186,0.1797,0.0,0.1667,0.5057,0,Reprovado
Ricardo Correia,Geografia,2º Médio A,6,0.5,0.55,0.46,0.41,0.4755,0.4806,-0.108,0.103,0.0,0.1667,0.6019,0,Reprovado
Ricardo Correia,História,2º Médio A,6,0.37,0.4,0.54,0.5,0.459,0.4806,0.159,0.1396,0.0,0.1667,0.6146,0,Reprovado
Ricardo Correia,Inglês,2º Médio A,6,0.4,0.38,0.46,0.45,0.425,0.4806,0.069,0.0669,0.0,0.1667,0.5515,0,Reprovado
Ricardo Correia,Matemática,2º Médio A,6,0.47,0.28,0.25,0.41,0.3495,0.4806,-0.063,0.1813,0.0,0.1667,0.5144,0,Reprovado
Ricardo Correia,Português,2º Médio A,6,0.31,0.53,0.47,,0.4457,0.4806,0.16,0.1857,0.0,0.1667,0.5934,0,Reprovado
Ricardo Correia,Química,2º Médio A,6,0.41,0.43,0.28,0.35,0.3645,0.4806,-0.099,0.1169,0.0,0.1667,0.524,0,Reprovado
Ricardo Correia,Sociologia,2º Médio A,6,0.62,0.43,0.43,0.6,0.519,0.4806,-0.018,0.1806,0.0,0.1667,0.6366,1,Recuperação
Thiago Guimarães,Arte,2º Médio A,6,0.45,0.51,0.54,,0.5036,0.4741,0.09,0.0748,0.0,0.0,0.678,1,Recuperação
Thiago Guimarães,Biologia,2º Médio A,6,0.49,0.45,0.61,,0.5186,0.4741,0.12,0.136,0.0,0.0,0.581,1,Recuperação
Thiago Guimarães,Educação Física,2º Médio A,6,0.51,0.52,0.69,0.51,0.5575,0.4741,0.051,0.1532,0.0,0.0,0.7382,1,Recuperação
Thiago Guimarães,Filosofia,2º Médio A,6,0.47,0.58,0.54,,0.5343,0.4741,0.07,0.0909,0.0,0.0,0.6294,1,Recuperação
Thiago Guimarães,Física,2º Médio A,6,0.3,0.2,0.4,,0.3,0.4741,0.1,0.1633,0.0,0.0,0.5057,0,Reprovado
Thiago Guimarães,Geografia,2º Médio A,6,0.58,0.45,0.58,0.42,0.4995,0.4741,-0.105,0.1465,0.0,0.0,0.6019,0,Reprovado
Thiago Guimarães,História,2º Médio A,6,0.46,0.45,0.4,0.41,0.4275,0.4741,-0.06,0.051,0.0,0.0,0.6146,0,Reprovado
Thiago Guimarães,Inglês,2º Médio A,6,0.47,0.51,0.45,,0.4771,0.4741,-0.02,0.0499,0.0,0.0,0.5515,0,Reprovado
Thiago Guimarães,Matemática,2º Médio A,6,0.34,0.49,0.32,0.39,0.3875,0.4741,-0.006,0.1315,0.0,0.0,0.5144,0,Reprovado
Thiago Guimarães,Português,2º Médio A,6,0.54,0.54,0.58,0.51,0.541,0.4741,-0.015,0.0497,0.0,0.0,0.5934,1,Recuperação
Thiago Guimarães,Química,2º Médio A,6,0.52,0.44,0.37,0.39,0.4235,0.4741,-0.138,0.1158,0.0,0.0,0.524,0,Reprovado
Thiago Guimarães,Sociologia,2º Médio A,6,0.43,0.55,0.69,0.41,0.519,0.4741,0.024,0.2236,0.0,0.0,0.6366,1,Recuperação
Victor Nunes,Arte,2º Médio A,6,0.63,0.62,0.55,0.52,0.5745,0.5588,-0.12,0.0927,0.0,0.4167,0.678,1,Recuperação
Victor Nunes,Biologia,2º Médio A,6,0.57,0.49,0.41,0.54,0.501,0.5588,-0.051,0.1211,0.0,0.4167,0.581,1,Recuperação
Victor Nunes,Educação Física,2º Médio A,6,0.83,0.56,0.71,0.73,0.7025,0.5588,-0.045,0.1931,0.0,0.4167,0.7382,2,Aprovado
Victor Nunes,Filosofia,2º Médio A,6,0.88,0.5,0.76,0.5,0.641,0.5588,-0.264,0.3311,0.0,0.4167,0.6294,2,Aprovado
Victor Nunes,Física,2º Médio A,6,0.47,0.35,0.48,0.5,0.4515,0.5588,0.066,0.1175,0.0,0.4167,0.5057,0,Reprovado
Victor Nunes,Geografia,2º Médio A,6,0.72,0.61,0.61,0.58,0.623,0.5588,-0.126,0.1068,0.0,0.4167,0.6019,2,Aprovado
Victor Nunes,História,2º Médio A,6,0.42,0.62,0.64,0.68,0.603,0.5588,0.24,0.201,0.0,0.4167,0.6146,2,Aprovado
Victor Nunes,Inglês,2º Médio A,6,0.34,0.47,0.41,,0.4114,0.5588,0.07,0.1062,0.0,0.4167,0.5515,0,Reprovado
Victor Nunes,Matemática,2º Médio A,6,0.44,0.43,0.48,0.58,0.4895,0.5588,0.141,0.1186,0.0,0.4167,0.5144,0,Reprovado
Victor Nunes,Português,2º Médio A,6,0.6,0.65,0.47,,0.5714,0.5588,-0.13,0.1517,0.0,0.4167,0.5934,1,Recuperação
Victor Nunes,Química,2º Médio A,6,0.49,0.55,0.48,0.39,0.4725,0.5588,-0.111,0.1143,0.0,0.4167,0.524,0,Reprovado
Victor Nunes,Sociologia,2º Médio A,6,0.6,0.67,0.75,0.63,0.664,0.5588,0.051,0.1126,0.0,0.4167,0.6366,2,Aprovado
Beatriz Dias,Arte,2º Médio B,6,0.77,0.7,0.62,,0.6914,0.6201,-0.15,0.1226,0.0,0.4167,0.7156,2,Aprovado
Beatriz Dias,Biologia,2º Médio B,6,0.37,0.53,0.64,0.59,0.5435,0.6201,0.231,0.2032,0.0,0.4167,0.609,1,Recuperação
Beatriz Dias,Educação Física,2º Médio B,6,0.87,0.82,0.88,,0.8557,0.6201,0.01,0.0525,0.0,0.4167,0.7648,2,Aprovado
Beatriz Dias,Filosofia,2º Médio B,6,0.7,0.75,0.58,,0.675,0.6201,-0.12,0.1427,0.0,0.4167,0.6562,2,Aprovado
Beatriz Dias,Física,2º Médio B,6,0.59,0.5,0.52,,0.5329,0.6201,-0.07,0.0772,0.0,0.4167,0.5392,1,Recuperação
Beatriz Dias,Geografia,2º Médio B,6,0.67,0.56,0.53,0.58,0.5805,0.6201,-0.09,0.1044,0.0,0.4167,0.6363,1,Recuperação
Beatriz Dias,História,2º Médio B,6,0.61,0.65,0.71,,0.66,0.6201,0.1,0.0822,0.0,0.4167,0.6531,2,Aprovado
Beatriz Dias,Inglês,2º Médio B,6,0.5,0.62,0.63,,0.5893,0.6201,0.13,0.1181,0.0,0.4167,0.6028,1,Recuperação
Beatriz Dias,Matemática,2º Médio B,6,0.57,0.5,0.45,0.56,0.5195,0.6201,-0.024,0.097,0.0,0.4167,0.5644,1,Recuperação
Beatriz Dias,Português,2º Médio B,6,0.48,0.66,0.56,0.6,0.581,0.6201,0.078,0.1308,0.0,0.4167,0.6367,1,Recuperação
Beatriz Dias,Química,2º Médio B,6,0.51,0.53,0.55,0.6,0.552,0.6201,0.087,0.0669,0.0,0.4167,0.5524,1,Recuperação
Beatriz Dias,Sociologia,2º Médio B,6,0.67,0.8,0.56,0.62,0.66,0.6201,-0.117,0.1768,0.0,0.4167,0.6673,2,Aprovado
Bruna Andrade,Arte,2º Médio B,6,0.5,0.46,0.41,,0.4536,0.2626,-0.09,0.0736,0.0,0.0,0.7156,0,Reprovado
Bruna Andrade,Biologia,2º Médio B,6,0.22,0.08,0.24,0.39,0.241,0.2626,0.201,0.2197,0.0,0.0,0.609,0,Reprovado
Bruna Andrade,Educação Física,2º Médio B,6,0.21,0.29,0.41,0.46,0.355,0.2626,0.261,0.1967,0.0,0.0,0.7648,0,Reprovado
Bruna Andrade,Filosofia,2º Médio B,6,0.14,0.26,0.19,0.24,0.2125,0.2626,0.069,0.0931,0.0,0.0,0.6562,0,Reprovado
Bruna Andrade,Física,2º Médio B,6,0.1,0.03,0.1,0.09,0.0795,0.2626,0.012,0.0583,0.0,0.0,0.5392,0,Reprovado
Bruna Andrade,Geografia,2º Médio B,6,0.34,0.17,0.33,0.26,0.271,0.2626,-0.024,0.136,0.0,0.0,0.6363,0,Reprovado
Bruna Andrade,História,2º Médio B,6,0.18,0.27,0.27,0.18,0.225,0.2626,0.0,0.09,0.0,0.0,0.6531,0,Reprovado
Bruna Andrade,Inglês,2º Médio B,6,0.37,0.44,0.21,0.26,0.3145,0.2626,-0.168,0.1806,0.0,0.0,0.6028,0,Reprovado
Bruna Andrade,Matemática,2º Médio B,6,0.25,0.23,0.25,,0.2429,0.2626,0.0,0.0189,0.0,0.0,0.5644,0,Reprovado
Bruna Andrade,Português,2º Médio B,6,0.29,0.31,0.32,,0.3079,0.2626,0.03,0.0249,0.0,0.0,0.6367,0,Reprovado
Bruna Andrade,Química,2º Médio B,6,0.0,0.29,0.2,0.12,0.1585,0.2626,0.081,0.2132,0.0,0.0,0.5524,0,Reprovado
Bruna Andrade,Sociologia,2º Médio B,6,0.36,0.29,0.14,0.37,0.2905,0.2626,-0.036,0.1838,0.0,0.0,0.6673,0,Reprovado
Bruno Cardoso,Arte,2º Médio B,6,0.84,0.69,0.68,,0.7293,0.7071,-0.16,0.1464,0.0,1.0,0.7156,2,Aprovado
Bruno Cardoso,Biologia,2º Médio B,6,0.78,0.75,0.73,0.69,0.733,0.7071,-0.087,0.0654,0.0,1.0,0.609,2,Aprovado
Bruno Cardoso,Educação Física,2º Médio B,6,0.72,0.91,0.89,0.86,0.852,0.7071,0.12,0.1487,0.0,1.0,0.7648,2,Aprovado
Bruno Cardoso,Filosofia,2º Médio B,6,0.84,0.72,0.81,0.89,0.8175,0.7071,0.072,0.1237,0.0,1.0,0.6562,2,Aprovado
Bruno Cardoso,Física,2º Médio B,6,0.76,0.58,0.51,0.62,0.6105,0.7071,-0.147,0.1824,0.0,1.0,0.5392,2,Aprovado
Bruno Cardoso,Geografia,2º Médio B,6,0.9,0.67,0.62,0.56,0.6705,0.7071,-0.321,0.2574,0.0,1.0,0.6363,2,Aprovado
Bruno Cardoso,História,2º Médio B,6,0.72,0.72,0.72,0.66,0.702,0.7071,-0.054,0.052,0.0,1.0,0.6531,2,Aprovado
Bruno Cardoso,Inglês,2º Médio B,6,0.53,0.59,0.83,0.77,0.692,0.7071,0.288,0.2474,0.0,1.0,0.6028,2,Aprovado
Bruno Cardoso,Matemática,2º Médio B,6,0.51,0.73,0.65,0.66,0.645,0.7071,0.111,0.1596,0.0,1.0,0.5644,2,Aprovado
Bruno Cardoso,Português,2º Médio B,6,0.63,0.76,0.81,,0.7407,0.7071,0.18,0.1517,0.0,1.0,0.6367,2,Aprovado
Bruno Cardoso,Química,2º Médio B,6,0.49,0.51,0.7,0.75,0.6255,0.7071,0.291,0.2282,0.0,1.0,0.5524,2,Aprovado
Bruno Cardoso,Sociologia,2º Médio B,6,0.58,0.67,0.66,0.73,0.6675,0.7071,0.132,0.1068,0.0,1.0,0.6673,2,Aprovado
Camila Rodrigues,Arte,2º Médio B,6,1.0,0.85,0.62,0.82,0.8135,0.6941,-0.231,0.2707,0.0,0.8333,0.7156,2,Aprovado
Camila Rodrigues,Biologia,2º Médio B,6,0.61,0.74,0.62,0.82,0.708,0.6941,0.153,0.1746,0.0,0.8333,0.609,2,Aprovado
Camila Rodrigues,Educação Física,2º Médio B,6,0.68,0.85,0.96,,0.8407,0.6941,0.28,0.2304,0.0,0.8333,0.7648,2,Aprovado
Camila Rodrigues,Filosofia,2º Médio B,6,0.77,0.73,0.66,0.6,0.6815,0.6941,-0.174,0.1304,0.0,0.8333,0.6562,2,Aprovado
Camila Rodrigues,Física,2º Médio B,6,0.8,0.6,0.56,,0.6429,0.6941,-0.24,0.21,0.0,0.8333,0.5392,2,Aprovado
Camila Rodrigues,Geografia,2º Médio B,6,0.65,0.65,0.66,,0.6536,0.6941,0.01,0.0094,0.0,0.8333,0.6363,2,Aprovado
Camila Rodrigues,História,2º Médio B,6,0.63,0.73,0.78,0.67,0.7045,0.6941,0.051,0.1143,0.0,0.8333,0.6531,2,Aprovado
Camila Rodrigues,Inglês,2º Médio B,6,0.75,0.54,0.61,,0.625,0.6941,-0.14,0.1746,0.0,0.8333,0.6028,2,Aprovado
Camila Rodrigues,Matemática,2º Médio B,6,0.67,0.7,0.53,0.52,0.5975,0.6941,-0.186,0.1616,0.0,0.8333,0.5644,1,Recuperação
Camila Rodrigues,Português,2º Médio B,6,0.74,0.62,0.71,,0.6864,0.6941,-0.03,0.102,0.0,0.8333,0.6367,2,Aprovado
Camila Rodrigues,Química,2º Médio B,6,0.66,0.58,0.49,0.62,0.5855,0.6941,-0.063,0.126,0.0,0.8333,0.5524,1,Recuperação
Camila Rodrigues,Sociologia,2º Médio B,6,0.83,0.85,0.76,0.74,0.7905,0.6941,-0.108,0.0922,0.0,0.8333,0.6673,2,Aprovado
Daniel Freitas,Arte,2º Médio B,6,0.85,0.94,0.88,1.0,0.925,0.7686,0.117,0.1152,0.0,1.0,0.7156,2,Aprovado
Daniel Freitas,Biologia,2º Médio B,6,0.65,0.57,0.76,0.88,0.7265,0.7686,0.264,0.2335,0.0,1.0,0.609,2,Aprovado
Daniel Freitas,Educação Física,2º Médio B,6,0.81,0.93,0.82,0.85,0.8545,0.7686,0.003,0.0942,0.0,1.0,0.7648,2,Aprovado
Daniel Freitas,Filosofia,2º Médio B,6,0.69,0.74,0.76,0.89,0.78,0.7686,0.186,0.1476,0.0,1.0,0.6562,2,Aprovado
Daniel Freitas,Física,2º Médio B,6,0.61,0.69,0.46,0.74,0.6315,0.7686,0.048,0.2119,0.0,1.0,0.5392,2,Aprovado
Daniel Freitas,Geografia,2º Médio B,6,0.67,0.81,0.76,,0.7521,0.7686,0.09,0.1159,0.0,1.0,0.6363,2,Aprovado
Daniel Freitas,História,2º Médio B,6,0.8,0.83,0.79,0.8,0.805,0.7686,-0.012,0.03,0.0,1.0,0.6531,2,Aprovado
Daniel Freitas,Inglês,2º Médio B,6,0.62,0.7,0.57,,0.6307,0.7686,-0.05,0.1071,0.0,1.0,0.6028,2,Aprovado
Daniel Freitas,Matemática,2º Médio B,6,0.77,0.89,0.66,0.7,0.7515,0.7686,-0.132,0.1746,0.0,1.0,0.5644,2,Aprovado
Daniel Freitas,Português,2º Médio B,6,0.73,0.85,0.75,0.88,0.81,0.7686,0.105,0.1276,0.0,1.0,0.6367,2,Aprovado
Daniel Freitas,Química,2º Médio B,6,0.72,0.77,0.74,0.71,0.7345,0.7686,-0.018,0.0458,0.0,1.0,0.5524,2,Aprovado
Daniel Freitas,Sociologia,2º Médio B,6,1.0,0.83,0.67,,0.8214,0.7686,-0.33,0.2695,0.0,1.0,0.6673,2,Aprovado
Daniel Ribeiro,Arte,2º Médio B,6,1.0,1.0,1.0,,1.0,0.8919,0.0,0.0,0.0,1.0,0.7156,2,Aprovado
Daniel Ribeiro,Biologia,2º Médio B,6,0.89,0.8,0.91,0.91,0.8785,0.8919,0.051,0.091,0.0,1.0,0.609,2,Aprovado
Daniel Ribeiro,Educação Física,2º Médio B,6,0.88,1.0,0.96,,0.9514,0.8919,0.08,0.0998,0.0,1.0,0.7648,2,Aprovado
Daniel Ribeiro,Filosofia,2º Médio B,6,0.79,0.97,0.89,0.99,0.92,0.8919,0.156,0.1575,0.0,1.0,0.6562,2,Aprovado
Daniel Ribeiro,Física,2º Médio B,6,0.87,0.62,0.88,,0.7843,0.8919,0.01,0.2406,0.0,1.0,0.5392,2,Aprovado
Daniel Ribeiro,Geografia,2º Médio B,6,0.99,1.0,0.87,,0.9507,0.8919,-0.12,0.1181,0.0,1.0,0.6363,2,Aprovado
Daniel Ribeiro,História,2º Médio B,6,1.0,0.9,0.91,0.99,0.9495,0.8919,-0.006,0.0906,0.0,1.0,0.6531,2,Aprovado
Daniel Ribeiro,Inglês,2º Médio B,6,1.0,0.87,0.87,,0.9071,0.8919,-0.13,0.1226,0.0,1.0,0.6028,2,Aprovado
Daniel Ribeiro,Matemática,2º Médio B,6,0.76,0.77,0.77,0.91,0.81,0.8919,0.135,0.1244,0.0,1.0,0.5644,2,Aprovado
Daniel Ribeiro,Português,2º Médio B,6,0.84,0.72,1.0,0.9,0.868,0.8919,0.138,0.2027,0.0,1.0,0.6367,2,Aprovado
Daniel Ribeiro,Química,2º Médio B,6,0.84,0.76,0.93,,0.8436,0.8919,0.09,0.1389,0.0,1.0,0.5524,2,Aprovado
Daniel Ribeiro,Sociologia,2º Médio B,6,0.91,0.8,0.74,0.91,0.84,0.8919,-0.018,0.1463,0.0,1.0,0.6673,2,Aprovado
Elena Costa,Arte,2º Médio B,6,0.85,0.75,0.91,0.74,0.807,0.7035,-0.051,0.1417,0.0,0.9167,0.7156,2,Aprovado
Elena Costa,Biologia,2º Médio B,6,0.79,0.84,0.63,0.7,0.7355,0.7035,-0.144,0.1619,0.0,0.9167,0.609,2,Aprovado
Elena Costa,Educação Física,2º Médio B,6,0.88,0.69,0.79,0.86,0.804,0.7035,0.012,0.1487,0.0,0.9167,0.7648,2,Aprovado
Elena Costa,Filosofia,2º Médio B,6,0.75,0.62,0.68,0.64,0.667,0.7035,-0.081,0.0994,0.0,0.9167,0.6562,2,Aprovado
Elena Costa,Física,2º Médio B,6,0.69,0.65,0.59,,0.64,0.7035,-0.1,0.0822,0.0,0.9167,0.5392,2,Aprovado
Elena Costa,Geografia,2º Médio B,6,0.73,0.88,0.52,,0.7086,0.7035,-0.21,0.2953,0.0,0.9167,0.6363,2,Aprovado
Elena Costa,História,2º Médio B,6,0.73,0.83,0.78,0.7,0.7585,0.7035,-0.042,0.099,0.0,0.9167,0.6531,2,Aprovado
Elena Costa,Inglês,2º Médio B,6,0.56,0.75,0.67,0.58,0.641,0.7035,-0.006,0.1517,0.0,0.9167,0.6028,2,Aprovado
Elena Costa,Matemática,2º Médio B,6,0.48,0.55,0.71,,0.5871,0.7035,0.23,0.1925,0.0,0.9167,0.5644,1,Recuperação
Elena Costa,Português,2º Médio B,6,0.8,0.74,0.62,,0.7143,0.7035,-0.18,0.1497,0.0,0.9167,0.6367,2,Aprovado
Elena Costa,Química,2º Médio B,6,0.69,0.58,0.61,,0.6221,0.7035,-0.08,0.0929,0.0,0.9167,0.5524,2,Aprovado
Elena Costa,Sociologia,2º Médio B,6,0.68,0.87,0.69,0.77,0.757,0.7035,0.027,0.1526,0.0,0.9167,0.6673,2,Aprovado
Elisa Castro,Arte,2º Médio B,6,0.7,0.96,0.8,0.93,0.859,0.7348,0.159,0.2085,0.0,0.9167,0.7156,2,Aprovado
Elisa Castro,Biologia,2º Médio B,6,0.55,0.72,0.63,,0.6393,0.7348,0.08,0.1389,0.0,0.9167,0.609,2,Aprovado
Elisa Castro,Educação Física,2º Médio B,6,0.85,0.82,0.85,,0.8393,0.7348,0.0,0.0283,0.0,0.9167,0.7648,2,Aprovado
Elisa Castro,Filosofia,2º Médio B,6,0.71,0.86,0.77,0.86,0.8075,0.7348,0.108,0.1273,0.0,0.9167,0.6562,2,Aprovado
Elisa Castro,Física,2º Médio B,6,0.63,0.67,0.68,,0.6621,0.7348,0.05,0.0432,0.0,0.9167,0.5392,2,Aprovado
Elisa Castro,Geografia,2º Médio B,6,0.85,0.79,0.7,0.71,0.7555,0.7348,-0.153,0.1228,0.0,0.9167,0.6363,2,Aprovado
Elisa Castro,História,2º Médio B,6,0.78,0.82,0.65,,0.7479,0.7348,-0.13,0.1451,0.0,0.9167,0.6531,2,Aprovado
Elisa Castro,Inglês,2º Médio B,6,0.73,0.72,0.63,0.8,0.7235,0.7348,0.036,0.1208,0.0,0.9167,0.6028,2,Aprovado
Elisa Castro,Matemática,2º Médio B,6,0.57,0.72,0.69,0.74,0.6885,0.7348,0.144,0.1319,0.0,0.9167,0.5644,2,Aprovado
Elisa Castro,Português,2º Médio B,6,0.72,0.71,0.77,0.69,0.721,0.7348,-0.009,0.0589,0.0,0.9167,0.6367,2,Aprovado
Elisa Castro,Química,2º Médio B,6,0.46,0.62,0.57,0.56,0.5575,0.7348,0.075,0.1161,0.0,0.9167,0.5524,1,Recuperação
Elisa Castro,Sociologia,2º Médio B,6,0.73,0.8,0.9,0.82,0.817,0.7348,0.111,0.1211,0.0,0.9167,0.6673,2,Aprovado
Guilherme Borges,Arte,2º Médio B,6,0.34,0.51,0.43,0.22,0.369,0.239,-0.132,0.2156,0.0,0.0,0.7156,0,Reprovado
Guilherme Borges,Biologia,2º Médio B,6,0.3,0.34,0.36,,0.3357,0.239,0.06,0.0499,0.0,0.0,0.609,0,Reprovado
Guilherme Borges,Educação Física,2º Médio B,6,0.28,0.4,0.44,0.29,0.353,0.239,0.021,0.1381,0.0,0.0,0.7648,0,Reprovado
Guilherme Borges,Filosofia,2º Médio B,6,0.31,0.33,0.3,,0.3136,0.239,-0.01,0.0249,0.0,0.0,0.6562,0,Reprovado
Guilherme Borges,Física,2º Médio B,6,0.24,0.14,0.08,0.24,0.175,0.239,-0.018,0.1367,0.0,0.0,0.5392,0,Reprovado
Guilherme Borges,Geografia,2º Médio B,6,0.31,0.21,0.18,0.17,0.2105,0.239,-0.135,0.1108,0.0,0.0,0.6363,0,Reprovado
Guilherme Borges,História,2º Médio B,6,0.23,0.17,0.34,0.32,0.2695,0.239,0.132,0.1375,0.0,0.0,0.6531,0,Reprovado
Guilherme Borges,Inglês,2º Médio B,6,0.13,0.14,0.22,0.15,0.161,0.239,0.042,0.0707,0.0,0.0,0.6028,0,Reprovado
Guilherme Borges,Matemática,2º Médio B,6,0.04,0.13,0.14,0.14,0.1175,0.239,0.093,0.0841,0.0,0.0,0.5644,0,Reprovado
Guilherme Borges,Português,2º Médio B,6,0.25,0.05,0.32,0.16,0.1905,0.239,0.0,0.2022,0.0,0.0,0.6367,0,Reprovado
Guilherme Borges,Química,2º Médio B,6,0.14,0.22,0.15,0.05,0.1355,0.239,-0.102,0.1208,0.0,0.0,0.5524,0,Reprovado
Guilherme Borges,Sociologia,2º Médio B,6,0.26,0.14,0.24,0.3,0.237,0.239,0.066,0.1179,0.0,0.0,0.6673,0,Reprovado
Guilherme Tavares,Arte,2º Médio B,6,0.62,0.69,0.7,0.82,0.7175,0.6945,0.183,0.1438,0.0,1.0,0.7156,2,Aprovado
Guilherme Tavares,Biologia,2º Médio B,6,0.75,0.8,0.65,0.58,0.6865,0.6945,-0.198,0.1712,0.0,1.0,0.609,2,Aprovado
Guilherme Tavares,Educação Física,2º Médio B,6,0.84,0.72,0.83,0.8,0.7955,0.6945,-0.003,0.0942,0.0,1.0,0.7648,2,Aprovado
Guilherme Tavares,Filosofia,2º Médio B,6,0.69,0.82,0.75,0.67,0.7315,0.6945,-0.039,0.1169,0.0,1.0,0.6562,2,Aprovado
Guilherme Tavares,Física,2º Médio B,6,0.62,0.57,0.55,0.68,0.608,0.6945,0.048,0.1005,0.0,1.0,0.5392,2,Aprovado
Guilherme Tavares,Geografia,2º Médio B,6,0.65,0.66,0.74,0.74,0.702,0.6945,0.105,0.0853,0.0,1.0,0.6363,2,Aprovado
Guilherme Tavares,História,2º Médio B,6,0.65,0.71,0.68,0.72,0.6935,0.6945,0.054,0.0548,0.0,1.0,0.6531,2,Aprovado
Guilherme Tavares,Inglês,2º Médio B,6,0.66,0.71,0.72,0.54,0.6515,0.6945,-0.105,0.1431,0.0,1.0,0.6028,2,Aprovado
Guilherme Tavares,Matemática,2º Médio B,6,0.71,0.61,0.68,0.66,0.6625,0.6945,-0.024,0.0728,0.0,1.0,0.5644,2,Aprovado
Guilherme Tavares,Português,2º Médio B,6,0.65,0.57,0.78,,0.6679,0.6945,0.13,0.1731,0.0,1.0,0.6367,2,Aprovado
Guilherme Tavares,Química,2º Médio B,6,0.71,0.55,0.71,0.66,0.655,0.6945,0.003,0.1307,0.0,1.0,0.5524,2,Aprovado
Guilherme Tavares,Sociologia,2º Médio B,6,0.68,0.84,0.75,,0.7621,0.6945,0.07,0.131,0.0,1.0,0.6673,2,Aprovado
Henrique Barbosa,Arte,2º Médio B,6,0.87,1.0,1.0,,0.9629,0.8981,0.13,0.1226,0.0,1.0,0.7156,2,Aprovado
Henrique Barbosa,Biologia,2º Médio B,6,0.86,0.83,0.94,0.61,0.7975,0.8981,-0.192,0.2445,0.0,1.0,0.609,2,Aprovado
Henrique Barbosa,Educação Física,2º Médio B,6,1.0,1.0,1.0,1.0,1.0,0.8981,0.0,0.0,0.0,1.0,0.7648,2,Aprovado
Henrique Barbosa,Filosofia,2º Médio B,6,0.98,0.86,1.0,0.81,0.904,0.8981,-0.111,0.1596,0.0,1.0,0.6562,2,Aprovado
Henrique Barbosa,Física,2º Médio B,6,0.77,0.72,0.77,0.72,0.7425,0.8981,-0.03,0.05,0.0,1.0,0.5392,2,Aprovado
Henrique Barbosa,Geografia,2º Médio B,6,0.93,0.81,0.98,0.9,0.9035,0.8981,0.024,0.1237,0.0,1.0,0.6363,2,Aprovado
Henrique Barbosa,História,2º Médio B,6,0.89,1.0,0.8,0.91,0.901,0.8981,-0.042,0.1421,0.0,1.0,0.6531,2,Aprovado
Henrique Barbosa,Inglês,2º Médio B,6,0.97,0.81,0.97,0.82,0.885,0.8981,-0.087,0.1552,0.0,1.0,0.6028,2,Aprovado
Henrique Barbosa,Matemática,2º Médio B,6,1.0,0.96,0.96,0.95,0.965,0.8981,-0.045,0.0384,0.0,1.0,0.5644,2,Aprovado
Henrique Barbosa,Português,2º Médio B,6,1.0,0.95,0.83,0.89,0.912,0.8981,-0.135,0.1276,0.0,1.0,0.6367,2,Aprovado
Henrique Barbosa,Química,2º Médio B,6,0.86,0.84,0.88,0.96,0.89,0.8981,0.102,0.0911,0.0,1.0,0.5524,2,Aprovado
Henrique Barbosa,Sociologia,2º Médio B,6,1.0,0.78,0.96,0.93,0.914,0.8981,-0.009,0.1664,0.0,1.0,0.6673,2,Aprovado
Henrique Ribeiro,Arte,2º Médio B,6,0.77,0.56,0.65,,0.6521,0.6303,-0.12,0.172,0.0,0.6667,0.7156,2,Aprovado
Henrique Ribeiro,Biologia,2º Médio B,6,0.52,0.76,0.56,0.64,0.626,0.6303,0.048,0.1833,0.0,0.6667,0.609,2,Aprovado
Henrique Ribeiro,Educação Física,2º Médio B,6,0.76,0.87,0.87,0.66,0.785,0.6303,-0.09,0.1749,0.0,0.6667,0.7648,2,Aprovado
Henrique Ribeiro,Filosofia,2º Médio B,6,0.6,0.71,0.59,0.61,0.628,0.6303,-0.027,0.0963,0.0,0.6667,0.6562,2,Aprovado
Henrique Ribeiro,Física,2º Médio B,6,0.54,0.51,0.55,0.56,0.541,0.6303,0.03,0.0374,0.0,0.6667,0.5392,1,Recuperação
Henrique Ribeiro,Geografia,2º Médio B,6,0.66,0.68,0.72,0.64,0.674,0.6303,-0.006,0.0592,0.0,0.6667,0.6363,2,Aprovado
Henrique Ribeiro,História,2º Médio B,6,0.57,0.63,0.66,0.52,0.5925,0.6303,-0.036,0.1082,0.0,0.6667,0.6531,1,Recuperação
Henrique Ribeiro,Inglês,2º Médio B,6,0.63,0.69,0.58,0.73,0.6625,0.6303,0.057,0.1143,0.0,0.6667,0.6028,2,Aprovado
Henrique Ribeiro,Matemática,2º Médio B,6,0.57,0.58,0.57,,0.5736,0.6303,0.0,0.0094,0.0,0.6667,0.5644,1,Recuperação
Henrique Ribeiro,Português,2º Médio B,6,0.67,0.6,0.69,,0.6521,0.6303,0.02,0.0772,0.0,0.6667,0.6367,2,Aprovado
Henrique Ribeiro,Química,2º Médio B,6,0.67,0.49,0.49,0.63,0.568,0.6303,-0.036,0.1625,0.0,0.6667,0.5524,1,Recuperação
Henrique Ribeiro,Sociologia,2º Médio B,6,0.46,0.61,0.58,0.73,0.6085,0.6303,0.234,0.1921,0.0,0.6667,0.6673,2,Aprovado
João Costa,Arte,2º Médio B,6,0.99,1.0,0.96,1.0,0.988,0.9132,-0.003,0.0328,0.0,1.0,0.7156,2,Aprovado
João Costa,Biologia,2º Médio B,6,0.81,1.0,1.0,0.95,0.947,0.9132,0.126,0.1556,0.0,1.0,0.609,2,Aprovado
João Costa,Educação Física,2º Médio B,6,1.0,1.0,0.94,1.0,0.985,0.9132,-0.018,0.052,0.0,1.0,0.7648,2,Aprovado
João Costa,Filosofia,2º Médio B,6,1.0,1.0,1.0,,1.0,0.9132,0.0,0.0,0.0,1.0,0.6562,2,Aprovado
João Costa,Física,2º Médio B,6,0.76,0.86,0.8,,0.81,0.9132,0.04,0.0822,0.0,1.0,0.5392,2,Aprovado
João Costa,Geografia,2º Médio B,6,1.0,0.85,0.93,0.89,0.912,0.9132,-0.075,0.1108,0.0,1.0,0.6363,2,Aprovado
João Costa,História,2º Médio B,6,0.87,0.9,1.0,,0.9271,0.9132,0.13,0.1112,0.0,1.0,0.6531,2,Aprovado
João Costa,Inglês,2º Médio B,6,0.79,0.81,1.0,0.81,0.8535,0.9132,0.075,0.1711,0.0,1.0,0.6028,2,Aprovado
João Costa,Matemática,2º Médio B,6,0.84,0.81,0.89,0.82,0.839,0.9132,0.006,0.0616,0.0,1.0,0.5644,2,Aprovado
João Costa,Português,2º Médio B,6,0.79,1.0,0.94,0.88,0.907,0.9132,0.063,0.1552,0.0,1.0,0.6367,2,Aprovado
João Costa,Química,2º Médio B,6,0.85,0.84,0.81,,0.8321,0.9132,-0.04,0.034,0.0,1.0,0.5524,2,Aprovado
João Costa,Sociologia,2º Médio B,6,1.0,0.98,0.85,1.0,0.9575,0.9132,-0.039,0.1252,0.0,1.0,0.6673,2,Aprovado
Júlia Guimarães,Arte,2º Médio B,6,0.72,0.77,0.88,0.8,0.7965,0.7249,0.105,0.1161,0.0,1.0,0.7156,2,Aprovado
Júlia Guimarães,Biologia,2º Médio B,6,0.74,0.82,0.68,0.64,0.715,0.7249,-0.132,0.1356,0.0,1.0,0.609,2,Aprovado
Júlia Guimarães,Educação Física,2º Médio B,6,0.78,0.83,0.85,0.94,0.858,0.7249,0.15,0.1158,0.0,1.0,0.7648,2,Aprovado
Júlia Guimarães,Filosofia,2º Médio B,6,0.89,0.77,0.79,0.59,0.745,0.7249,-0.264,0.2163,0.0,1.0,0.6562,2,Aprovado
Júlia Guimarães,Física,2º Médio B,6,0.69,0.64,0.73,0.46,0.6185,0.7249,-0.18,0.2064,0.0,1.0,0.5392,2,Aprovado
Júlia Guimarães,Geografia,2º Médio B,6,0.82,0.72,0.6,,0.7057,0.7249,-0.22,0.1799,0.0,1.0,0.6363,2,Aprovado
Júlia Guimarães,História,2º Médio B,6,0.65,0.82,0.72,,0.7357,0.7249,0.07,0.1395,0.0,1.0,0.6531,2,Aprovado
Júlia Guimarães,Inglês,2º Médio B,6,0.59,0.72,0.72,,0.6829,0.7249,0.13,0.1226,0.0,1.0,0.6028,2,Aprovado
Júlia Guimarães,Matemática,2º Médio B,6,0.7,0.6,0.68,0.64,0.652,0.7249,-0.03,0.0768,0.0,1.0,0.5644,2,Aprovado
Júlia Guimarães,Português,2º Médio B,6,0.76,0.81,0.73,0.7,0.747,0.7249,-0.078,0.0812,0.0,1.0,0.6367,2,Aprovado
Júlia Guimarães,Química,2º Médio B,6,0.58,0.72,0.61,,0.6407,0.7249,0.03,0.1204,0.0,1.0,0.5524,2,Aprovado
Júlia Guimarães,Sociologia,2º Médio B,6,0.81,0.8,0.75,0.84,0.8015,0.7249,0.012,0.0648,0.0,1.0,0.6673,2,Aprovado
Lucas Teixeira,Arte,2º Médio B,6,0.47,0.48,0.49,0.51,0.4895,0.374,0.039,0.0296,0.0,0.0,0.7156,0,Reprovado
Lucas Teixeira,Biologia,2º Médio B,6,0.36,0.34,0.42,,0.3743,0.374,0.06,0.068,0.0,0.0,0.609,0,Reprovado
Lucas Teixeira,Educação Física,2º Médio B,6,0.55,0.56,0.52,0.56,0.548,0.374,-0.003,0.0328,0.0,0.0,0.7648,1,Recuperação
Lucas Teixeira,Filosofia,2º Médio B,6,0.26,0.33,0.3,,0.2993,0.374,0.04,0.0573,0.0,0.0,0.6562,0,Reprovado
Lucas Teixeira,Física,2º Médio B,6,0.44,0.27,0.22,0.2,0.2705,0.374,-0.231,0.1889,0.0,0.0,0.5392,0,Reprovado
Lucas Teixeira,Geografia,2º Médio B,6,0.36,0.51,0.28,,0.385,0.374,-0.08,0.1907,0.0,0.0,0.6363,0,Reprovado
Lucas Teixeira,História,2º Médio B,6,0.32,0.41,0.4,0.41,0.3895,0.374,0.078,0.0755,0.0,0.0,0.6531,0,Reprovado
Lucas Teixeira,Inglês,2º Médio B,6,0.52,0.39,0.4,0.38,0.4155,0.374,-0.123,0.1135,0.0,0.0,0.6028,0,Reprovado
Lucas Teixeira,Matemática,2º Médio B,6,0.27,0.34,0.36,0.26,0.307,0.374,-0.003,0.0865,0.0,0.0,0.5644,0,Reprovado
Lucas Teixeira,Português,2º Médio B,6,0.41,0.35,0.33,0.35,0.357,0.374,-0.06,0.06,0.0,0.0,0.6367,0,Reprovado
Lucas Teixeira,Química,2º Médio B,6,0.18,0.23,0.32,0.37,0.2845,0.374,0.198,0.1487,0.0,0.0,0.5524,0,Reprovado
Lucas Teixeira,Sociologia,2º Médio B,6,0.4,0.24,0.47,,0.3679,0.374,0.07,0.1925,0.0,0.0,0.6673,0,Reprovado
Maria Barbosa,Arte,2º Médio B,6,0.46,0.41,0.47,0.27,0.393,0.2854,-0.153,0.1596,0.0,0.0,0.7156,0,Reprovado
Maria Barbosa,Biologia,2º Médio B,6,0.11,0.26,0.18,0.19,0.189,0.2854,0.048,0.1063,0.0,0.0,0.609,0,Reprovado
Maria Barbosa,Educação Física,2º Médio B,6,0.6,0.49,0.39,0.47,0.481,0.2854,-0.147,0.1499,0.0,0.0,0.7648,0,Reprovado
Maria Barbosa,Filosofia,2º Médio B,6,0.43,0.21,0.29,0.25,0.286,0.2854,-0.138,0.1658,0.0,0.0,0.6562,0,Reprovado
Maria Barbosa,Física,2º Médio B,6,0.22,0.31,0.21,0.12,0.21,0.2854,-0.12,0.1345,0.0,0.0,0.5392,0,Reprovado
Maria Barbosa,Geografia,2º Médio B,6,0.27,0.25,0.16,,0.2236,0.2854,-0.11,0.0957,0.0,0.0,0.6363,0,Reprovado
Maria Barbosa,História,2º Médio B,6,0.23,0.3,0.43,0.57,0.3995,0.2854,0.345,0.2598,0.0,0.0,0.6531,0,Reprovado
Maria Barbosa,Inglês,2º Médio B,6,0.13,0.36,0.21,0.4,0.2885,0.2854,0.198,0.2193,0.0,0.0,0.6028,0,Reprovado
Maria Barbosa,Matemática,2º Médio B,6,0.28,0.18,0.25,0.13,0.2025,0.2854,-0.114,0.1175,0.0,0.0,0.5644,0,Reprovado
Maria Barbosa,Português,2º Médio B,6,0.25,0.23,0.36,0.25,0.2725,0.2854,0.039,0.1023,0.0,0.0,0.6367,0,Reprovado
Maria Barbosa,Química,2º Médio B,6,0.08,0.07,0.08,0.22,0.1195,0.2854,0.129,0.1244,0.0,0.0,0.5524,0,Reprovado
Maria Barbosa,Sociologia,2º Médio B,6,0.32,0.33,0.41,0.37,0.36,0.2854,0.069,0.0712,0.0,0.0,0.6673,0,Reprovado
Maria Cunha,Arte,2º Médio B,6,0.75,0.68,0.91,,0.7821,0.6431,0.16,0.1925,0.0,0.6667,0.7156,2,Aprovado
Maria Cunha,Biologia,2º Médio B,6,0.6,0.62,0.61,0.47,0.5685,0.6431,-0.12,0.1221,0.0,0.6667,0.609,1,Recuperação
Maria Cunha,Educação Física,2º Médio B,6,1.0,0.62,0.71,0.69,0.7395,0.6431,-0.252,0.2907,0.0,0.6667,0.7648,2,Aprovado
Maria Cunha,Filosofia,2º Médio B,6,0.56,0.49,0.7,0.57,0.5805,0.6431,0.072,0.1517,0.0,0.6667,0.6562,1,Recuperação
Maria Cunha,Física,2º Médio B,6,0.76,0.45,0.58,0.66,0.6075,0.6431,-0.051,0.2269,0.0,0.6667,0.5392,2,Aprovado
Maria Cunha,Geografia,2º Médio B,6,0.67,0.6,0.66,0.6,0.629,0.6431,-0.045,0.0654,0.0,0.6667,0.6363,2,Aprovado
Maria Cunha,História,2º Médio B,6,0.53,0.65,0.66,,0.6193,0.6431,0.13,0.1181,0.0,0.6667,0.6531,2,Aprovado
Maria Cunha,Inglês,2º Médio B,6,0.49,0.63,0.55,,0.5614,0.6431,0.06,0.1147,0.0,0.6667,0.6028,1,Recuperação
Maria Cunha,Matemática,2º Médio B,6,0.59,0.56,0.69,0.72,0.6465,0.6431,0.156,0.1334,0.0,0.6667,0.5644,2,Aprovado
Maria Cunha,Português,2º Médio B,6,0.74,0.78,0.67,,0.7293,0.6431,-0.07,0.0909,0.0,0.6667,0.6367,2,Aprovado
Maria Cunha,Química,2º Médio B,6,0.58,0.43,0.82,0.51,0.5815,0.6431,0.054,0.2914,0.0,0.6667,0.5524,1,Recuperação
Maria Cunha,Sociologia,2º Médio B,6,0.7,0.69,0.73,0.59,0.672,0.6431,-0.087,0.1052,0.0,0.6667,0.6673,2,Aprovado
Marina Pereira,Arte,2º Médio B,6,0.44,0.55,0.46,,0.4864,0.3872,0.02,0.0957,0.0,0.0,0.7156,0,Reprovado
Marina Pereira,Biologia,2º Médio B,6,0.28,0.4,0.35,0.34,0.3455,0.3872,0.039,0.0853,0.0,0.0,0.609,0,Reprovado
Marina Pereira,Educação Física,2º Médio B,6,0.56,0.64,0.5,0.57,0.568,0.3872,-0.033,0.0994,0.0,0.0,0.7648,1,Recuperação
Marina Pereira,Filosofia,2º Médio B,6,0.42,0.4,0.44,0.45,0.429,0.3872,0.039,0.0384,0.0,0.0,0.6562,0,Reprovado
Marina Pereira,Física,2º Médio B,6,0.43,0.2,0.25,0.21,0.2615,0.3872,-0.183,0.1857,0.0,0.0,0.5392,0,Reprovado
Marina Pereira,Geografia,2º Médio B,6,0.36,0.45,0.35,0.31,0.365,0.3872,-0.075,0.1023,0.0,0.0,0.6363,0,Reprovado
Marina Pereira,História,2º Médio B,6,0.4,0.37,0.45,0.32,0.381,0.3872,-0.048,0.0943,0.0,0.0,0.6531,0,Reprovado
Marina Pereira,Inglês,2º Médio B,6,0.45,0.3,0.25,0.35,0.3325,0.3872,-0.105,0.1479,0.0,0.0,0.6028,0,Reprovado
Marina Pereira,Matemática,2º Médio B,6,0.57,0.32,0.18,,0.3414,0.3872,-0.39,0.3226,0.0,0.0,0.5644,0,Reprovado
Marina Pereira,Português,2º Médio B,6,0.35,0.39,0.43,0.42,0.401,0.3872,0.075,0.0622,0.0,0.0,0.6367,0,Reprovado
Marina Pereira,Química,2º Médio B,6,0.24,0.23,0.27,,0.2471,0.3872,0.03,0.034,0.0,0.0,0.5524,0,Reprovado
Marina Pereira,Sociologia,2º Médio B,6,0.4,0.5,0.47,0.55,0.4875,0.3872,0.126,0.1086,0.0,0.0,0.6673,0,Reprovado
Miguel Araújo,Arte,2º Médio B,6,0.89,0.88,0.88,,0.8829,0.8303,-0.01,0.0094,0.0,1.0,0.7156,2,Aprovado
Miguel Araújo,Biologia,2º Médio B,6,0.76,0.76,0.72,0.81,0.765,0.8303,0.033,0.0638,0.0,1.0,0.609,2,Aprovado
Miguel Araújo,Educação Física,2º Médio B,6,1.0,0.97,1.0,1.0,0.9925,0.8303,0.009,0.026,0.0,1.0,0.7648,2,Aprovado
Miguel Araújo,Filosofia,2º Médio B,6,0.92,0.97,0.84,0.88,0.9005,0.8303,-0.075,0.0963,0.0,1.0,0.6562,2,Aprovado
Miguel Araújo,Física,2º Médio B,6,0.66,0.73,0.67,0.64,0.674,0.8303,-0.036,0.0671,0.0,1.0,0.5392,2,Aprovado
Miguel Araújo,Geografia,2º Médio B,6,1.0,0.86,0.87,0.87,0.8935,0.8303,-0.114,0.1158,0.0,1.0,0.6363,2,Aprovado
Miguel Araújo,História,2º Médio B,6,0.86,0.88,0.82,,0.8529,0.8303,-0.04,0.0499,0.0,1.0,0.6531,2,Aprovado
Miguel Araújo,Inglês,2º Médio B,6,0.79,0.73,0.8,,0.7721,0.8303,0.01,0.0618,0.0,1.0,0.6028,2,Aprovado
Miguel Araújo,Matemática,2º Médio B,6,0.87,0.67,0.88,0.75,0.7865,0.8303,-0.045,0.1746,0.0,1.0,0.5644,2,Aprovado
Miguel Araújo,Português,2º Médio B,6,0.96,0.93,0.85,0.79,0.874,0.8303,-0.177,0.1337,0.0,1.0,0.6367,2,Aprovado
Miguel Araújo,Química,2º Médio B,6,0.83,0.8,0.67,,0.7621,0.8303,-0.16,0.1389,0.0,1.0,0.5524,2,Aprovado
Miguel Araújo,Sociologia,2º Médio B,6,0.82,0.73,0.75,0.91,0.807,0.8303,0.087,0.141,0.0,1.0,0.6673,2,Aprovado
Miguel Pinto,Arte,2º Médio B,6,0.45,0.39,0.36,0.27,0.3585,0.3315,-0.171,0.1299,0.0,0.0,0.7156,0,Reprovado
Miguel Pinto,Biologia,2º Médio B,6,0.22,0.34,0.25,0.43,0.3205,0.3315,0.162,0.1643,0.0,0.0,0.609,0,Reprovado
Miguel Pinto,Educação Física,2º Médio B,6,0.62,0.39,0.4,0.42,0.4475,0.3315,-0.177,0.1889,0.0,0.0,0.7648,0,Reprovado
Miguel Pinto,Filosofia,2º Médio B,6,0.38,0.5,0.29,,0.3907,0.3315,-0.09,0.172,0.0,0.0,0.6562,0,Reprovado
Miguel Pinto,Física,2º Médio B,6,0.28,0.34,0.39,,0.3407,0.3315,0.11,0.0899,0.0,0.0,0.5392,0,Reprovado
Miguel Pinto,Geografia,2º Médio B,6,0.35,0.33,0.39,0.27,0.331,0.3315,-0.054,0.0866,0.0,0.0,0.6363,0,Reprovado
Miguel Pinto,História,2º Médio B,6,0.27,0.49,0.25,0.34,0.341,0.3315,-0.009,0.1883,0.0,0.0,0.6531,0,Reprovado
Miguel Pinto,Inglês,2º Médio B,6,0.23,0.33,0.42,,0.3336,0.3315,0.19,0.1552,0.0,0.0,0.6028,0,Reprovado
Miguel Pinto,Matemática,2º Médio B,6,0.23,0.17,0.13,0.09,0.148,0.3315,-0.138,0.1034,0.0,0.0,0.5644,0,Reprovado
Miguel Pinto,Português,2º Médio B,6,0.3,0.4,0.44,0.34,0.372,0.3315,0.048,0.1077,0.0,0.0,0.6367,0,Reprovado
Miguel Pinto,Química,2º Médio B,6,0.38,0.23,0.15,0.22,0.237,0.3315,-0.168,0.1676,0.0,0.0,0.5524,0,Reprovado
Miguel Pinto,Sociologia,2º Médio B,6,0.45,0.35,0.29,,0.3571,0.3315,-0.16,0.132,0.0,0.0,0.6673,0,Reprovado
Natalia Santos,Arte,2º Médio B,6,0.73,0.6,0.48,0.66,0.614,0.5102,-0.099,0.1835,0.0,0.25,0.7156,2,Aprovado
Natalia Santos,Biologia,2º Médio B,6,0.62,0.35,0.41,0.42,0.44,0.5102,-0.162,0.2035,0.0,0.25,0.609,0,Reprovado
Natalia Santos,Educação Física,2º Médio B,6,0.57,0.68,0.7,,0.6557,0.5102,0.13,0.1143,0.0,0.25,0.7648,2,Aprovado
Natalia Santos,Filosofia,2º Médio B,6,0.43,0.49,0.47,,0.4657,0.5102,0.04,0.0499,0.0,0.25,0.6562,0,Reprovado
Natalia Santos,Física,2º Médio B,6,0.4,0.52,0.35,,0.425,0.5102,-0.05,0.1427,0.0,0.25,0.5392,0,Reprovado
Natalia Santos,Geografia,2º Médio B,6,0.52,0.44,0.49,0.59,0.5135,0.5102,0.078,0.1086,0.0,0.25,0.6363,1,Recuperação
Natalia Santos,História,2º Médio B,6,0.62,0.5,0.48,,0.5271,0.5102,-0.14,0.1236,0.0,0.25,0.6531,1,Recuperação
Natalia Santos,Inglês,2º Médio B,6,0.46,0.54,0.37,0.54,0.4815,0.5102,0.021,0.1403,0.0,0.25,0.6028,0,Reprovado
Natalia Santos,Matemática,2º Médio B,6,0.33,0.46,0.43,0.46,0.4265,0.5102,0.108,0.1068,0.0,0.25,0.5644,0,Reprovado
Natalia Santos,Português,2º Médio B,6,0.43,0.43,0.41,0.62,0.482,0.5102,0.165,0.1711,0.0,0.25,0.6367,0,Reprovado
Natalia Santos,Química,2º Médio B,6,0.46,0.43,0.38,0.64,0.4865,0.5102,0.147,0.1962,0.0,0.25,0.5524,0,Reprovado
Natalia Santos,Sociologia,2º Médio B,6,0.75,0.64,0.65,0.44,0.6045,0.5102,-0.276,0.2249,0.0,0.25,0.6673,2,Aprovado
Nathalia Andrade,Arte,2º Médio B,6,0.96,0.99,0.71,0.97,0.908,0.9101,-0.075,0.2291,0.0,1.0,0.7156,2,Aprovado
Nathalia Andrade,Biologia,2º Médio B,6,0.75,0.94,0.75,1.0,0.8725,0.9101,0.168,0.2241,0.0,1.0,0.609,2,Aprovado
Nathalia Andrade,Educação Física,2º Médio B,6,1.0,1.0,1.0,1.0,1.0,0.9101,0.0,0.0,0.0,1.0,0.7648,2,Aprovado
Nathalia Andrade,Filosofia,2º Médio B,6,0.91,0.97,0.81,,0.8957,0.9101,-0.1,0.132,0.0,1.0,0.6562,2,Aprovado
Nathalia Andrade,Física,2º Médio B,6,0.85,0.87,0.72,0.86,0.8255,0.9101,-0.036,0.1221,0.0,1.0,0.5392,2,Aprovado
Nathalia Andrade,Geografia,2º Médio B,6,1.0,0.98,0.89,,0.9536,0.9101,-0.11,0.0957,0.0,1.0,0.6363,2,Aprovado
Nathalia Andrade,História,2º Médio B,6,0.81,0.97,0.93,,0.91,0.9101,0.12,0.136,0.0,1.0,0.6531,2,Aprovado
Nathalia Andrade,Inglês,2º Médio B,6,0.74,0.96,0.94,1.0,0.923,0.9101,0.228,0.201,0.0,1.0,0.6028,2,Aprovado
Nathalia Andrade,Matemática,2º Médio B,6,0.84,0.84,1.0,0.94,0.91,0.9101,0.138,0.1367,0.0,1.0,0.5644,2,Aprovado
Nathalia Andrade,Português,2º Médio B,6,0.92,1.0,0.86,0.92,0.925,0.9101,-0.042,0.0995,0.0,1.0,0.6367,2,Aprovado
Nathalia Andrade,Química,2º Médio B,6,0.8,0.86,0.86,0.79,0.827,0.9101,-0.009,0.0654,0.0,1.0,0.5524,2,Aprovado
Nathalia Andrade,Sociologia,2º Médio B,6,0.95,0.96,1.0,0.97,0.971,0.9101,0.03,0.0374,0.0,1.0,0.6673,2,Aprovado
Nicolas Ramos,Arte,2º Médio B,6,0.91,1.0,0.95,0.89,0.9365,0.8439,-0.033,0.0841,0.0,1.0,0.7156,2,Aprovado
Nicolas Ramos,Biologia,2º Médio B,6,0.81,0.92,0.75,,0.8279,0.8439,-0.06,0.1408,0.0,1.0,0.609,2,Aprovado
Nicolas Ramos,Educação Física,2º Médio B,6,1.0,0.95,1.0,1.0,0.9875,0.8439,0.015,0.0433,0.0,1.0,0.7648,2,Aprovado
Nicolas Ramos,Filosofia,2º Médio B,6,0.82,0.84,0.88,0.82,0.84,0.8439,0.012,0.049,0.0,1.0,0.6562,2,Aprovado
Nicolas Ramos,Física,2º Médio B,6,0.79,0.7,0.78,0.56,0.696,0.8439,-0.183,0.1841,0.0,1.0,0.5392,2,Aprovado
Nicolas Ramos,Geografia,2º Médio B,6,0.8,0.93,0.93,,0.8929,0.8439,0.13,0.1226,0.0,1.0,0.6363,2,Aprovado
Nicolas Ramos,História,2º Médio B,6,0.92,1.0,0.87,,0.9307,0.8439,-0.05,0.1071,0.0,1.0,0.6531,2,Aprovado
Nicolas Ramos,Inglês,2º Médio B,6,0.94,0.82,0.78,0.76,0.816,0.8439,-0.174,0.1396,0.0,1.0,0.6028,2,Aprovado
Nicolas Ramos,Matemática,2º Médio B,6,0.81,0.77,0.64,0.71,0.7275,0.8439,-0.129,0.1284,0.0,1.0,0.5644,2,Aprovado
Nicolas Ramos,Português,2º Médio B,6,0.87,0.8,0.82,0.9,0.849,0.8439,0.033,0.0792,0.0,1.0,0.6367,2,Aprovado
Nicolas Ramos,Química,2º Médio B,6,0.87,0.74,0.8,0.69,0.766,0.8439,-0.144,0.1345,0.0,1.0,0.5524,2,Aprovado
Nicolas Ramos,Sociologia,2º Médio B,6,0.83,0.83,0.96,0.81,0.8565,0.8439,0.021,0.1195,0.0,1.0,0.6673,2,Aprovado
Olivia Andrade,Arte,2º Médio B,6,0.79,0.94,0.72,0.89,0.84,0.6722,0.024,0.1712,0.0,0.8333,0.7156,2,Aprovado
Olivia Andrade,Biologia,2º Médio B,6,0.64,0.7,0.75,0.51,0.6435,0.6722,-0.102,0.1794,0.0,0.8333,0.609,2,Aprovado
Olivia Andrade,Educação Física,2º Médio B,6,0.83,0.88,0.74,0.83,0.82,0.6722,-0.042,0.101,0.0,0.8333,0.7648,2,Aprovado
Olivia Andrade,Filosofia,2º Médio B,6,0.69,0.66,0.7,,0.6829,0.6722,0.01,0.034,0.0,0.8333,0.6562,2,Aprovado
Olivia Andrade,Física,2º Médio B,6,0.59,0.45,0.59,0.81,0.621,0.6722,0.24,0.2577,0.0,0.8333,0.5392,2,Aprovado
Olivia Andrade,Geografia,2º Médio B,6,0.71,0.76,0.65,0.59,0.6715,0.6722,-0.141,0.1276,0.0,0.8333,0.6363,2,Aprovado
Olivia Andrade,História,2º Médio B,6,0.71,0.63,0.78,0.7,0.7045,0.6722,0.036,0.1063,0.0,0.8333,0.6531,2,Aprovado
Olivia Andrade,Inglês,2º Médio B,6,0.63,0.6,0.59,0.49,0.5705,0.6722,-0.129,0.1052,0.0,0.8333,0.6028,1,Recuperação
Olivia Andrade,Matemática,2º Médio B,6,0.66,0.54,0.76,0.56,0.625,0.6722,-0.024,0.1755,0.0,0.8333,0.5644,2,Aprovado
Olivia Andrade,Português,2º Médio B,6,0.83,0.57,0.57,0.7,0.661,0.6722,-0.117,0.2156,0.0,0.8333,0.6367,2,Aprovado
Olivia Andrade,Química,2º Médio B,6,0.44,0.54,0.47,0.6,0.5205,0.6722,0.123,0.1244,0.0,0.8333,0.5524,1,Recuperação
Olivia Andrade,Sociologia,2º Médio B,6,0.72,0.82,0.66,0.64,0.706,0.6722,-0.12,0.14,0.0,0.8333,0.6673,2,Aprovado
Paulo Dias,Arte,2º Médio B,6,0.68,0.66,0.94,0.76,0.764,0.7746,0.156,0.2209,0.0,1.0,0.7156,2,Aprovado
Paulo Dias,Biologia,2º Médio B,6,0.78,0.8,0.91,0.78,0.8175,0.7746,0.033,0.1081,0.0,1.0,0.609,2,Aprovado
Paulo Dias,Educação Física,2º Médio B,6,0.98,0.92,0.86,0.75,0.866,0.7746,-0.225,0.1699,0.0,1.0,0.7648,2,Aprovado
Paulo Dias,Filosofia,2º Médio B,6,0.8,0.88,0.81,0.87,0.8435,0.7746,0.042,0.0707,0.0,1.0,0.6562,2,Aprovado
Paulo Dias,Física,2º Médio B,6,0.61,0.56,0.71,0.65,0.6345,0.7746,0.081,0.1099,0.0,1.0,0.5392,2,Aprovado
Paulo Dias,Geografia,2º Médio B,6,0.85,0.74,0.93,,0.8393,0.7746,0.08,0.1558,0.0,1.0,0.6363,2,Aprovado
Paulo Dias,História,2º Médio B,6,0.77,0.78,0.92,,0.8271,0.7746,0.15,0.137,0.0,1.0,0.6531,2,Aprovado
Paulo Dias,Inglês,2º Médio B,6,0.7,0.83,0.69,,0.7429,0.7746,-0.01,0.1275,0.0,1.0,0.6028,2,Aprovado
Paulo Dias,Matemática,2º Médio B,6,0.69,0.74,0.76,0.63,0.702,0.7746,-0.048,0.1005,0.0,1.0,0.5644,2,Aprovado
Paulo Dias,Português,2º Médio B,6,0.82,0.71,0.72,0.77,0.7525,0.7746,-0.042,0.0877,0.0,1.0,0.6367,2,Aprovado
Paulo Dias,Química,2º Médio B,6,0.73,0.75,0.66,0.82,0.7445,0.7746,0.054,0.114,0.0,1.0,0.5524,2,Aprovado
Paulo Dias,Sociologia,2º Médio B,6,0.7,0.68,0.76,0.87,0.761,0.7746,0.177,0.1479,0.0,1.0,0.6673,2,Aprovado
Renata Santos,Arte,2º Médio B,6,0.84,0.76,0.82,,0.8043,0.6887,-0.02,0.068,0.0,0.75,0.7156,2,Aprovado
Renata Santos,Biologia,2º Médio B,6,0.59,0.67,0.72,0.6,0.6455,0.6887,0.024,0.1063,0.0,0.75,0.609,2,Aprovado
Renata Santos,Educação Física,2º Médio B,6,0.91,0.77,0.88,0.78,0.8285,0.6887,-0.084,0.1221,0.0,0.75,0.7648,2,Aprovado
Renata Santos,Filosofia,2º Médio B,6,0.62,0.64,0.76,0.81,0.717,0.6887,0.207,0.1596,0.0,0.75,0.6562,2,Aprovado
Renata Santos,Física,2º Médio B,6,0.56,0.57,0.63,0.58,0.586,0.6887,0.036,0.0539,0.0,0.75,0.5392,1,Recuperação
Renata Santos,Geografia,2º Médio B,6,0.79,0.62,0.75,0.76,0.7285,0.6887,0.012,0.1304,0.0,0.75,0.6363,2,Aprovado
Renata Santos,História,2º Médio B,6,0.78,0.68,0.86,,0.7729,0.6887,0.08,0.1473,0.0,0.75,0.6531,2,Aprovado
Renata Santos,Inglês,2º Médio B,6,0.7,0.68,0.58,,0.65,0.6887,-0.12,0.105,0.0,0.75,0.6028,2,Aprovado
Renata Santos,Matemática,2º Médio B,6,0.57,0.54,0.56,0.66,0.587,0.6887,0.087,0.0921,0.0,0.75,0.5644,1,Recuperação
Renata Santos,Português,2º Médio B,6,0.71,0.62,0.69,0.59,0.6465,0.6887,-0.087,0.0984,0.0,0.75,0.6367,2,Aprovado
Renata Santos,Química,2º Médio B,6,0.47,0.66,0.71,0.47,0.5775,0.6887,0.015,0.2179,0.0,0.75,0.5524,1,Recuperação
Renata Santos,Sociologia,2º Médio B,6,0.69,0.64,0.72,0.81,0.721,0.6887,0.132,0.1237,0.0,0.75,0.6673,2,Aprovado
Sofia Teixeira,Arte,2º Médio B,6,0.78,0.7,0.69,,0.7193,0.7397,-0.09,0.0806,0.0,1.0,0.7156,2,Aprovado
Sofia Teixeira,Biologia,2º Médio B,6,0.66,0.69,0.72,0.76,0.7125,0.7397,0.099,0.074,0.0,1.0,0.609,2,Aprovado
Sofia Teixeira,Educação Física,2º Médio B,6,0.96,0.91,0.98,0.89,0.9315,0.7397,-0.042,0.0728,0.0,1.0,0.7648,2,Aprovado
Sofia Teixeira,Filosofia,2º Médio B,6,0.7,0.81,0.77,0.87,0.796,0.7397,0.141,0.1236,0.0,1.0,0.6562,2,Aprovado
Sofia Teixeira,Física,2º Médio B,6,0.73,0.66,0.6,,0.6586,0.7397,-0.13,0.1062,0.0,1.0,0.5392,2,Aprovado
Sofia Teixeira,Geografia,2º Médio B,6,0.76,0.86,0.79,,0.8064,0.7397,0.03,0.0838,0.0,1.0,0.6363,2,Aprovado
Sofia Teixeira,História,2º Médio B,6,0.57,0.64,0.77,0.85,0.7215,0.7397,0.291,0.2183,0.0,1.0,0.6531,2,Aprovado
Sofia Teixeira,Inglês,2º Médio B,6,0.58,0.62,0.76,0.88,0.725,0.7397,0.312,0.2375,0.0,1.0,0.6028,2,Aprovado
Sofia Teixeira,Matemática,2º Médio B,6,0.6,0.56,0.67,,0.6107,0.7397,0.07,0.0909,0.0,1.0,0.5644,2,Aprovado
Sofia Teixeira,Português,2º Médio B,6,0.69,0.65,0.73,0.86,0.741,0.7397,0.177,0.1577,0.0,1.0,0.6367,2,Aprovado
Sofia Teixeira,Química,2º Médio B,6,0.64,0.74,0.65,0.72,0.6915,0.7397,0.045,0.0865,0.0,1.0,0.5524,2,Aprovado
Sofia Teixeira,Sociologia,2º Médio B,6,0.77,0.9,0.79,0.62,0.7625,0.7397,-0.168,0.1995,0.0,1.0,0.6673,2,Aprovado
Tatiane Barbosa,Arte,2º Médio B,6,0.72,0.72,0.71,0.84,0.7535,0.613,0.105,0.1071,0.0,0.4167,0.7156,2,Aprovado
Tatiane Barbosa,Biologia,2º Médio B,6,0.52,0.64,0.55,,0.5736,0.613,0.03,0.102,0.0,0.4167,0.609,1,Recuperação
Tatiane Barbosa,Educação Física,2º Médio B,6,0.91,0.67,0.73,0.77,0.763,0.613,-0.108,0.1766,0.0,0.4167,0.7648,2,Aprovado
Tatiane Barbosa,Filosofia,2º Médio B,6,0.69,0.78,0.64,0.74,0.715,0.613,0.003,0.1052,0.0,0.4167,0.6562,2,Aprovado
Tatiane Barbosa,Física,2º Médio B,6,0.62,0.62,0.42,0.49,0.531,0.613,-0.177,0.1723,0.0,0.4167,0.5392,1,Recuperação
Tatiane Barbosa,Geografia,2º Médio B,6,0.59,0.5,0.61,,0.565,0.613,0.02,0.0957,0.0,0.4167,0.6363,1,Recuperação
Tatiane Barbosa,História,2º Médio B,6,0.64,0.64,0.54,0.55,0.588,0.613,-0.111,0.0953,0.0,0.4167,0.6531,1,Recuperação
Tatiane Barbosa,Inglês,2º Médio B,6,0.43,0.68,0.56,0.57,0.567,0.613,0.09,0.1772,0.0,0.4167,0.6028,1,Recuperação
Tatiane Barbosa,Matemática,2º Médio B,6,0.54,0.42,0.47,,0.4721,0.613,-0.07,0.0984,0.0,0.4167,0.5644,0,Reprovado
Tatiane Barbosa,Português,2º Médio B,6,0.67,0.7,0.58,0.59,0.631,0.613,-0.108,0.1025,0.0,0.4167,0.6367,2,Aprovado
Tatiane Barbosa,Química,2º Médio B,6,0.52,0.6,0.49,0.55,0.5415,0.613,-0.006,0.0812,0.0,0.4167,0.5524,1,Recuperação
Tatiane Barbosa,Sociologia,2º Médio B,6,0.54,0.75,0.67,0.64,0.655,0.613,0.066,0.1503,0.0,0.4167,0.6673,2,Aprovado
Tatiane Ferreira,Arte,2º Médio B,6,0.21,0.33,0.22,,0.2564,0.2746,0.01,0.1087,0.0,0.0,0.7156,0,Reprovado
Tatiane Ferreira,Biologia,2º Médio B,6,0.3,0.15,0.23,0.32,0.251,0.2746,0.042,0.1334,0.0,0.0,0.609,0,Reprovado
Tatiane Ferreira,Educação Física,2º Médio B,6,0.43,0.28,0.59,0.39,0.4205,0.2746,0.057,0.2224,0.0,0.0,0.7648,0,Reprovado
Tatiane Ferreira,Filosofia,2º Médio B,6,0.4,0.29,0.26,0.29,0.3045,0.2746,-0.108,0.1068,0.0,0.0,0.6562,0,Reprovado
Tatiane Ferreira,Física,2º Médio B,6,0.18,0.31,0.19,0.18,0.215,0.2746,-0.036,0.11,0.0,0.0,0.5392,0,Reprovado
Tatiane Ferreira,Geografia,2º Médio B,6,0.3,0.09,0.17,0.27,0.206,0.2746,-0.003,0.1664,0.0,0.0,0.6363,0,Reprovado
Tatiane Ferreira,História,2º Médio B,6,0.33,0.26,0.32,0.31,0.304,0.2746,0.0,0.0539,0.0,0.0,0.6531,0,Reprovado
Tatiane Ferreira,Inglês,2º Médio B,6,0.43,0.26,0.32,0.17,0.282,0.2746,-0.216,0.1889,0.0,0.0,0.6028,0,Reprovado
Tatiane Ferreira,Matemática,2º Médio B,6,0.19,0.18,0.29,,0.2221,0.2746,0.1,0.0993,0.0,0.0,0.5644,0,Reprovado
Tatiane Ferreira,Português,2º Médio B,6,0.23,0.37,0.3,0.17,0.2645,0.2746,-0.075,0.1499,0.0,0.0,0.6367,0,Reprovado
Tatiane Ferreira,Química,2º Médio B,6,0.26,0.27,0.27,0.15,0.232,0.2746,-0.099,0.1014,0.0,0.0,0.5524,0,Reprovado
Tatiane Ferreira,Sociologia,2º Médio B,6,0.28,0.38,0.34,,0.3371,0.2746,0.06,0.0822,0.0,0.0,0.6673,0,Reprovado
Ana Cunha,Arte,3º Médio A,6,0.46,0.44,0.44,0.6,0.492,0.487,0.126,0.1338,0.0,0.0833,0.6132,0,Reprovado
Ana Cunha,Biologia,3º Médio A,6,0.3,0.55,0.37,0.56,0.458,0.487,0.18,0.2256,0.0,0.0833,0.5109,0,Reprovado
Ana Cunha,Educação Física,3º Médio A,6,0.6,0.49,0.59,0.74,0.612,0.487,0.156,0.178,0.0,0.0833,0.6674,2,Aprovado
Ana Cunha,Filosofia,3º Médio A,6,0.5,0.43,0.51,0.59,0.512,0.487,0.105,0.1135,0.0,0.0833,0.5561,1,Recuperação
Ana Cunha,Física,3º Médio A,6,0.56,0.5,0.38,0.22,0.398,0.487,-0.342,0.2598,0.0,0.0833,0.4587,0,Reprovado
Ana Cunha,Geografia,3º Médio A,6,0.33,0.4,0.46,0.61,0.464,0.487,0.27,0.2064,0.0,0.0833,0.5399,0,Reprovado
Ana Cunha,História,3º Médio A,6,0.38,0.42,0.36,0.6,0.451,0.487,0.18,0.1897,0.0,0.0833,0.5458,0,Reprovado
Ana Cunha,Inglês,3º Médio A,6,0.55,0.6,0.38,0.43,0.484,0.487,-0.174,0.1772,0.0,0.0833,0.4996,0,Reprovado
Ana Cunha,Matemática,3º Médio A,6,0.49,0.46,0.4,0.49,0.46,0.487,-0.018,0.0735,0.0,0.0833,0.4781,0,Reprovado
Ana Cunha,Português,3º Médio A,6,0.52,0.52,0.59,,0.545,0.487,0.07,0.066,0.0,0.0833,0.5285,1,Recuperação
Ana Cunha,Química,3º Médio A,6,0.47,0.36,0.41,0.29,0.3735,0.487,-0.147,0.1322,0.0,0.0833,0.4714,0,Reprovado
Ana Cunha,Sociologia,3º Médio A,6,0.68,0.51,0.57,0.63,0.595,0.487,-0.027,0.1276,0.0,0.0833,0.5765,1,Recuperação
André Cunha,Arte,3º Médio A,6,0.62,0.61,0.59,0.7,0.634,0.561,0.066,0.0837,0.0,0.4167,0.6132,2,Aprovado
André Cunha,Biologia,3º Médio A,6,0.54,0.73,0.6,0.41,0.5635,0.561,-0.156,0.2302,0.0,0.4167,0.5109,1,Recuperação
André Cunha,Educação Física,3º Médio A,6,0.66,0.83,0.83,,0.7814,0.561,0.17,0.1603,0.0,0.4167,0.6674,2,Aprovado
André Cunha,Filosofia,3º Médio A,6,0.64,0.65,0.54,,0.6079,0.561,-0.1,0.0993,0.0,0.4167,0.5561,2,Aprovado
André Cunha,Física,3º Médio A,6,0.49,0.34,0.45,0.48,0.4395,0.561,0.024,0.1192,0.0,0.4167,0.4587,0,Reprovado
André Cunha,Geografia,3º Médio A,6,0.6,0.5,0.42,0.48,0.494,0.561,-0.132,0.1296,0.0,0.4167,0.5399,0,Reprovado
André Cunha,História,3º Médio A,6,0.49,0.67,0.61,0.61,0.601,0.561,0.09,0.1308,0.0,0.4167,0.5458,2,Aprovado
André Cunha,Inglês,3º Médio A,6,0.4,0.57,0.48,0.56,0.5105,0.561,0.117,0.1374,0.0,0.4167,0.4996,1,Recuperação
André Cunha,Matemática,3º Médio A,6,0.44,0.42,0.48,0.46,0.451,0.561,0.036,0.0447,0.0,0.4167,0.4781,0,Reprovado
André Cunha,Português,3º Médio A,6,0.54,0.63,0.62,0.47,0.5615,0.561,-0.066,0.13,0.0,0.4167,0.5285,1,Recuperação
André Cunha,Química,3º Médio A,6,0.51,0.42,0.35,0.58,0.4685,0.561,0.042,0.1746,0.0,0.4167,0.4714,0,Reprovado
André Cunha,Sociologia,3º Médio A,6,0.7,0.6,0.56,0.63,0.619,0.561,-0.075,0.1023,0.0,0.4167,0.5765,2,Aprovado
Bruno Cardoso,Arte,3º Médio A,6,0.41,0.46,0.39,,0.4207,0.4156,-0.02,0.0589,0.0,0.0,0.6132,0,Reprovado
Bruno Cardoso,Biologia,3º Médio A,6,0.18,0.3,0.4,0.41,0.334,0.4156,0.237,0.1857,0.0,0.0,0.5109,0,Reprovado
Bruno Cardoso,Educação Física,3º Médio A,6,0.54,0.52,0.59,0.57,0.5565,0.4156,0.048,0.0539,0.0,0.0,0.6674,1,Recuperação
Bruno Cardoso,Filosofia,3º Médio A,6,0.4,0.37,0.56,0.5,0.4625,0.4156,0.147,0.1526,0.0,0.0,0.5561,0,Reprovado
Bruno Cardoso,Física,3º Médio A,6,0.08,0.35,0.42,,0.2979,0.4156,0.34,0.2932,0.0,0.0,0.4587,0,Reprovado
Bruno Cardoso,Geografia,3º Médio A,6,0.52,0.34,0.55,0.38,0.4405,0.4156,-0.063,0.1785,0.0,0.0,0.5399,0,Reprovado
Bruno Cardoso,História,3º Médio A,6,0.42,0.49,0.57,0.54,0.511,0.4156,0.132,0.1136,0.0,0.0,0.5458,1,Recuperação
Bruno Cardoso,Inglês,3º Médio A,6,0.38,0.39,0.38,0.35,0.3735,0.4156,-0.03,0.03,0.0,0.0,0.4996,0,Reprovado
Bruno Cardoso,Matemática,3º Médio A,6,0.45,0.31,0.51,0.3,0.385,0.4156,-0.075,0.1802,0.0,0.0,0.4781,0,Reprovado
Bruno Cardoso,Português,3º Médio A,6,0.45,0.39,0.45,,0.4286,0.4156,0.0,0.0566,0.0,0.0,0.5285,0,Reprovado
Bruno Cardoso,Química,3º Médio A,6,0.25,0.35,0.37,,0.3286,0.4156,0.12,0.105,0.0,0.0,0.4714,0,Reprovado
Bruno Cardoso,Sociologia,3º Médio A,6,0.32,0.49,0.47,0.48,0.448,0.4156,0.138,0.1393,0.0,0.0,0.5765,0,Reprovado
Camila Lima,Arte,3º Médio A,6,0.55,0.3,0.45,,0.425,0.3319,-0.1,0.2055,0.0,0.0,0.6132,0,Reprovado
Camila Lima,Biologia,3º Médio A,6,0.38,0.29,0.29,0.19,0.278,0.3319,-0.171,0.1344,0.0,0.0,0.5109,0,Reprovado
Camila Lima,Educação Física,3º Médio A,6,0.49,0.58,0.54,0.7,0.588,0.3319,0.177,0.1552,0.0,0.0,0.6674,1,Recuperação
Camila Lima,Filosofia,3º Médio A,6,0.41,0.27,0.26,,0.3064,0.3319,-0.15,0.137,0.0,0.0,0.5561,0,Reprovado
Camila Lima,Física,3º Médio A,6,0.15,0.16,0.34,0.19,0.212,0.3319,0.09,0.153,0.0,0.0,0.4587,0,Reprovado
Camila Lima,Geografia,3º Médio A,6,0.29,0.32,0.43,,0.3507,0.3319,0.14,0.1204,0.0,0.0,0.5399,0,Reprovado
Camila Lima,História,3º Médio A,6,0.44,0.31,0.24,0.46,0.3635,0.3319,-0.003,0.1824,0.0,0.0,0.5458,0,Reprovado
Camila Lima,Inglês,3º Médio A,6,0.35,0.3,0.2,0.24,0.267,0.3319,-0.129,0.1143,0.0,0.0,0.4996,0,Reprovado
Camila Lima,Matemática,3º Médio A,6,0.26,0.25,0.24,0.18,0.2285,0.3319,-0.075,0.0622,0.0,0.0,0.4781,0,Reprovado
Camila Lima,Português,3º Médio A,6,0.4,0.22,0.34,,0.3143,0.3319,-0.06,0.1497,0.0,0.0,0.5285,0,Reprovado
Camila Lima,Química,3º Médio A,6,0.28,0.28,0.17,,0.2407,0.3319,-0.11,0.1037,0.0,0.0,0.4714,0,Reprovado
Camila Lima,Sociologia,3º Médio A,6,0.39,0.45,0.32,0.46,0.4085,0.3319,0.024,0.1118,0.0,0.0,0.5765,0,Reprovado
Daniela Freitas,Arte,3º Médio A,6,0.39,0.52,0.45,,0.4579,0.3139,0.06,0.1062,0.0,0.0,0.6132,0,Reprovado
Daniela Freitas,Biologia,3º Médio A,6,0.22,0.29,0.25,,0.2557,0.3139,0.03,0.0573,0.0,0.0,0.5109,0,Reprovado
Daniela Freitas,Educação Física,3º Médio A,6,0.44,0.56,0.45,0.52,0.4965,0.3139,0.039,0.0994,0.0,0.0,0.6674,0,Reprovado
Daniela Freitas,Filosofia,3º Médio A,6,0.37,0.27,0.27,,0.2986,0.3139,-0.1,0.0943,0.0,0.0,0.5561,0,Reprovado
Daniela Freitas,Física,3º Médio A,6,0.34,0.14,0.13,,0.1936,0.3139,-0.21,0.1934,0.0,0.0,0.4587,0,Reprovado
Daniela Freitas,Geografia,3º Médio A,6,0.27,0.25,0.24,,0.2521,0.3139,-0.03,0.0249,0.0,0.0,0.5399,0,Reprovado
Daniela Freitas,História,3º Médio A,6,0.28,0.41,0.34,0.33,0.3425,0.3139,0.024,0.0927,0.0,0.0,0.5458,0,Reprovado
Daniela Freitas,Inglês,3º Médio A,6,0.33,0.15,0.33,0.26,0.264,0.3139,-0.009,0.1472,0.0,0.0,0.4996,0,Reprovado
Daniela Freitas,Matemática,3º Médio A,6,0.22,0.35,0.24,,0.2736,0.3139,0.02,0.1143,0.0,0.0,0.4781,0,Reprovado
Daniela Freitas,Português,3º Médio A,6,0.34,0.35,0.2,0.27,0.2865,0.3139,-0.108,0.1208,0.0,0.0,0.5285,0,Reprovado
Daniela Freitas,Química,3º Médio A,6,0.38,0.2,0.19,0.42,0.2995,0.3139,0.033,0.2071,0.0,0.0,0.4714,0,Reprovado
Daniela Freitas,Sociologia,3º Médio A,6,0.33,0.33,0.31,0.4,0.346,0.3139,0.057,0.0684,0.0,0.0,0.5765,0,Reprovado
Diego Borges,Arte,3º Médio A,6,0.79,1.0,0.96,0.98,0.942,0.8616,0.159,0.167,0.0,1.0,0.6132,2,Aprovado
Diego Borges,Biologia,3º Médio A,6,0.79,0.75,0.83,0.94,0.835,0.8616,0.159,0.1417,0.0,1.0,0.5109,2,Aprovado
Diego Borges,Educação Física,3º Médio A,6,1.0,0.93,1.0,,0.975,0.8616,0.0,0.066,0.0,1.0,0.6674,2,Aprovado
Diego Borges,Filosofia,3º Médio A,6,0.87,0.88,0.88,0.71,0.827,0.8616,-0.144,0.1446,0.0,1.0,0.5561,2,Aprovado
Diego Borges,Física,3º Médio A,6,0.72,0.79,0.79,,0.77,0.8616,0.07,0.066,0.0,1.0,0.4587,2,Aprovado
Diego Borges,Geografia,3º Médio A,6,0.89,0.81,0.76,1.0,0.8705,0.8616,0.084,0.1814,0.0,1.0,0.5399,2,Aprovado
Diego Borges,História,3º Médio A,6,0.82,0.71,0.87,,0.7986,0.8616,0.05,0.1337,0.0,1.0,0.5458,2,Aprovado
Diego Borges,Inglês,3º Médio A,6,0.81,0.92,0.93,,0.8921,0.8616,0.12,0.1087,0.0,1.0,0.4996,2,Aprovado
Diego Borges,Matemática,3º Médio A,6,0.98,0.85,0.85,0.81,0.864,0.8616,-0.153,0.1284,0.0,1.0,0.4781,2,Aprovado
Diego Borges,Português,3º Médio A,6,0.95,0.81,0.89,,0.8786,0.8616,-0.06,0.1147,0.0,1.0,0.5285,2,Aprovado
Diego Borges,Química,3º Médio A,6,1.0,0.78,0.69,0.84,0.8195,0.8616,-0.171,0.226,0.0,1.0,0.4714,2,Aprovado
Diego Borges,Sociologia,3º Médio A,6,0.69,0.91,0.89,0.93,0.867,0.8616,0.21,0.1926,0.0,1.0,0.5765,2,Aprovado
Elisa Cavalcanti,Arte,3º Médio A,6,0.43,0.41,0.31,0.34,0.368,0.2627,-0.111,0.0984,0.0,0.0,0.6132,0,Reprovado
Elisa Cavalcanti,Biologia,3º Médio A,6,0.33,0.25,0.18,0.3,0.2635,0.2627,-0.048,0.1136,0.0,0.0,0.5109,0,Reprovado
Elisa Cavalcanti,Educação Física,3º Médio A,6,0.37,0.38,0.32,0.46,0.387,0.2627,0.063,0.1004,0.0,0.0,0.6674,0,Reprovado
Elisa Cavalcanti,Filosofia,3º Médio A,6,0.35,0.34,0.34,0.32,0.336,0.2627,-0.027,0.0218,0.0,0.0,0.5561,0,Reprovado
Elisa Cavalcanti,Física,3º Médio A,6,0.19,0.37,0.03,,0.1971,0.2627,-0.16,0.2778,0.0,0.0,0.4587,0,Reprovado
Elisa Cavalcanti,Geografia,3º Médio A,6,0.19,0.22,0.25,0.34,0.2575,0.2627,0.144,0.1122,0.0,0.0,0.5399,0,Reprovado
Elisa Cavalcanti,História,3º Médio A,6,0.15,0.39,0.21,,0.2571,0.2627,0.06,0.204,0.0,0.0,0.5458,0,Reprovado
Elisa Cavalcanti,Inglês,3º Médio A,6,0.18,0.18,0.26,,0.2086,0.2627,0.08,0.0754,0.0,0.0,0.4996,0,Reprovado
Elisa Cavalcanti,Matemática,3º Médio A,6,0.21,0.09,0.14,0.26,0.1775,0.2627,0.06,0.13,0.0,0.0,0.4781,0,Reprovado
Elisa Cavalcanti,Português,3º Médio A,6,0.17,0.28,0.2,0.28,0.238,0.2627,0.075,0.0973,0.0,0.0,0.5285,0,Reprovado
Elisa Cavalcanti,Química,3º Médio A,6,0.21,0.17,0.11,0.13,0.151,0.2627,-0.09,0.0768,0.0,0.0,0.4714,0,Reprovado
Elisa Cavalcanti,Sociologia,3º Médio A,6,0.32,0.38,0.27,0.28,0.3105,0.2627,-0.069,0.0865,0.0,0.0,0.5765,0,Reprovado
Elisa Ribeiro,Arte,3º Médio A,6,0.62,0.9,0.9,0.79,0.811,0.6676,0.153,0.2291,0.0,0.8333,0.6132,2,Aprovado
Elisa Ribeiro,Biologia,3º Médio A,6,0.55,0.71,0.68,,0.6536,0.6676,0.13,0.1389,0.0,0.8333,0.5109,2,Aprovado
Elisa Ribeiro,Educação Física,3º Médio A,6,0.68,0.74,0.83,0.72,0.7445,0.6676,0.063,0.1099,0.0,0.8333,0.6674,2,Aprovado
Elisa Ribeiro,Filosofia,3º Médio A,6,0.63,0.67,0.78,,0.6979,0.6676,0.15,0.1268,0.0,0.8333,0.5561,2,Aprovado
Elisa Ribeiro,Física,3º Médio A,6,0.57,0.59,0.65,0.73,0.643,0.6676,0.162,0.1245,0.0,0.8333,0.4587,2,Aprovado
Elisa Ribeiro,Geografia,3º Médio A,6,0.6,0.67,0.68,0.78,0.6915,0.6676,0.165,0.1284,0.0,0.8333,0.5399,2,Aprovado
Elisa Ribeiro,História,3º Médio A,6,0.74,0.67,0.68,0.61,0.6685,0.6676,-0.114,0.0922,0.0,0.8333,0.5458,2,Aprovado
Elisa Ribeiro,Inglês,3º Médio A,6,0.59,0.63,0.59,0.6,0.603,0.6676,-0.003,0.0328,0.0,0.8333,0.4996,2,Aprovado
Elisa Ribeiro,Matemática,3º Médio A,6,0.52,0.56,0.46,0.64,0.551,0.6676,0.078,0.1308,0.0,0.8333,0.4781,1,Recuperação
Elisa Ribeiro,Português,3º Médio A,6,0.8,0.6,0.72,0.76,0.718,0.6676,0.0,0.1497,0.0,0.8333,0.5285,2,Aprovado
Elisa Ribeiro,Química,3º Médio A,6,0.67,0.39,0.53,0.58,0.538,0.6676,-0.039,0.2027,0.0,0.8333,0.4714,1,Recuperação
Elisa Ribeiro,Sociologia,3º Médio A,6,0.78,0.57,0.74,,0.6907,0.6676,-0.04,0.1821,0.0,0.8333,0.5765,2,Aprovado
Gabriela Ferreira,Arte,3º Médio A,6,0.65,0.72,0.79,0.6,0.6875,0.6395,-0.024,0.1435,0.0,0.6667,0.6132,2,Aprovado
Gabriela Ferreira,Biologia,3º Médio A,6,0.53,0.63,0.68,0.63,0.6225,0.6395,0.105,0.109,0.0,0.6667,0.5109,2,Aprovado
Gabriela Ferreira,Educação Física,3º Médio A,6,0.7,0.73,0.67,0.78,0.724,0.6395,0.054,0.0812,0.0,0.6667,0.6674,2,Aprovado
Gabriela Ferreira,Filosofia,3º Médio A,6,0.69,0.6,0.66,0.82,0.699,0.6395,0.135,0.1609,0.0,0.6667,0.5561,2,Aprovado
Gabriela Ferreira,Física,3º Médio A,6,0.56,0.59,0.49,0.5,0.532,0.6395,-0.084,0.0831,0.0,0.6667,0.4587,1,Recuperação
Gabriela Ferreira,Geografia,3º Médio A,6,0.76,0.58,0.67,0.59,0.6415,0.6395,-0.126,0.1449,0.0,0.6667,0.5399,2,Aprovado
Gabriela Ferreira,História,3º Médio A,6,0.76,0.66,0.56,0.55,0.622,0.6395,-0.219,0.1705,0.0,0.6667,0.5458,2,Aprovado
Gabriela Ferreira,Inglês,3º Médio A,6,0.41,0.59,0.66,0.62,0.5805,0.6395,0.21,0.1913,0.0,0.6667,0.4996,1,Recuperação
Gabriela Ferreira,Matemática,3º Médio A,6,0.61,0.63,0.56,0.57,0.5905,0.6395,-0.057,0.0572,0.0,0.6667,0.4781,1,Recuperação
Gabriela Ferreira,Português,3º Médio A,6,0.63,0.77,0.56,0.72,0.6745,0.6395,0.018,0.1619,0.0,0.6667,0.5285,2,Aprovado
Gabriela Ferreira,Química,3º Médio A,6,0.56,0.55,0.71,0.52,0.583,0.6395,0.012,0.1473,0.0,0.6667,0.4714,1,Recuperação
Gabriela Ferreira,Sociologia,3º Médio A,6,0.79,0.75,0.61,0.73,0.717,0.6395,-0.096,0.1342,0.0,0.6667,0.5765,2,Aprovado
Guilherme Araújo,Arte,3º Médio A,6,0.44,0.47,0.43,,0.4471,0.3057,-0.01,0.034,0.0,0.0,0.6132,0,Reprovado
Guilherme Araújo,Biologia,3º Médio A,6,0.2,0.23,0.2,0.23,0.2165,0.3057,0.018,0.03,0.0,0.0,0.5109,0,Reprovado
Guilherme Araújo,Educação Física,3º Médio A,6,0.45,0.53,0.41,,0.4643,0.3057,-0.04,0.0998,0.0,0.0,0.6674,0,Reprovado
Guilherme Araújo,Filosofia,3º Médio A,6,0.21,0.32,0.23,0.28,0.2635,0.3057,0.036,0.086,0.0,0.0,0.5561,0,Reprovado
Guilherme Araújo,Física,3º Médio A,6,0.16,0.22,0.16,,0.1814,0.3057,0.0,0.0566,0.0,0.0,0.4587,0,Reprovado
Guilherme Araújo,Geografia,3º Médio A,6,0.36,0.45,0.29,0.38,0.371,0.3057,-0.03,0.114,0.0,0.0,0.5399,0,Reprovado
Guilherme Araújo,História,3º Médio A,6,0.39,0.36,0.3,0.48,0.387,0.3057,0.063,0.1299,0.0,0.0,0.5458,0,Reprovado
Guilherme Araújo,Inglês,3º Médio A,6,0.19,0.19,0.23,0.26,0.221,0.3057,0.075,0.0589,0.0,0.0,0.4996,0,Reprovado
Guilherme Araújo,Matemática,3º Médio A,6,0.18,0.12,0.24,,0.18,0.3057,0.06,0.098,0.0,0.0,0.4781,0,Reprovado
Guilherme Araújo,Português,3º Médio A,6,0.28,0.18,0.38,,0.28,0.3057,0.1,0.1633,0.0,0.0,0.5285,0,Reprovado
Guilherme Araújo,Química,3º Médio A,6,0.09,0.3,0.42,0.24,0.27,0.3057,0.171,0.2376,0.0,0.0,0.4714,0,Reprovado
Guilherme Araújo,Sociologia,3º Médio A,6,0.21,0.39,0.53,0.38,0.386,0.3057,0.195,0.2269,0.0,0.0,0.5765,0,Reprovado
Guilherme Tavares,Arte,3º Médio A,6,0.66,0.69,0.67,,0.6743,0.5865,0.01,0.0249,0.0,0.4167,0.6132,2,Aprovado
Guilherme Tavares,Biologia,3º Médio A,6,0.6,0.63,0.61,0.44,0.562,0.5865,-0.15,0.1517,0.0,0.4167,0.5109,1,Recuperação
Guilherme Tavares,Educação Física,3º Médio A,6,0.59,0.68,0.69,,0.6579,0.5865,0.1,0.0899,0.0,0.4167,0.6674,2,Aprovado
Guilherme Tavares,Filosofia,3º Médio A,6,0.73,0.65,0.58,0.64,0.6455,0.5865,-0.102,0.1068,0.0,0.4167,0.5561,2,Aprovado
Guilherme Tavares,Física,3º Médio A,6,0.55,0.38,0.6,0.63,0.544,0.5865,0.138,0.1934,0.0,0.4167,0.4587,1,Recuperação
Guilherme Tavares,Geografia,3º Médio A,6,0.64,0.62,0.69,,0.6507,0.5865,0.05,0.0589,0.0,0.4167,0.5399,2,Aprovado
Guilherme Tavares,História,3º Médio A,6,0.48,0.62,0.72,0.52,0.587,0.5865,0.066,0.1863,0.0,0.4167,0.5458,1,Recuperação
Guilherme Tavares,Inglês,3º Médio A,6,0.52,0.47,0.72,0.67,0.6025,0.5865,0.21,0.2062,0.0,0.4167,0.4996,2,Aprovado
Guilherme Tavares,Matemática,3º Médio A,6,0.49,0.64,0.46,0.46,0.511,0.5865,-0.081,0.1492,0.0,0.4167,0.4781,1,Recuperação
Guilherme Tavares,Português,3º Médio A,6,0.4,0.65,0.62,0.43,0.5265,0.5865,0.018,0.222,0.0,0.4167,0.5285,1,Recuperação
Guilherme Tavares,Química,3º Médio A,6,0.5,0.39,0.57,0.49,0.487,0.5865,0.045,0.1284,0.0,0.4167,0.4714,0,Reprovado
Guilherme Tavares,Sociologia,3º Médio A,6,0.59,0.6,0.52,0.64,0.59,0.5865,0.021,0.0865,0.0,0.4167,0.5765,1,Recuperação
Jessica Correia,Arte,3º Médio A,6,0.63,0.65,0.62,,0.6336,0.5345,-0.01,0.0249,0.0,0.25,0.6132,2,Aprovado
Jessica Correia,Biologia,3º Médio A,6,0.41,0.58,0.47,0.46,0.4825,0.5345,0.012,0.1241,0.0,0.25,0.5109,0,Reprovado
Jessica Correia,Educação Física,3º Médio A,6,0.77,0.65,0.54,0.63,0.6405,0.5345,-0.159,0.1639,0.0,0.25,0.6674,2,Aprovado
Jessica Correia,Filosofia,3º Médio A,6,0.46,0.48,0.56,0.61,0.535,0.5345,0.159,0.1211,0.0,0.25,0.5561,1,Recuperação
Jessica Correia,Física,3º Médio A,6,0.59,0.52,0.43,,0.5079,0.5345,-0.16,0.131,0.0,0.25,0.4587,1,Recuperação
Jessica Correia,Geografia,3º Médio A,6,0.45,0.67,0.43,,0.5214,0.5345,-0.02,0.2175,0.0,0.25,0.5399,1,Recuperação
Jessica Correia,História,3º Médio A,6,0.31,0.47,0.51,,0.4386,0.5345,0.2,0.1728,0.0,0.25,0.5458,0,Reprovado
Jessica Correia,Inglês,3º Médio A,6,0.39,0.56,0.38,0.42,0.439,0.5345,-0.027,0.1445,0.0,0.25,0.4996,0,Reprovado
Jessica Correia,Matemática,3º Médio A,6,0.63,0.51,0.44,0.62,0.5495,0.5345,-0.03,0.1581,0.0,0.25,0.4781,1,Recuperação
Jessica Correia,Português,3º Médio A,6,0.64,0.58,0.51,0.67,0.6015,0.5345,0.006,0.1225,0.0,0.25,0.5285,2,Aprovado
Jessica Correia,Química,3º Médio A,6,0.43,0.42,0.5,0.55,0.481,0.5345,0.132,0.1063,0.0,0.25,0.4714,0,Reprovado
Jessica Correia,Sociologia,3º Médio A,6,0.53,0.59,0.61,0.59,0.583,0.5345,0.06,0.06,0.0,0.25,0.5765,1,Recuperação
João Castro,Arte,3º Médio A,6,0.71,0.85,0.73,0.82,0.783,0.6853,0.063,0.1178,0.0,0.75,0.6132,2,Aprovado
João Castro,Biologia,3º Médio A,6,0.44,0.59,0.52,0.67,0.5665,0.6853,0.186,0.17,0.0,0.75,0.5109,1,Recuperação
João Castro,Educação Física,3º Médio A,6,0.78,0.78,0.96,0.75,0.816,0.6853,0.027,0.1664,0.0,0.75,0.6674,2,Aprovado
João Castro,Filosofia,3º Médio A,6,0.62,0.7,0.62,0.76,0.682,0.6853,0.102,0.1179,0.0,0.75,0.5561,2,Aprovado
João Castro,Física,3º Médio A,6,0.47,0.65,0.65,0.72,0.635,0.6853,0.225,0.1851,0.0,0.75,0.4587,2,Aprovado
João Castro,Geografia,3º Médio A,6,0.8,0.76,0.7,,0.75,0.6853,-0.1,0.0822,0.0,0.75,0.5399,2,Aprovado
João Castro,História,3º Médio A,6,0.78,0.69,0.69,0.6,0.681,0.6853,-0.162,0.1273,0.0,0.75,0.5458,2,Aprovado
João Castro,Inglês,3º Médio A,6,0.64,0.52,0.61,,0.5864,0.6853,-0.03,0.102,0.0,0.75,0.4996,1,Recuperação
João Castro,Matemática,3º Médio A,6,0.69,0.65,0.72,,0.6864,0.6853,0.03,0.0573,0.0,0.75,0.4781,2,Aprovado
João Castro,Português,3º Médio A,6,0.84,0.64,0.65,0.66,0.6885,0.6853,-0.159,0.1652,0.0,0.75,0.5285,2,Aprovado
João Castro,Química,3º Médio A,6,0.52,0.63,0.54,0.64,0.5885,0.6853,0.081,0.1062,0.0,0.75,0.4714,1,Recuperação
João Castro,Sociologia,3º Médio A,6,0.86,0.74,0.7,,0.76,0.6853,-0.16,0.136,0.0,0.75,0.5765,2,Aprovado
Laura Araújo,Arte,3º Médio A,6,1.0,0.9,0.85,0.89,0.9045,0.8584,-0.114,0.1105,0.0,1.0,0.6132,2,Aprovado
Laura Araújo,Biologia,3º Médio A,6,0.94,0.71,0.81,0.75,0.793,0.8584,-0.141,0.174,0.0,1.0,0.5109,2,Aprovado
Laura Araújo,Educação Física,3º Médio A,6,0.94,1.0,1.0,1.0,0.988,0.8584,0.054,0.052,0.0,1.0,0.6674,2,Aprovado
Laura Araújo,Filosofia,3º Médio A,6,0.88,0.85,0.79,0.87,0.847,0.8584,-0.027,0.0698,0.0,1.0,0.5561,2,Aprovado
Laura Araújo,Física,3º Médio A,6,0.82,0.8,0.62,0.82,0.765,0.8584,-0.054,0.1682,0.0,1.0,0.4587,2,Aprovado
Laura Araújo,Geografia,3º Médio A,6,0.87,0.81,0.88,,0.8521,0.8584,0.01,0.0618,0.0,1.0,0.5399,2,Aprovado
Laura Araújo,História,3º Médio A,6,0.64,1.0,1.0,0.84,0.88,0.8584,0.18,0.296,0.0,1.0,0.5458,2,Aprovado
Laura Araújo,Inglês,3º Médio A,6,0.91,0.92,0.9,0.88,0.901,0.8584,-0.033,0.0296,0.0,1.0,0.4996,2,Aprovado
Laura Araújo,Matemática,3º Médio A,6,0.75,0.76,0.68,0.99,0.807,0.8584,0.192,0.2335,0.0,1.0,0.4781,2,Aprovado
Laura Araújo,Português,3º Médio A,6,0.75,0.88,0.93,0.84,0.8545,0.8584,0.096,0.1319,0.0,1.0,0.5285,2,Aprovado
Laura Araújo,Química,3º Médio A,6,0.72,0.71,0.97,0.82,0.81,0.8584,0.168,0.209,0.0,1.0,0.4714,2,Aprovado
Laura Araújo,Sociologia,3º Médio A,6,0.85,0.96,0.97,0.82,0.8985,0.8584,-0.024,0.1319,0.0,1.0,0.5765,2,Aprovado
Lucas Marques,Arte,3º Médio A,6,0.24,0.29,0.27,0.29,0.275,0.232,0.039,0.0409,0.0,0.0,0.6132,0,Reprovado
Lucas Marques,Biologia,3º Médio A,6,0.12,0.23,0.24,0.19,0.1985,0.232,0.066,0.0943,0.0,0.0,0.5109,0,Reprovado
Lucas Marques,Educação Física,3º Médio A,6,0.5,0.41,0.3,,0.3964,0.232,-0.2,0.1636,0.0,0.0,0.6674,0,Reprovado
Lucas Marques,Filosofia,3º Médio A,6,0.31,0.23,0.21,0.31,0.265,0.232,-0.006,0.0911,0.0,0.0,0.5561,0,Reprovado
Lucas Marques,Física,3º Médio A,6,0.32,0.09,0.05,0.08,0.123,0.232,-0.228,0.2156,0.0,0.0,0.4587,0,Reprovado
Lucas Marques,Geografia,3º Médio A,6,0.14,0.34,0.24,0.19,0.23,0.232,0.015,0.1479,0.0,0.0,0.5399,0,Reprovado
Lucas Marques,História,3º Médio A,6,0.21,0.18,0.21,,0.1993,0.232,0.0,0.0283,0.0,0.0,0.5458,0,Reprovado
Lucas Marques,Inglês,3º Médio A,6,0.08,0.26,0.12,,0.1586,0.232,0.04,0.1543,0.0,0.0,0.4996,0,Reprovado
Lucas Marques,Matemática,3º Médio A,6,0.05,0.28,0.27,,0.2107,0.232,0.22,0.2123,0.0,0.0,0.4781,0,Reprovado
Lucas Marques,Português,3º Médio A,6,0.17,0.19,0.32,0.14,0.2035,0.232,0.012,0.1375,0.0,0.0,0.5285,0,Reprovado
Lucas Marques,Química,3º Médio A,6,0.32,0.22,0.18,0.08,0.188,0.232,-0.228,0.172,0.0,0.0,0.4714,0,Reprovado
Lucas Marques,Sociologia,3º Médio A,6,0.18,0.4,0.38,0.35,0.336,0.232,0.147,0.174,0.0,0.0,0.5765,0,Reprovado
Luiz Andrade,Arte,3º Médio A,6,0.53,0.53,0.75,0.51,0.579,0.4781,0.048,0.197,0.0,0.0833,0.6132,1,Recuperação
Luiz Andrade,Biologia,3º Médio A,6,0.58,0.49,0.52,0.46,0.5065,0.4781,-0.099,0.0887,0.0,0.0833,0.5109,1,Recuperação
Luiz Andrade,Educação Física,3º Médio A,6,0.58,0.77,0.64,,0.6693,0.4781,0.06,0.1586,0.0,0.0833,0.6674,2,Aprovado
Luiz Andrade,Filosofia,3º Médio A,6,0.34,0.45,0.5,0.52,0.4615,0.4781,0.177,0.1396,0.0,0.0833,0.5561,0,Reprovado
Luiz Andrade,Física,3º Médio A,6,0.58,0.31,0.47,0.37,0.422,0.4781,-0.141,0.2051,0.0,0.0833,0.4587,0,Reprovado
Luiz Andrade,Geografia,3º Médio A,6,0.44,0.57,0.4,0.41,0.4535,0.4781,-0.078,0.136,0.0,0.0833,0.5399,0,Reprovado
Luiz Andrade,História,3º Médio A,6,0.46,0.56,0.36,,0.46,0.4781,-0.1,0.1633,0.0,0.0833,0.5458,0,Reprovado
Luiz Andrade,Inglês,3º Médio A,6,0.37,0.39,0.47,0.51,0.442,0.4781,0.15,0.1145,0.0,0.0833,0.4996,0,Reprovado
Luiz Andrade,Matemática,3º Médio A,6,0.45,0.39,0.24,0.4,0.3675,0.4781,-0.09,0.1568,0.0,0.0833,0.4781,0,Reprovado
Luiz Andrade,Português,3º Médio A,6,0.41,0.46,0.41,0.44,0.4315,0.4781,0.012,0.0424,0.0,0.0833,0.5285,0,Reprovado
Luiz Andrade,Química,3º Médio A,6,0.44,0.45,0.43,0.47,0.449,0.4781,0.021,0.0296,0.0,0.0833,0.4714,0,Reprovado
Luiz Andrade,Sociologia,3º Médio A,6,0.57,0.5,0.5,0.44,0.496,0.4781,-0.117,0.0921,0.0,0.0833,0.5765,0,Reprovado
Luiz Pereira,Arte,3º Médio A,6,0.86,0.9,0.76,,0.8386,0.7627,-0.1,0.1178,0.0,1.0,0.6132,2,Aprovado
Luiz Pereira,Biologia,3º Médio A,6,0.74,0.88,0.82,,0.8186,0.7627,0.08,0.1147,0.0,1.0,0.5109,2,Aprovado
Luiz Pereira,Educação Física,3º Médio A,6,1.0,0.9,0.77,0.84,0.8695,0.7627,-0.183,0.1687,0.0,1.0,0.6674,2,Aprovado
Luiz Pereira,Filosofia,3º Médio A,6,0.74,0.74,0.74,,0.74,0.7627,0.0,0.0,0.0,1.0,0.5561,2,Aprovado
Luiz Pereira,Física,3º Médio A,6,0.69,0.86,0.84,,0.8043,0.7627,0.15,0.1517,0.0,1.0,0.4587,2,Aprovado
Luiz Pereira,Geografia,3º Médio A,6,0.88,0.79,0.89,0.8,0.836,0.7627,-0.042,0.0906,0.0,1.0,0.5399,2,Aprovado
Luiz Pereira,História,3º Médio A,6,0.95,0.72,0.69,0.76,0.7705,0.7627,-0.18,0.2025,0.0,1.0,0.5458,2,Aprovado
Luiz Pereira,Inglês,3º Médio A,6,0.66,0.83,0.78,0.75,0.7595,0.7627,0.066,0.1237,0.0,1.0,0.4996,2,Aprovado
Luiz Pereira,Matemática,3º Médio A,6,0.63,0.66,0.59,,0.6264,0.7627,-0.04,0.0573,0.0,1.0,0.4781,2,Aprovado
Luiz Pereira,Português,3º Médio A,6,0.83,0.64,0.58,0.8,0.711,0.7627,-0.045,0.2104,0.0,1.0,0.5285,2,Aprovado
Luiz Pereira,Química,3º Médio A,6,0.61,0.71,0.68,0.67,0.6705,0.7627,0.045,0.0726,0.0,1.0,0.4714,2,Aprovado
Luiz Pereira,Sociologia,3º Médio A,6,0.81,0.81,0.63,0.62,0.708,0.7627,-0.225,0.1851,0.0,1.0,0.5765,2,Aprovado
Marcos Andrade,Arte,3º Médio A,6,0.48,0.45,0.47,0.43,0.455,0.3666,-0.039,0.0384,0.0,0.0,0.6132,0,Reprovado
Marcos Andrade,Biologia,3º Médio A,6,0.35,0.4,0.3,0.38,0.359,0.3666,-0.003,0.0753,0.0,0.0,0.5109,0,Reprovado
Marcos Andrade,Educação Física,3º Médio A,6,0.48,0.57,0.42,,0.4907,0.3666,-0.06,0.1233,0.0,0.0,0.6674,0,Reprovado
Marcos Andrade,Filosofia,3º Médio A,6,0.42,0.54,0.24,0.3,0.369,0.3666,-0.198,0.2304,0.0,0.0,0.5561,0,Reprovado
Marcos Andrade,Física,3º Médio A,6,0.43,0.19,0.24,0.36,0.3015,0.3666,-0.048,0.19,0.0,0.0,0.4587,0,Reprovado
Marcos Andrade,Geografia,3º Médio A,6,0.45,0.26,0.27,0.36,0.3305,0.3666,-0.078,0.1539,0.0,0.0,0.5399,0,Reprovado
Marcos Andrade,História,3º Médio A,6,0.36,0.4,0.25,0.59,0.4115,0.3666,0.162,0.2454,0.0,0.0,0.5458,0,Reprovado
Marcos Andrade,Inglês,3º Médio A,6,0.4,0.29,0.24,,0.3036,0.3666,-0.16,0.1337,0.0,0.0,0.4996,0,Reprovado
Marcos Andrade,Matemática,3º Médio A,6,0.41,0.25,0.32,0.33,0.3235,0.3666,-0.051,0.1135,0.0,0.0,0.4781,0,Reprovado
Marcos Andrade,Português,3º Médio A,6,0.42,0.36,0.45,0.32,0.3825,0.3666,-0.063,0.1014,0.0,0.0,0.5285,0,Reprovado
Marcos Andrade,Química,3º Médio A,6,0.3,0.25,0.23,0.28,0.264,0.3666,-0.024,0.0539,0.0,0.0,0.4714,0,Reprovado
Marcos Andrade,Sociologia,3º Médio A,6,0.35,0.42,0.36,0.48,0.409,0.3666,0.099,0.1043,0.0,0.0,0.5765,0,Reprovado
Mariana Correia,Arte,3º Médio A,6,0.56,0.52,0.56,0.56,0.55,0.4545,0.012,0.0346,0.0,0.0,0.6132,1,Recuperação
Mariana Correia,Biologia,3º Médio A,6,0.5,0.43,0.39,,0.4357,0.4545,-0.11,0.0909,0.0,0.0,0.5109,0,Reprovado
Mariana Correia,Educação Física,3º Médio A,6,0.59,0.63,0.49,0.46,0.536,0.4545,-0.159,0.1396,0.0,0.0,0.6674,1,Recuperação
Mariana Correia,Filosofia,3º Médio A,6,0.45,0.47,0.51,0.51,0.488,0.4545,0.066,0.052,0.0,0.0,0.5561,0,Reprovado
Mariana Correia,Física,3º Médio A,6,0.3,0.31,0.39,0.34,0.337,0.4545,0.06,0.07,0.0,0.0,0.4587,0,Reprovado
Mariana Correia,Geografia,3º Médio A,6,0.44,0.49,0.49,0.47,0.474,0.4545,0.027,0.0409,0.0,0.0,0.5399,0,Reprovado
Mariana Correia,História,3º Médio A,6,0.48,0.39,0.48,,0.4479,0.4545,0.0,0.0849,0.0,0.0,0.5458,0,Reprovado
Mariana Correia,Inglês,3º Médio A,6,0.46,0.37,0.54,0.35,0.4245,0.4545,-0.048,0.1517,0.0,0.0,0.4996,0,Reprovado
Mariana Correia,Matemática,3º Médio A,6,0.39,0.39,0.39,,0.39,0.4545,0.0,0.0,0.0,0.0,0.4781,0,Reprovado
Mariana Correia,Português,3º Médio A,6,0.3,0.39,0.37,0.47,0.391,0.4545,0.147,0.1211,0.0,0.0,0.5285,0,Reprovado
Mariana Correia,Química,3º Médio A,6,0.55,0.48,0.44,0.34,0.442,0.4545,-0.201,0.1519,0.0,0.0,0.4714,0,Reprovado
Mariana Correia,Sociologia,3º Médio A,6,0.53,0.56,0.65,0.43,0.5375,0.4545,-0.063,0.1571,0.0,0.0,0.5765,1,Recuperação
Marina Cunha,Arte,3º Médio A,6,0.59,0.84,0.65,,0.7007,0.5066,0.06,0.2131,0.0,0.0833,0.6132,2,Aprovado
Marina Cunha,Biologia,3º Médio A,6,0.58,0.49,0.59,,0.5514,0.5066,0.01,0.0899,0.0,0.0833,0.5109,1,Recuperação
Marina Cunha,Educação Física,3º Médio A,6,0.52,0.62,0.51,0.59,0.5635,0.5066,0.03,0.0927,0.0,0.0833,0.6674,1,Recuperação
Marina Cunha,Filosofia,3º Médio A,6,0.55,0.43,0.58,0.5,0.5125,0.5066,0.0,0.1136,0.0,0.0833,0.5561,1,Recuperação
Marina Cunha,Física,3º Médio A,6,0.35,0.3,0.43,,0.3607,0.5066,0.08,0.1071,0.0,0.0833,0.4587,0,Reprovado
Marina Cunha,Geografia,3º Médio A,6,0.51,0.49,0.49,0.59,0.524,0.5066,0.072,0.0825,0.0,0.0833,0.5399,1,Recuperação
Marina Cunha,História,3º Médio A,6,0.49,0.47,0.57,0.53,0.517,0.5066,0.066,0.0768,0.0,0.0833,0.5458,1,Recuperação
Marina Cunha,Inglês,3º Médio A,6,0.49,0.42,0.62,0.24,0.43,0.5066,-0.165,0.2744,0.0,0.0833,0.4996,0,Reprovado
Marina Cunha,Matemática,3º Médio A,6,0.47,0.43,0.34,0.35,0.3915,0.5066,-0.135,0.109,0.0,0.0833,0.4781,0,Reprovado
Marina Cunha,Português,3º Médio A,6,0.54,0.62,0.5,,0.5543,0.5066,-0.04,0.0998,0.0,0.0833,0.5285,1,Recuperação
Marina Cunha,Química,3º Médio A,6,0.5,0.33,0.32,0.6,0.4425,0.5066,0.087,0.236,0.0,0.0833,0.4714,0,Reprovado
Marina Cunha,Sociologia,3º Médio A,6,0.64,0.34,0.54,0.61,0.531,0.5066,0.033,0.2338,0.0,0.0833,0.5765,1,Recuperação
Marina Pereira,Arte,3º Médio A,6,0.98,0.62,0.87,0.73,0.7875,0.7136,-0.15,0.2731,0.0,0.9167,0.6132,2,Aprovado
Marina Pereira,Biologia,3º Médio A,6,0.68,0.55,0.75,,0.6586,0.7136,0.07,0.1657,0.0,0.9167,0.5109,2,Aprovado
Marina Pereira,Educação Física,3º Médio A,6,0.83,0.96,0.87,0.77,0.8545,0.7136,-0.081,0.1381,0.0,0.9167,0.6674,2,Aprovado
Marina Pereira,Filosofia,3º Médio A,6,0.63,0.66,0.75,0.57,0.6495,0.7136,-0.027,0.1299,0.0,0.9167,0.5561,2,Aprovado
Marina Pereira,Física,3º Médio A,6,0.45,0.68,0.62,,0.5929,0.7136,0.17,0.1948,0.0,0.9167,0.4587,1,Recuperação
Marina Pereira,Geografia,3º Médio A,6,0.76,0.84,0.85,,0.8207,0.7136,0.09,0.0806,0.0,0.9167,0.5399,2,Aprovado
Marina Pereira,História,3º Médio A,6,0.78,0.65,0.77,0.7,0.721,0.7136,-0.036,0.1063,0.0,0.9167,0.5458,2,Aprovado
Marina Pereira,Inglês,3º Médio A,6,0.7,0.66,0.65,,0.6679,0.7136,-0.05,0.0432,0.0,0.9167,0.4996,2,Aprovado
Marina Pereira,Matemática,3º Médio A,6,0.55,0.79,0.67,,0.6786,0.7136,0.12,0.196,0.0,0.9167,0.4781,2,Aprovado
Marina Pereira,Português,3º Médio A,6,0.72,0.7,0.75,,0.7236,0.7136,0.03,0.0411,0.0,0.9167,0.5285,2,Aprovado
Marina Pereira,Química,3º Médio A,6,0.54,0.69,0.71,0.65,0.653,0.7136,0.105,0.1314,0.0,0.9167,0.4714,2,Aprovado
Marina Pereira,Sociologia,3º Médio A,6,0.83,0.76,0.78,0.68,0.755,0.7136,-0.129,0.1081,0.0,0.9167,0.5765,2,Aprovado
Natalia Ribeiro,Arte,3º Médio A,6,0.45,0.38,0.3,0.34,0.362,0.2733,-0.123,0.1108,0.0,0.0,0.6132,0,Reprovado
Natalia Ribeiro,Biologia,3º Médio A,6,0.17,0.31,0.24,0.14,0.2135,0.2733,-0.048,0.1315,0.0,0.0,0.5109,0,Reprovado
Natalia Ribeiro,Educação Física,3º Médio A,6,0.4,0.35,0.33,0.34,0.352,0.2733,-0.06,0.0539,0.0,0.0,0.6674,0,Reprovado
Natalia Ribeiro,Filosofia,3º Médio A,6,0.38,0.42,0.47,0.25,0.3735,0.2733,-0.102,0.1631,0.0,0.0,0.5561,0,Reprovado
Natalia Ribeiro,Física,3º Médio A,6,0.14,0.29,0.24,0.28,0.2445,0.2733,0.111,0.1186,0.0,0.0,0.4587,0,Reprovado
Natalia Ribeiro,Geografia,3º Médio A,6,0.17,0.33,0.15,0.18,0.208,0.2733,-0.045,0.1431,0.0,0.0,0.5399,0,Reprovado
Natalia Ribeiro,História,3º Médio A,6,0.27,0.35,0.28,,0.3021,0.2733,0.01,0.0712,0.0,0.0,0.5458,0,Reprovado
Natalia Ribeiro,Inglês,3º Médio A,6,0.34,0.11,0.26,,0.2293,0.2733,-0.08,0.1907,0.0,0.0,0.4996,0,Reprovado
Natalia Ribeiro,Matemática,3º Médio A,6,0.22,0.21,0.27,0.14,0.206,0.2733,-0.054,0.0927,0.0,0.0,0.4781,0,Reprovado
Natalia Ribeiro,Português,3º Médio A,6,0.34,0.14,0.38,,0.2829,0.2733,0.04,0.21,0.0,0.0,0.5285,0,Reprovado
Natalia Ribeiro,Química,3º Médio A,6,0.0,0.19,0.49,0.2,0.23,0.2733,0.27,0.3501,0.0,0.0,0.4714,0,Reprovado
Natalia Ribeiro,Sociologia,3º Médio A,6,0.19,0.33,0.29,,0.2757,0.2733,0.1,0.1178,0.0,0.0,0.5765,0,Reprovado
Nathalia Teixeira,Arte,3º Médio A,6,0.63,0.73,0.6,,0.655,0.6653,-0.03,0.1112,0.0,0.8333,0.6132,2,Aprovado
Nathalia Teixeira,Biologia,3º Médio A,6,0.63,0.6,0.62,,0.6157,0.6653,-0.01,0.0249,0.0,0.8333,0.5109,2,Aprovado
Nathalia Teixeira,Educação Física,3º Médio A,6,0.87,0.67,0.89,,0.8057,0.6653,0.02,0.1987,0.0,0.8333,0.6674,2,Aprovado
Nathalia Teixeira,Filosofia,3º Médio A,6,0.85,0.52,0.71,0.72,0.6935,0.6653,-0.06,0.2354,0.0,0.8333,0.5561,2,Aprovado
Nathalia Teixeira,Física,3º Médio A,6,0.82,0.67,0.58,,0.6807,0.6653,-0.24,0.198,0.0,0.8333,0.4587,2,Aprovado
Nathalia Teixeira,Geografia,3º Médio A,6,0.7,0.68,0.68,0.72,0.696,0.6653,0.018,0.0332,0.0,0.8333,0.5399,2,Aprovado
Nathalia Teixeira,História,3º Médio A,6,0.8,0.62,0.67,0.6,0.6625,0.6653,-0.165,0.1558,0.0,0.8333,0.5458,2,Aprovado
Nathalia Teixeira,Inglês,3º Médio A,6,0.41,0.7,0.51,0.56,0.5525,0.6653,0.078,0.209,0.0,0.8333,0.4996,1,Recuperação
Nathalia Teixeira,Matemática,3º Médio A,6,0.63,0.64,0.5,0.59,0.588,0.6653,-0.078,0.1105,0.0,0.8333,0.4781,1,Recuperação
Nathalia Teixeira,Português,3º Médio A,6,0.78,0.55,0.54,0.71,0.6415,0.6653,-0.066,0.2062,0.0,0.8333,0.5285,2,Aprovado
Nathalia Teixeira,Química,3º Médio A,6,0.68,0.61,0.54,0.62,0.6095,0.6653,-0.075,0.0994,0.0,0.8333,0.4714,2,Aprovado
Nathalia Teixeira,Sociologia,3º Médio A,6,0.83,0.77,0.76,,0.7836,0.6653,-0.07,0.0618,0.0,0.8333,0.5765,2,Aprovado
Nicolas Lima,Arte,3º Médio A,6,0.46,0.58,0.48,0.46,0.495,0.4108,-0.03,0.0995,0.0,0.0,0.6132,0,Reprovado
Nicolas Lima,Biologia,3º Médio A,6,0.44,0.32,0.28,0.32,0.334,0.4108,-0.12,0.12,0.0,0.0,0.5109,0,Reprovado
Nicolas Lima,Educação Física,3º Médio A,6,0.65,0.58,0.4,0.51,0.528,0.4108,-0.18,0.1847,0.0,0.0,0.6674,1,Recuperação
Nicolas Lima,Filosofia,3º Médio A,6,0.42,0.5,0.43,,0.4521,0.4108,0.01,0.0712,0.0,0.0,0.5561,0,Reprovado
Nicolas Lima,Física,3º Médio A,6,0.43,0.37,0.38,,0.3907,0.4108,-0.05,0.0525,0.0,0.0,0.4587,0,Reprovado
Nicolas Lima,Geografia,3º Médio A,6,0.51,0.39,0.38,0.48,0.4385,0.4108,-0.03,0.1122,0.0,0.0,0.5399,0,Reprovado
Nicolas Lima,História,3º Médio A,6,0.57,0.29,0.33,0.4,0.389,0.4108,-0.141,0.2142,0.0,0.0,0.5458,0,Reprovado
Nicolas Lima,Inglês,3º Médio A,6,0.46,0.29,0.33,0.43,0.376,0.4108,-0.015,0.1396,0.0,0.0,0.4996,0,Reprovado
Nicolas Lima,Matemática,3º Médio A,6,0.29,0.39,0.32,0.28,0.3195,0.4108,-0.03,0.086,0.0,0.0,0.4781,0,Reprovado
Nicolas Lima,Português,3º Médio A,6,0.4,0.43,0.26,,0.3607,0.4108,-0.14,0.1482,0.0,0.0,0.5285,0,Reprovado
Nicolas Lima,Química,3º Médio A,6,0.36,0.31,0.24,0.41,0.3325,0.4108,0.024,0.1257,0.0,0.0,0.4714,0,Reprovado
Nicolas Lima,Sociologia,3º Médio A,6,0.76,0.35,0.34,0.63,0.5135,0.4108,-0.12,0.3619,0.0,0.0,0.5765,1,Recuperação
Patrick Moreira,Arte,3º Médio A,6,0.65,0.66,0.77,0.62,0.6735,0.588,0.006,0.1136,0.0,0.3333,0.6132,2,Aprovado
Patrick Moreira,Biologia,3º Médio A,6,0.65,0.59,0.58,0.59,0.5995,0.588,-0.057,0.0555,0.0,0.3333,0.5109,1,Recuperação
Patrick Moreira,Educação Física,3º Médio A,6,0.78,0.78,0.76,0.62,0.727,0.588,-0.15,0.1338,0.0,0.3333,0.6674,2,Aprovado
Patrick Moreira,Filosofia,3º Médio A,6,0.63,0.56,0.59,0.75,0.6385,0.588,0.117,0.1445,0.0,0.3333,0.5561,2,Aprovado
Patrick Moreira,Física,3º Médio A,6,0.64,0.47,0.63,0.52,0.559,0.588,-0.06,0.1446,0.0,0.3333,0.4587,1,Recuperação
Patrick Moreira,Geografia,3º Médio A,6,0.53,0.61,0.27,,0.4657,0.588,-0.26,0.2903,0.0,0.3333,0.5399,0,Reprovado
Patrick Moreira,História,3º Médio A,6,0.55,0.74,0.62,,0.6429,0.588,0.07,0.1569,0.0,0.3333,0.5458,2,Aprovado
Patrick Moreira,Inglês,3º Médio A,6,0.55,0.67,0.53,0.46,0.548,0.588,-0.123,0.1512,0.0,0.3333,0.4996,1,Recuperação
Patrick Moreira,Matemática,3º Médio A,6,0.55,0.45,0.43,0.64,0.522,0.588,0.075,0.1682,0.0,0.3333,0.4781,1,Recuperação
Patrick Moreira,Português,3º Médio A,6,0.38,0.46,0.67,0.56,0.5265,0.588,0.225,0.2174,0.0,0.3333,0.5285,1,Recuperação
Patrick Moreira,Química,3º Médio A,6,0.55,0.51,0.57,0.6,0.56,0.588,0.063,0.0654,0.0,0.3333,0.4714,1,Recuperação
Patrick Moreira,Sociologia,3º Médio A,6,0.55,0.53,0.79,0.51,0.593,0.588,0.042,0.2269,0.0,0.3333,0.5765,1,Recuperação
Patrick Rocha,Arte,3º Médio A,6,0.72,0.71,0.68,0.73,0.7105,0.6169,0.0,0.0374,0.0,0.6667,0.6132,2,Aprovado
Patrick Rocha,Biologia,3º Médio A,6,0.59,0.72,0.58,0.55,0.608,0.6169,-0.078,0.1304,0.0,0.6667,0.5109,2,Aprovado
Patrick Rocha,Educação Física,3º Médio A,6,0.85,0.74,0.76,0.79,0.782,0.6169,-0.048,0.0831,0.0,0.6667,0.6674,2,Aprovado
Patrick Rocha,Filosofia,3º Médio A,6,0.74,0.63,0.61,,0.6543,0.6169,-0.13,0.1143,0.0,0.6667,0.5561,2,Aprovado
Patrick Rocha,Física,3º Médio A,6,0.52,0.53,0.47,,0.5057,0.6169,-0.05,0.0525,0.0,0.6667,0.4587,1,Recuperação
Patrick Rocha,Geografia,3º Médio A,6,0.57,0.49,0.64,,0.5664,0.6169,0.07,0.1226,0.0,0.6667,0.5399,1,Recuperação
Patrick Rocha,História,3º Médio A,6,0.53,0.67,0.65,0.7,0.646,0.6169,0.147,0.1291,0.0,0.6667,0.5458,2,Aprovado
Patrick Rocha,Inglês,3º Médio A,6,0.55,0.67,0.58,,0.6036,0.6169,0.03,0.102,0.0,0.6667,0.4996,2,Aprovado
Patrick Rocha,Matemática,3º Médio A,6,0.5,0.58,0.57,,0.5536,0.6169,0.07,0.0712,0.0,0.6667,0.4781,1,Recuperação
Patrick Rocha,Português,3º Médio A,6,0.65,0.64,0.54,0.62,0.611,0.6169,-0.057,0.0865,0.0,0.6667,0.5285,2,Aprovado
Patrick Rocha,Química,3º Médio A,6,0.59,0.53,0.48,0.58,0.5445,0.6169,-0.024,0.0877,0.0,0.6667,0.4714,1,Recuperação
Patrick Rocha,Sociologia,3º Médio A,6,0.6,0.69,0.64,0.55,0.6175,0.6169,-0.06,0.103,0.0,0.6667,0.5765,2,Aprovado
Rafael Cunha,Arte,3º Médio A,6,0.5,0.71,0.61,0.55,0.595,0.562,0.015,0.1564,0.0,0.25,0.6132,1,Recuperação
Rafael Cunha,Biologia,3º Médio A,6,0.65,0.66,0.65,0.59,0.6345,0.562,-0.057,0.0555,0.0,0.25,0.5109,2,Aprovado
Rafael Cunha,Educação Física,3º Médio A,6,0.71,0.7,0.65,0.64,0.6715,0.562,-0.078,0.0608,0.0,0.25,0.6674,2,Aprovado
Rafael Cunha,Filosofia,3º Médio A,6,0.69,0.6,0.44,,0.5686,0.562,-0.25,0.2068,0.0,0.25,0.5561,1,Recuperação
Rafael Cunha,Física,3º Médio A,6,0.37,0.39,0.52,0.51,0.4545,0.562,0.165,0.1359,0.0,0.25,0.4587,0,Reprovado
Rafael Cunha,Geografia,3º Médio A,6,0.68,0.5,0.69,0.58,0.6075,0.562,-0.033,0.1558,0.0,0.25,0.5399,2,Aprovado
Rafael Cunha,História,3º Médio A,6,0.46,0.61,0.53,0.57,0.548,0.562,0.075,0.1108,0.0,0.25,0.5458,1,Recuperação
Rafael Cunha,Inglês,3º Médio A,6,0.52,0.61,0.62,,0.5879,0.562,0.1,0.0899,0.0,0.25,0.4996,1,Recuperação
Rafael Cunha,Matemática,3º Médio A,6,0.59,0.54,0.52,0.43,0.512,0.562,-0.15,0.1158,0.0,0.25,0.4781,1,Recuperação
Rafael Cunha,Português,3º Médio A,6,0.57,0.53,0.41,0.53,0.508,0.562,-0.072,0.12,0.0,0.25,0.5285,1,Recuperação
Rafael Cunha,Química,3º Médio A,6,0.58,0.5,0.51,0.52,0.5245,0.562,-0.051,0.0622,0.0,0.25,0.4714,1,Recuperação
Rafael Cunha,Sociologia,3º Médio A,6,0.57,0.55,0.56,0.47,0.5325,0.562,-0.087,0.0792,0.0,0.25,0.5765,1,Recuperação
Renata Martins,Arte,3º Médio A,6,0.63,0.62,0.51,,0.5836,0.6064,-0.12,0.1087,0.0,0.6667,0.6132,1,Recuperação
Renata Martins,Biologia,3º Médio A,6,0.75,0.5,0.58,,0.6,0.6064,-0.17,0.2085,0.0,0.6667,0.5109,2,Aprovado
Renata Martins,Educação Física,3º Médio A,6,0.63,0.89,0.79,0.67,0.747,0.6064,0.006,0.2047,0.0,0.6667,0.6674,2,Aprovado
Renata Martins,Filosofia,3º Médio A,6,0.64,0.7,0.53,0.77,0.6665,0.6064,0.066,0.1761,0.0,0.6667,0.5561,2,Aprovado
Renata Martins,Física,3º Médio A,6,0.49,0.5,0.31,,0.4293,0.6064,-0.18,0.1746,0.0,0.6667,0.4587,0,Reprovado
Renata Martins,Geografia,3º Médio A,6,0.59,0.55,0.63,0.76,0.641,0.6064,0.177,0.1577,0.0,0.6667,0.5399,2,Aprovado
Renata Martins,História,3º Médio A,6,0.65,0.59,0.63,,0.6214,0.6064,-0.02,0.0499,0.0,0.6667,0.5458,2,Aprovado
Renata Martins,Inglês,3º Médio A,6,0.53,0.73,0.61,,0.63,0.6064,0.08,0.1644,0.0,0.6667,0.4996,2,Aprovado
Renata Martins,Matemática,3º Médio A,6,0.43,0.5,0.66,0.8,0.616,0.6064,0.381,0.2872,0.0,0.6667,0.4781,2,Aprovado
Renata Martins,Português,3º Médio A,6,0.52,0.7,0.63,0.41,0.5595,0.6064,-0.12,0.2202,0.0,0.6667,0.5285,1,Recuperação
Renata Martins,Química,3º Médio A,6,0.47,0.65,0.56,,0.5664,0.6064,0.09,0.147,0.0,0.6667,0.4714,1,Recuperação
Renata Martins,Sociologia,3º Médio A,6,0.57,0.67,0.63,0.59,0.616,0.6064,0.006,0.0768,0.0,0.6667,0.5765,2,Aprovado
Vanessa Gomes,Arte,3º Médio A,6,0.63,0.58,0.5,0.54,0.558,0.5411,-0.105,0.0963,0.0,0.1667,0.6132,1,Recuperação
Vanessa Gomes,Biologia,3º Médio A,6,0.5,0.49,0.63,0.39,0.497,0.5411,-0.057,0.1705,0.0,0.1667,0.5109,0,Reprovado
Vanessa Gomes,Educação Física,3º Médio A,6,0.88,0.8,0.58,0.58,0.695,0.5411,-0.336,0.2661,0.0,0.1667,0.6674,2,Aprovado
Vanessa Gomes,Filosofia,3º Médio A,6,0.43,0.58,0.69,0.59,0.5805,0.5411,0.177,0.1857,0.0,0.1667,0.5561,1,Recuperação
Vanessa Gomes,Física,3º Médio A,6,0.44,0.45,0.4,0.47,0.4415,0.5411,0.012,0.051,0.0,0.1667,0.4587,0,Reprovado
Vanessa Gomes,Geografia,3º Médio A,6,0.43,0.6,0.42,0.57,0.512,0.5411,0.072,0.1616,0.0,0.1667,0.5399,1,Recuperação
Vanessa Gomes,História,3º Médio A,6,0.5,0.69,0.61,,0.6071,0.5411,0.11,0.1558,0.0,0.1667,0.5458,2,Aprovado
Vanessa Gomes,Inglês,3º Médio A,6,0.44,0.47,0.65,,0.5257,0.5411,0.21,0.1855,0.0,0.1667,0.4996,1,Recuperação
Vanessa Gomes,Matemática,3º Médio A,6,0.56,0.54,0.44,,0.51,0.5411,-0.12,0.105,0.0,0.1667,0.4781,1,Recuperação
Vanessa Gomes,Português,3º Médio A,6,0.55,0.56,0.59,0.52,0.5535,0.5411,-0.018,0.05,0.0,0.1667,0.5285,1,Recuperação
Vanessa Gomes,Química,3º Médio A,6,0.48,0.55,0.43,,0.4871,0.5411,-0.05,0.0984,0.0,0.1667,0.4714,0,Reprovado
Vanessa Gomes,Sociologia,3º Médio A,6,0.49,0.58,0.5,,0.5257,0.5411,0.01,0.0806,0.0,0.1667,0.5765,1,Recuperação
Victor Gomes,Arte,3º Médio A,6,0.94,0.88,0.79,0.97,0.8965,0.8262,0.0,0.1375,0.0,1.0,0.6132,2,Aprovado
Victor Gomes,Biologia,3º Médio A,6,0.81,0.86,0.83,0.76,0.8125,0.8262,-0.054,0.0728,0.0,1.0,0.5109,2,Aprovado
Victor Gomes,Educação Física,3º Médio A,6,0.75,1.0,0.93,,0.9036,0.8262,0.18,0.2106,0.0,1.0,0.6674,2,Aprovado
Victor Gomes,Filosofia,3º Médio A,6,0.82,0.89,0.83,,0.8486,0.8262,0.01,0.0618,0.0,1.0,0.5561,2,Aprovado
Victor Gomes,Física,3º Médio A,6,0.84,0.68,0.79,0.87,0.7965,0.8262,0.06,0.1446,0.0,1.0,0.4587,2,Aprovado
Victor Gomes,Geografia,3º Médio A,6,0.64,0.84,0.85,,0.7864,0.8262,0.21,0.1934,0.0,1.0,0.5399,2,Aprovado
Victor Gomes,História,3º Médio A,6,0.94,0.77,0.83,,0.84,0.8262,-0.11,0.1408,0.0,1.0,0.5458,2,Aprovado
Victor Gomes,Inglês,3º Médio A,6,0.8,0.79,0.81,0.85,0.815,0.8262,0.051,0.0456,0.0,1.0,0.4996,2,Aprovado
Victor Gomes,Matemática,3º Médio A,6,0.87,0.86,0.81,0.74,0.8135,0.8262,-0.132,0.103,0.0,1.0,0.4781,2,Aprovado
Victor Gomes,Português,3º Médio A,6,1.0,0.72,0.78,0.81,0.818,0.8262,-0.153,0.2095,0.0,1.0,0.5285,2,Aprovado
Victor Gomes,Química,3º Médio A,6,0.76,0.84,0.62,0.74,0.739,0.8262,-0.084,0.1575,0.0,1.0,0.4714,2,Aprovado
Victor Gomes,Sociologia,3º Médio A,6,0.78,0.84,0.92,0.83,0.845,0.8262,0.069,0.1004,0.0,1.0,0.5765,2,Aprovado
Aline Martins,Arte,3º Médio B,6,0.39,0.61,0.41,0.43,0.462,0.4748,-0.024,0.1755,0.0,0.0833,0.7274,0,Reprovado
Aline Martins,Biologia,3º Médio B,6,0.41,0.28,0.34,0.54,0.399,0.4748,0.135,0.1936,0.0,0.0833,0.6202,0,Reprovado
Aline Martins,Educação Física,3º Médio B,6,0.63,0.7,0.58,0.58,0.62,0.4748,-0.081,0.0984,0.0,0.0833,0.7809,2,Aprovado
Aline Martins,Filosofia,3º Médio B,6,0.54,0.36,0.54,0.46,0.471,0.4748,-0.018,0.148,0.0,0.0833,0.693,0,Reprovado
Aline Martins,Física,3º Médio B,6,0.26,0.43,0.45,0.25,0.347,0.4748,-0.003,0.1857,0.0,0.0833,0.5665,0,Reprovado
Aline Martins,Geografia,3º Médio B,6,0.51,0.53,0.66,0.52,0.5555,0.4748,0.048,0.1221,0.0,0.0833,0.6757,1,Recuperação
Aline Martins,História,3º Médio B,6,0.52,0.51,0.41,0.5,0.484,0.4748,-0.048,0.0877,0.0,0.0833,0.6596,0,Reprovado
Aline Martins,Inglês,3º Médio B,6,0.45,0.5,0.49,0.45,0.4725,0.4748,-0.003,0.0456,0.0,0.0833,0.6309,0,Reprovado
Aline Martins,Matemática,3º Médio B,6,0.48,0.41,0.4,0.43,0.4275,0.4748,-0.048,0.0616,0.0,0.0833,0.5898,0,Reprovado
Aline Martins,Português,3º Médio B,6,0.58,0.43,0.53,,0.5086,0.4748,-0.05,0.1247,0.0,0.0833,0.6578,1,Recuperação
Aline Martins,Química,3º Médio B,6,0.43,0.38,0.24,0.43,0.37,0.4748,-0.042,0.1556,0.0,0.0833,0.5668,0,Reprovado
Aline Martins,Sociologia,3º Médio B,6,0.54,0.52,0.58,0.66,0.581,0.4748,0.126,0.1072,0.0,0.0833,0.6933,1,Recuperação
André Gomes,Arte,3º Médio B,6,0.7,0.79,0.65,0.78,0.734,0.6405,0.03,0.1158,0.0,0.6667,0.7274,2,Aprovado
André Gomes,Biologia,3º Médio B,6,0.54,0.52,0.71,0.56,0.5835,0.6405,0.075,0.1499,0.0,0.6667,0.6202,1,Recuperação
André Gomes,Educação Física,3º Médio B,6,0.88,0.74,0.76,,0.7871,0.6405,-0.12,0.1236,0.0,0.6667,0.7809,2,Aprovado
André Gomes,Filosofia,3º Médio B,6,0.65,0.75,0.63,,0.6786,0.6405,-0.02,0.105,0.0,0.6667,0.693,2,Aprovado
André Gomes,Física,3º Médio B,6,0.56,0.56,0.51,0.69,0.5865,0.6405,0.102,0.1334,0.0,0.6667,0.5665,1,Recuperação
André Gomes,Geografia,3º Médio B,6,0.73,0.63,0.65,0.45,0.601,0.6405,-0.246,0.2047,0.0,0.6667,0.6757,2,Aprovado
André Gomes,História,3º Médio B,6,0.56,0.7,0.61,,0.6279,0.6405,0.05,0.1159,0.0,0.6667,0.6596,2,Aprovado
André Gomes,Inglês,3º Médio B,6,0.73,0.69,0.44,0.45,0.5635,0.6405,-0.327,0.2666,0.0,0.6667,0.6309,1,Recuperação
André Gomes,Matemática,3º Médio B,6,0.6,0.65,0.69,,0.65,0.6405,0.09,0.0736,0.0,0.6667,0.5898,2,Aprovado
André Gomes,Português,3º Médio B,6,0.58,0.5,0.55,0.89,0.6455,0.6405,0.294,0.3056,0.0,0.6667,0.6578,2,Aprovado
André Gomes,Química,3º Médio B,6,0.57,0.54,0.61,0.48,0.5455,0.6405,-0.06,0.0949,0.0,0.6667,0.5668,1,Recuperação
André Gomes,Sociologia,3º Médio B,6,0.74,0.61,0.71,,0.6829,0.6405,-0.03,0.1112,0.0,0.6667,0.6933,2,Aprovado
Camila Freitas,Arte,3º Médio B,6,0.94,0.93,0.94,1.0,0.9555,0.8901,0.057,0.0555,0.0,1.0,0.7274,2,Aprovado
Camila Freitas,Biologia,3º Médio B,6,0.87,0.81,0.92,0.85,0.8615,0.8901,0.015,0.0792,0.0,1.0,0.6202,2,Aprovado
Camila Freitas,Educação Física,3º Médio B,6,1.0,1.0,1.0,1.0,1.0,0.8901,0.0,0.0,0.0,1.0,0.7809,2,Aprovado
Camila Freitas,Filosofia,3º Médio B,6,0.96,0.95,0.95,0.84,0.919,0.8901,-0.108,0.0985,0.0,1.0,0.693,2,Aprovado
Camila Freitas,Física,3º Médio B,6,0.88,0.83,0.65,0.79,0.783,0.8901,-0.135,0.1711,0.0,1.0,0.5665,2,Aprovado
Camila Freitas,Geografia,3º Médio B,6,0.93,0.95,0.96,0.79,0.9005,0.8901,-0.123,0.1374,0.0,1.0,0.6757,2,Aprovado
Camila Freitas,História,3º Médio B,6,0.86,0.88,0.89,,0.8779,0.8901,0.03,0.0249,0.0,1.0,0.6596,2,Aprovado
Camila Freitas,Inglês,3º Médio B,6,0.85,0.98,0.82,,0.8857,0.8901,-0.03,0.1389,0.0,1.0,0.6309,2,Aprovado
Camila Freitas,Matemática,3º Médio B,6,0.79,0.65,0.88,0.77,0.7715,0.8901,0.051,0.1639,0.0,1.0,0.5898,2,Aprovado
Camila Freitas,Português,3º Médio B,6,0.96,1.0,1.0,0.93,0.971,0.8901,-0.027,0.0589,0.0,1.0,0.6578,2,Aprovado
Camila Freitas,Química,3º Médio B,6,0.7,0.89,0.82,,0.8107,0.8901,0.12,0.1569,0.0,1.0,0.5668,2,Aprovado
Camila Freitas,Sociologia,3º Médio B,6,0.95,0.93,1.0,0.91,0.9455,0.8901,-0.015,0.0669,0.0,1.0,0.6933,2,Aprovado
Carlos Correia,Arte,3º Médio B,6,1.0,1.0,0.88,0.92,0.946,0.868,-0.108,0.1039,0.0,1.0,0.7274,2,Aprovado
Carlos Correia,Biologia,3º Médio B,6,0.88,0.91,0.84,,0.8764,0.868,-0.04,0.0573,0.0,1.0,0.6202,2,Aprovado
Carlos Correia,Educação Física,3º Médio B,6,1.0,0.96,0.96,1.0,0.98,0.868,0.0,0.04,0.0,1.0,0.7809,2,Aprovado
Carlos Correia,Filosofia,3º Médio B,6,0.83,0.9,0.87,,0.8693,0.868,0.04,0.0573,0.0,1.0,0.693,2,Aprovado
Carlos Correia,Física,3º Médio B,6,0.86,0.82,0.92,0.64,0.799,0.868,-0.168,0.2088,0.0,1.0,0.5665,2,Aprovado
Carlos Correia,Geografia,3º Médio B,6,1.0,0.95,0.83,0.92,0.921,0.868,-0.108,0.1237,0.0,1.0,0.6757,2,Aprovado
Carlos Correia,História,3º Médio B,6,0.75,0.83,0.85,,0.8143,0.868,0.1,0.0864,0.0,1.0,0.6596,2,Aprovado
Carlos Correia,Inglês,3º Médio B,6,0.79,0.8,0.81,0.87,0.8215,0.868,0.075,0.0622,0.0,1.0,0.6309,2,Aprovado
Carlos Correia,Matemática,3º Médio B,6,0.77,0.88,0.86,0.71,0.802,0.868,-0.06,0.1375,0.0,1.0,0.5898,2,Aprovado
Carlos Correia,Português,3º Médio B,6,0.9,1.0,0.82,0.86,0.893,0.868,-0.09,0.1338,0.0,1.0,0.6578,2,Aprovado
Carlos Correia,Química,3º Médio B,6,0.93,0.75,0.64,0.66,0.7315,0.868,-0.276,0.2291,0.0,1.0,0.5668,2,Aprovado
Carlos Correia,Sociologia,3º Médio B,6,0.9,0.93,1.0,1.0,0.9625,0.868,0.111,0.0876,0.0,1.0,0.6933,2,Aprovado
Davi Rocha,Arte,3º Médio B,6,0.74,0.84,0.86,,0.8186,0.6991,0.12,0.105,0.0,0.8333,0.7274,2,Aprovado
Davi Rocha,Biologia,3º Médio B,6,0.81,0.66,0.69,0.73,0.7185,0.6991,-0.063,0.1126,0.0,0.8333,0.6202,2,Aprovado
Davi Rocha,Educação Física,3º Médio B,6,0.82,0.79,0.92,0.92,0.8675,0.6991,0.129,0.1169,0.0,0.8333,0.7809,2,Aprovado
Davi Rocha,Filosofia,3º Médio B,6,0.75,0.68,0.67,0.67,0.6885,0.6991,-0.075,0.0669,0.0,0.8333,0.693,2,Aprovado
Davi Rocha,Física,3º Médio B,6,0.54,0.71,0.53,0.58,0.592,0.6991,-0.018,0.1435,0.0,0.8333,0.5665,1,Recuperação
Davi Rocha,Geografia,3º Médio B,6,0.67,0.73,0.65,0.65,0.674,0.6991,-0.042,0.0656,0.0,0.8333,0.6757,2,Aprovado
Davi Rocha,História,3º Médio B,6,0.68,0.86,0.66,0.57,0.687,0.6991,-0.159,0.2104,0.0,0.8333,0.6596,2,Aprovado
Davi Rocha,Inglês,3º Médio B,6,0.72,0.65,0.58,0.69,0.6585,0.6991,-0.048,0.1049,0.0,0.8333,0.6309,2,Aprovado
Davi Rocha,Matemática,3º Médio B,6,0.64,0.72,0.54,0.72,0.659,0.6991,0.018,0.148,0.0,0.8333,0.5898,2,Aprovado
Davi Rocha,Português,3º Médio B,6,0.78,0.59,0.72,0.74,0.7055,0.6991,0.003,0.1424,0.0,0.8333,0.6578,2,Aprovado
Davi Rocha,Química,3º Médio B,6,0.48,0.53,0.74,0.59,0.5905,0.6991,0.162,0.1952,0.0,0.8333,0.5668,1,Recuperação
Davi Rocha,Sociologia,3º Médio B,6,0.71,0.74,0.82,0.66,0.73,0.6991,-0.021,0.1161,0.0,0.8333,0.6933,2,Aprovado
Eduardo Ribeiro,Arte,3º Médio B,6,0.83,0.74,0.73,0.79,0.7705,0.6832,-0.039,0.0805,0.0,0.8333,0.7274,2,Aprovado
Eduardo Ribeiro,Biologia,3º Médio B,6,0.4,0.59,0.68,0.66,0.5955,0.6832,0.261,0.2211,0.0,0.8333,0.6202,1,Recuperação
Eduardo Ribeiro,Educação Física,3º Médio B,6,0.75,0.67,0.9,0.94,0.8245,0.6832,0.24,0.2193,0.0,0.8333,0.7809,2,Aprovado
Eduardo Ribeiro,Filosofia,3º Médio B,6,0.7,0.71,0.72,0.75,0.7225,0.6832,0.048,0.0374,0.0,0.8333,0.693,2,Aprovado
Eduardo Ribeiro,Física,3º Médio B,6,0.62,0.61,0.59,0.58,0.598,0.6832,-0.042,0.0316,0.0,0.8333,0.5665,1,Recuperação
Eduardo Ribeiro,Geografia,3º Médio B,6,0.71,0.66,0.86,0.67,0.723,0.6832,0.024,0.1603,0.0,0.8333,0.6757,2,Aprovado
Eduardo Ribeiro,História,3º Médio B,6,0.76,0.68,0.79,0.65,0.7145,0.6832,-0.066,0.114,0.0,0.8333,0.6596,2,Aprovado
Eduardo Ribeiro,Inglês,3º Médio B,6,0.52,0.62,0.54,0.73,0.613,0.6832,0.165,0.1652,0.0,0.8333,0.6309,2,Aprovado
Eduardo Ribeiro,Matemática,3º Médio B,6,0.65,0.61,0.57,0.62,0.611,0.6832,-0.039,0.0572,0.0,0.8333,0.5898,2,Aprovado
Eduardo Ribeiro,Português,3º Médio B,6,0.92,0.69,0.61,0.77,0.74,0.6832,-0.159,0.2291,0.0,0.8333,0.6578,2,Aprovado
Eduardo Ribeiro,Química,3º Médio B,6,0.57,0.71,0.44,0.82,0.6475,0.6832,0.144,0.2865,0.0,0.8333,0.5668,2,Aprovado
Eduardo Ribeiro,Sociologia,3º Médio B,6,0.63,0.69,0.7,0.55,0.6385,0.6832,-0.069,0.1195,0.0,0.8333,0.6933,2,Aprovado
Elena Tavares,Arte,3º Médio B,6,0.43,0.32,0.37,0.43,0.3875,0.3282,0.015,0.0921,0.0,0.0,0.7274,0,Reprovado
Elena Tavares,Biologia,3º Médio B,6,0.19,0.11,0.31,0.32,0.239,0.3282,0.177,0.1746,0.0,0.0,0.6202,0,Reprovado
Elena Tavares,Educação Física,3º Médio B,6,0.55,0.54,0.51,0.48,0.5165,0.3282,-0.072,0.0548,0.0,0.0,0.7809,1,Recuperação
Elena Tavares,Filosofia,3º Médio B,6,0.44,0.38,0.37,,0.3936,0.3282,-0.07,0.0618,0.0,0.0,0.693,0,Reprovado
Elena Tavares,Física,3º Médio B,6,0.14,0.18,0.07,0.33,0.1895,0.3282,0.138,0.1903,0.0,0.0,0.5665,0,Reprovado
Elena Tavares,Geografia,3º Médio B,6,0.26,0.32,0.37,0.49,0.3715,0.3282,0.222,0.1691,0.0,0.0,0.6757,0,Reprovado
Elena Tavares,História,3º Médio B,6,0.06,0.47,0.37,,0.3171,0.3282,0.31,0.3491,0.0,0.0,0.6596,0,Reprovado
Elena Tavares,Inglês,3º Médio B,6,0.3,0.33,0.42,0.35,0.3525,0.3282,0.072,0.0883,0.0,0.0,0.6309,0,Reprovado
Elena Tavares,Matemática,3º Médio B,6,0.22,0.29,0.41,0.24,0.291,0.3282,0.054,0.1476,0.0,0.0,0.5898,0,Reprovado
Elena Tavares,Português,3º Médio B,6,0.37,0.32,0.29,0.24,0.2985,0.3282,-0.126,0.0943,0.0,0.0,0.6578,0,Reprovado
Elena Tavares,Química,3º Médio B,6,0.22,0.2,0.27,0.27,0.2425,0.3282,0.066,0.0616,0.0,0.0,0.5668,0,Reprovado
Elena Tavares,Sociologia,3º Médio B,6,0.34,0.36,0.27,0.38,0.3395,0.3282,0.009,0.0829,0.0,0.0,0.6933,0,Reprovado
Enzo Carvalho,Arte,3º Médio B,6,1.0,1.0,0.86,1.0,0.965,0.9141,-0.042,0.1212,0.0,1.0,0.7274,2,Aprovado
Enzo Carvalho,Biologia,3º Médio B,6,0.88,1.0,0.74,0.77,0.842,0.9141,-0.177,0.2046,0.0,1.0,0.6202,2,Aprovado
Enzo Carvalho,Educação Física,3º Médio B,6,0.92,1.0,1.0,1.0,0.984,0.9141,0.072,0.0693,0.0,1.0,0.7809,2,Aprovado
Enzo Carvalho,Filosofia,3º Médio B,6,0.96,0.96,0.9,0.93,0.936,0.9141,-0.045,0.0497,0.0,1.0,0.693,2,Aprovado
Enzo Carvalho,Física,3º Médio B,6,0.89,0.97,0.9,0.85,0.9005,0.9141,-0.057,0.0865,0.0,1.0,0.5665,2,Aprovado
Enzo Carvalho,Geografia,3º Médio B,6,1.0,1.0,1.0,0.86,0.958,0.9141,-0.126,0.1212,0.0,1.0,0.6757,2,Aprovado
Enzo Carvalho,História,3º Médio B,6,0.96,0.81,0.9,1.0,0.9195,0.9141,0.063,0.1431,0.0,1.0,0.6596,2,Aprovado
Enzo Carvalho,Inglês,3º Médio B,6,0.9,0.89,1.0,0.87,0.9135,0.9141,0.006,0.1005,0.0,1.0,0.6309,2,Aprovado
Enzo Carvalho,Matemática,3º Médio B,6,0.85,0.92,0.85,,0.875,0.9141,0.0,0.066,0.0,1.0,0.5898,2,Aprovado
Enzo Carvalho,Português,3º Médio B,6,0.93,0.9,0.94,0.85,0.901,0.9141,-0.06,0.07,0.0,1.0,0.6578,2,Aprovado
Enzo Carvalho,Química,3º Médio B,6,0.79,0.67,0.94,0.91,0.8335,0.9141,0.189,0.2137,0.0,1.0,0.5668,2,Aprovado
Enzo Carvalho,Sociologia,3º Médio B,6,1.0,1.0,0.91,0.88,0.9415,0.9141,-0.135,0.1071,0.0,1.0,0.6933,2,Aprovado
Fernanda Souza,Arte,3º Médio B,6,0.57,0.56,0.87,0.58,0.6455,0.6298,0.102,0.2602,0.0,0.6667,0.7274,2,Aprovado
Fernanda Souza,Biologia,3º Médio B,6,0.75,0.61,0.68,0.66,0.6705,0.6298,-0.06,0.1005,0.0,0.6667,0.6202,2,Aprovado
Fernanda Souza,Educação Física,3º Médio B,6,0.67,0.72,0.78,,0.7271,0.6298,0.11,0.0899,0.0,0.6667,0.7809,2,Aprovado
Fernanda Souza,Filosofia,3º Médio B,6,0.53,0.68,0.68,0.82,0.692,0.6298,0.261,0.2051,0.0,0.6667,0.693,2,Aprovado
Fernanda Souza,Física,3º Médio B,6,0.43,0.44,0.69,,0.5264,0.6298,0.26,0.2406,0.0,0.6667,0.5665,1,Recuperação
Fernanda Souza,Geografia,3º Médio B,6,0.77,0.51,0.67,0.59,0.626,0.6298,-0.114,0.1926,0.0,0.6667,0.6757,2,Aprovado
Fernanda Souza,História,3º Médio B,6,0.8,0.67,0.73,0.55,0.675,0.6298,-0.207,0.1835,0.0,0.6667,0.6596,2,Aprovado
Fernanda Souza,Inglês,3º Médio B,6,0.7,0.67,0.6,0.68,0.6615,0.6298,-0.039,0.0753,0.0,0.6667,0.6309,2,Aprovado
Fernanda Souza,Matemática,3º Médio B,6,0.54,0.59,0.56,,0.565,0.6298,0.02,0.0411,0.0,0.6667,0.5898,1,Recuperação
Fernanda Souza,Português,3º Médio B,6,0.56,0.51,0.6,0.66,0.5875,0.6298,0.117,0.1099,0.0,0.6667,0.6578,1,Recuperação
Fernanda Souza,Química,3º Médio B,6,0.47,0.57,0.57,0.5,0.529,0.6298,0.027,0.0876,0.0,0.6667,0.5668,1,Recuperação
Fernanda Souza,Sociologia,3º Médio B,6,0.5,0.67,0.7,0.7,0.6525,0.6298,0.189,0.1664,0.0,0.6667,0.6933,2,Aprovado
Gabriel Souza,Arte,3º Médio B,6,0.59,0.71,0.69,0.62,0.654,0.5458,0.021,0.0984,0.0,0.3333,0.7274,2,Aprovado
Gabriel Souza,Biologia,3º Médio B,6,0.41,0.47,0.33,0.58,0.456,0.5458,0.111,0.1824,0.0,0.3333,0.6202,0,Reprovado
Gabriel Souza,Educação Física,3º Médio B,6,0.56,0.66,0.66,,0.6314,0.5458,0.1,0.0943,0.0,0.3333,0.7809,2,Aprovado
Gabriel Souza,Filosofia,3º Médio B,6,0.63,0.53,0.68,0.58,0.6025,0.5458,0.0,0.1118,0.0,0.3333,0.693,2,Aprovado
Gabriel Souza,Física,3º Médio B,6,0.44,0.44,0.48,0.4,0.438,0.5458,-0.024,0.0566,0.0,0.3333,0.5665,0,Reprovado
Gabriel Souza,Geografia,3º Médio B,6,0.59,0.64,0.55,0.51,0.5685,0.5458,-0.099,0.0963,0.0,0.3333,0.6757,1,Recuperação
Gabriel Souza,História,3º Médio B,6,0.58,0.6,0.63,,0.605,0.5458,0.05,0.0411,0.0,0.3333,0.6596,2,Aprovado
Gabriel Souza,Inglês,3º Médio B,6,0.37,0.63,0.5,0.5,0.5065,0.5458,0.078,0.1838,0.0,0.3333,0.6309,1,Recuperação
Gabriel Souza,Matemática,3º Médio B,6,0.51,0.3,0.42,0.46,0.42,0.5458,-0.009,0.1552,0.0,0.3333,0.5898,0,Reprovado
Gabriel Souza,Português,3º Médio B,6,0.53,0.55,0.65,0.61,0.589,0.5458,0.102,0.0954,0.0,0.3333,0.6578,1,Recuperação
Gabriel Souza,Química,3º Médio B,6,0.55,0.55,0.43,0.43,0.484,0.5458,-0.144,0.12,0.0,0.3333,0.5668,0,Reprovado
Gabriel Souza,Sociologia,3º Médio B,6,0.54,0.78,0.65,0.43,0.5945,0.5458,-0.138,0.2596,0.0,0.3333,0.6933,1,Recuperação
Gabriela Carvalho,Arte,3º Médio B,6,0.75,0.71,0.84,0.53,0.6965,0.6391,-0.159,0.2256,0.0,0.6667,0.7274,2,Aprovado
Gabriela Carvalho,Biologia,3º Médio B,6,0.64,0.52,0.39,0.48,0.4995,0.6391,-0.183,0.1797,0.0,0.6667,0.6202,0,Reprovado
Gabriela Carvalho,Educação Física,3º Médio B,6,0.85,0.61,0.89,0.9,0.815,0.6391,0.129,0.2368,0.0,0.6667,0.7809,2,Aprovado
Gabriela Carvalho,Filosofia,3º Médio B,6,0.72,0.83,0.68,,0.745,0.6391,-0.04,0.1268,0.0,0.6667,0.693,2,Aprovado
Gabriela Carvalho,Física,3º Médio B,6,0.62,0.54,0.49,,0.545,0.6391,-0.13,0.1071,0.0,0.6667,0.5665,1,Recuperação
Gabriela Carvalho,Geografia,3º Médio B,6,0.79,0.75,0.65,0.54,0.67,0.6391,-0.255,0.1936,0.0,0.6667,0.6757,2,Aprovado
Gabriela Carvalho,História,3º Médio B,6,0.67,0.73,0.55,0.52,0.61,0.6391,-0.189,0.1717,0.0,0.6667,0.6596,2,Aprovado
Gabriela Carvalho,Inglês,3º Médio B,6,0.65,0.77,0.72,,0.7179,0.6391,0.07,0.0984,0.0,0.6667,0.6309,2,Aprovado
Gabriela Carvalho,Matemática,3º Médio B,6,0.58,0.75,0.6,0.38,0.5675,0.6391,-0.225,0.2632,0.0,0.6667,0.5898,1,Recuperação
Gabriela Carvalho,Português,3º Médio B,6,0.65,0.77,0.65,0.58,0.659,0.6391,-0.099,0.1367,0.0,0.6667,0.6578,2,Aprovado
Gabriela Carvalho,Química,3º Médio B,6,0.35,0.42,0.49,0.62,0.4835,0.6391,0.264,0.1995,0.0,0.6667,0.5668,0,Reprovado
Gabriela Carvalho,Sociologia,3º Médio B,6,0.77,0.67,0.55,0.67,0.66,0.6391,-0.126,0.1559,0.0,0.6667,0.6933,2,Aprovado
Helena Tavares,Arte,3º Médio B,6,0.9,0.75,0.82,0.85,0.8275,0.6483,-0.024,0.1086,0.0,0.6667,0.7274,2,Aprovado
Helena Tavares,Biologia,3º Médio B,6,0.49,0.62,0.48,,0.5329,0.6483,-0.01,0.1275,0.0,0.6667,0.6202,1,Recuperação
Helena Tavares,Educação Física,3º Médio B,6,0.8,0.8,0.66,0.82,0.771,0.6483,-0.024,0.1281,0.0,0.6667,0.7809,2,Aprovado
Helena Tavares,Filosofia,3º Médio B,6,0.69,0.62,0.59,,0.6293,0.6483,-0.1,0.0838,0.0,0.6667,0.693,2,Aprovado
Helena Tavares,Física,3º Médio B,6,0.53,0.61,0.6,0.52,0.5645,0.6483,-0.012,0.0806,0.0,0.6667,0.5665,1,Recuperação
Helena Tavares,Geografia,3º Médio B,6,0.8,0.81,0.53,,0.7071,0.6483,-0.27,0.2594,0.0,0.6667,0.6757,2,Aprovado
Helena Tavares,História,3º Médio B,6,0.55,0.62,0.68,0.68,0.639,0.6483,0.135,0.1071,0.0,0.6667,0.6596,2,Aprovado
Helena Tavares,Inglês,3º Médio B,6,0.65,0.55,0.65,0.58,0.604,0.6483,-0.033,0.0876,0.0,0.6667,0.6309,2,Aprovado
Helena Tavares,Matemática,3º Médio B,6,0.56,0.56,0.6,0.6,0.582,0.6483,0.048,0.04,0.0,0.6667,0.5898,1,Recuperação
Helena Tavares,Português,3º Médio B,6,0.69,0.6,0.62,0.56,0.611,0.6483,-0.111,0.0942,0.0,0.6667,0.6578,2,Aprovado
Helena Tavares,Química,3º Médio B,6,0.72,0.54,0.63,0.53,0.5955,0.6483,-0.144,0.1539,0.0,0.6667,0.5668,1,Recuperação
Helena Tavares,Sociologia,3º Médio B,6,0.78,0.7,0.7,0.7,0.716,0.6483,-0.072,0.0693,0.0,0.6667,0.6933,2,Aprovado
Heloisa Nascimento,Arte,3º Médio B,6,0.78,0.72,0.84,0.62,0.732,0.7105,-0.108,0.1625,0.0,0.9167,0.7274,2,Aprovado
Heloisa Nascimento,Biologia,3º Médio B,6,0.51,0.51,0.65,0.74,0.614,0.7105,0.249,0.1956,0.0,0.9167,0.6202,2,Aprovado
Heloisa Nascimento,Educação Física,3º Médio B,6,0.81,0.77,0.86,0.82,0.8155,0.7105,0.036,0.064,0.0,0.9167,0.7809,2,Aprovado
Heloisa Nascimento,Filosofia,3º Médio B,6,0.77,0.74,0.53,0.88,0.7355,0.7105,0.036,0.2534,0.0,0.9167,0.693,2,Aprovado
Heloisa Nascimento,Física,3º Médio B,6,0.64,0.68,0.63,0.63,0.6445,0.7105,-0.024,0.0412,0.0,0.9167,0.5665,2,Aprovado
Heloisa Nascimento,Geografia,3º Médio B,6,0.74,0.84,0.84,0.59,0.745,0.7105,-0.135,0.2046,0.0,0.9167,0.6757,2,Aprovado
Heloisa Nascimento,História,3º Médio B,6,0.73,0.61,0.62,0.75,0.6785,0.7105,0.021,0.126,0.0,0.9167,0.6596,2,Aprovado
Heloisa Nascimento,Inglês,3º Médio B,6,0.77,0.8,0.76,0.64,0.736,0.7105,-0.129,0.122,0.0,0.9167,0.6309,2,Aprovado
Heloisa Nascimento,Matemática,3º Médio B,6,0.55,0.7,0.68,0.37,0.566,0.7105,-0.168,0.2632,0.0,0.9167,0.5898,1,Recuperação
Heloisa Nascimento,Português,3º Médio B,6,0.78,0.76,0.72,,0.7514,0.7105,-0.06,0.0499,0.0,0.9167,0.6578,2,Aprovado
Heloisa Nascimento,Química,3º Médio B,6,0.83,0.85,0.67,0.68,0.75,0.7105,-0.189,0.1658,0.0,0.9167,0.5668,2,Aprovado
Heloisa Nascimento,Sociologia,3º Médio B,6,0.74,0.83,0.7,,0.7579,0.7105,-0.04,0.1087,0.0,0.9167,0.6933,2,Aprovado
Jessica Pinto,Arte,3º Médio B,6,0.84,0.66,1.0,,0.8329,0.7395,0.16,0.2778,0.0,1.0,0.7274,2,Aprovado
Jessica Pinto,Biologia,3º Médio B,6,0.7,0.8,0.7,0.65,0.71,0.7395,-0.075,0.109,0.0,1.0,0.6202,2,Aprovado
Jessica Pinto,Educação Física,3º Médio B,6,0.87,0.88,1.0,0.82,0.89,0.7395,-0.009,0.1322,0.0,1.0,0.7809,2,Aprovado
Jessica Pinto,Filosofia,3º Médio B,6,0.7,0.63,0.7,0.84,0.7245,0.7395,0.147,0.1526,0.0,1.0,0.693,2,Aprovado
Jessica Pinto,Física,3º Médio B,6,0.87,0.7,0.55,0.84,0.7385,0.7395,-0.072,0.2542,0.0,1.0,0.5665,2,Aprovado
Jessica Pinto,Geografia,3º Médio B,6,0.83,0.8,0.8,0.74,0.788,0.7395,-0.081,0.0654,0.0,1.0,0.6757,2,Aprovado
Jessica Pinto,História,3º Médio B,6,0.68,0.71,0.83,0.66,0.719,0.7395,0.018,0.1319,0.0,1.0,0.6596,2,Aprovado
Jessica Pinto,Inglês,3º Médio B,6,0.78,0.66,0.76,0.68,0.715,0.7395,-0.06,0.102,0.0,1.0,0.6309,2,Aprovado
Jessica Pinto,Matemática,3º Médio B,6,0.53,0.63,0.72,,0.6336,0.7395,0.19,0.1552,0.0,1.0,0.5898,2,Aprovado
Jessica Pinto,Português,3º Médio B,6,0.57,0.73,0.72,0.83,0.7255,0.7395,0.231,0.1857,0.0,1.0,0.6578,2,Aprovado
Jessica Pinto,Química,3º Médio B,6,0.71,0.56,0.65,0.64,0.6365,0.7395,-0.036,0.1068,0.0,1.0,0.5668,2,Aprovado
Jessica Pinto,Sociologia,3º Médio B,6,0.7,0.8,0.77,0.76,0.7605,0.7395,0.045,0.0726,0.0,1.0,0.6933,2,Aprovado
Jessica Santos,Arte,3º Médio B,6,0.53,0.41,0.57,,0.5014,0.4959,0.04,0.136,0.0,0.0833,0.7274,1,Recuperação
Jessica Santos,Biologia,3º Médio B,6,0.62,0.47,0.43,,0.4986,0.4959,-0.19,0.1636,0.0,0.0833,0.6202,0,Reprovado
Jessica Santos,Educação Física,3º Médio B,6,0.74,0.69,0.66,0.51,0.6385,0.4959,-0.216,0.1715,0.0,0.0833,0.7809,2,Aprovado
Jessica Santos,Filosofia,3º Médio B,6,0.57,0.63,0.58,0.5,0.5665,0.4959,-0.078,0.0927,0.0,0.0833,0.693,1,Recuperação
Jessica Santos,Física,3º Médio B,6,0.36,0.33,0.3,0.39,0.3465,0.4959,0.018,0.0671,0.0,0.0833,0.5665,0,Reprovado
Jessica Santos,Geografia,3º Médio B,6,0.32,0.62,0.44,0.47,0.47,0.4959,0.081,0.2137,0.0,0.0833,0.6757,0,Reprovado
Jessica Santos,História,3º Médio B,6,0.45,0.49,0.49,0.42,0.461,0.4959,-0.027,0.0589,0.0,0.0833,0.6596,0,Reprovado
Jessica Santos,Inglês,3º Médio B,6,0.41,0.43,0.59,0.37,0.448,0.4959,0.012,0.1673,0.0,0.0833,0.6309,0,Reprovado
Jessica Santos,Matemática,3º Médio B,6,0.45,0.58,0.53,0.53,0.5265,0.4959,0.057,0.0931,0.0,0.0833,0.5898,1,Recuperação
Jessica Santos,Português,3º Médio B,6,0.63,0.44,0.5,0.43,0.49,0.4959,-0.162,0.1594,0.0,0.0833,0.6578,0,Reprovado
Jessica Santos,Química,3º Médio B,6,0.41,0.36,0.38,0.62,0.453,0.4959,0.195,0.208,0.0,0.0833,0.5668,0,Reprovado
Jessica Santos,Sociologia,3º Médio B,6,0.51,0.62,0.6,0.48,0.551,0.4959,-0.033,0.1178,0.0,0.0833,0.6933,1,Recuperação
João Carvalho,Arte,3º Médio B,6,1.0,1.0,0.93,0.94,0.9645,0.9138,-0.075,0.0654,0.0,1.0,0.7274,2,Aprovado
João Carvalho,Biologia,3º Médio B,6,0.92,0.91,0.96,0.63,0.8405,0.9138,-0.246,0.2625,0.0,1.0,0.6202,2,Aprovado
João Carvalho,Educação Física,3º Médio B,6,0.99,0.99,1.0,0.96,0.9835,0.9138,-0.024,0.03,0.0,1.0,0.7809,2,Aprovado
João Carvalho,Filosofia,3º Médio B,6,0.97,0.93,1.0,1.0,0.9765,0.9138,0.048,0.0574,0.0,1.0,0.693,2,Aprovado
João Carvalho,Física,3º Médio B,6,0.86,0.8,0.95,1.0,0.9095,0.9138,0.171,0.1552,0.0,1.0,0.5665,2,Aprovado
João Carvalho,Geografia,3º Médio B,6,0.86,1.0,1.0,,0.96,0.9138,0.14,0.132,0.0,1.0,0.6757,2,Aprovado
João Carvalho,História,3º Médio B,6,1.0,0.88,0.88,0.85,0.895,0.9138,-0.135,0.1152,0.0,1.0,0.6596,2,Aprovado
João Carvalho,Inglês,3º Médio B,6,0.87,0.84,0.99,0.87,0.8925,0.9138,0.045,0.1152,0.0,1.0,0.6309,2,Aprovado
João Carvalho,Matemática,3º Médio B,6,0.88,0.95,0.82,,0.8836,0.9138,-0.06,0.1062,0.0,1.0,0.5898,2,Aprovado
João Carvalho,Português,3º Médio B,6,1.0,0.86,0.85,0.97,0.9185,0.9138,-0.03,0.1319,0.0,1.0,0.6578,2,Aprovado
João Carvalho,Química,3º Médio B,6,0.59,0.85,0.91,0.79,0.795,0.9138,0.198,0.2406,0.0,1.0,0.5668,2,Aprovado
João Carvalho,Sociologia,3º Médio B,6,1.0,0.89,0.96,,0.9464,0.9138,-0.04,0.0909,0.0,1.0,0.6933,2,Aprovado
João Lopes,Arte,3º Médio B,6,0.38,0.35,0.36,0.4,0.3735,0.32,0.021,0.0384,0.0,0.0,0.7274,0,Reprovado
João Lopes,Biologia,3º Médio B,6,0.37,0.56,0.23,,0.3879,0.32,-0.14,0.2705,0.0,0.0,0.6202,0,Reprovado
João Lopes,Educação Física,3º Médio B,6,0.42,0.34,0.45,,0.4021,0.32,0.03,0.0929,0.0,0.0,0.7809,0,Reprovado
João Lopes,Filosofia,3º Médio B,6,0.34,0.24,0.42,,0.3329,0.32,0.08,0.1473,0.0,0.0,0.693,0,Reprovado
João Lopes,Física,3º Médio B,6,0.21,0.3,0.13,0.2,0.2095,0.32,-0.06,0.1208,0.0,0.0,0.5665,0,Reprovado
João Lopes,Geografia,3º Médio B,6,0.34,0.31,0.25,0.32,0.304,0.32,-0.036,0.0671,0.0,0.0,0.6757,0,Reprovado
João Lopes,História,3º Médio B,6,0.34,0.28,0.24,0.47,0.339,0.32,0.105,0.174,0.0,0.0,0.6596,0,Reprovado
João Lopes,Inglês,3º Médio B,6,0.34,0.37,0.15,,0.2829,0.32,-0.19,0.1948,0.0,0.0,0.6309,0,Reprovado
João Lopes,Matemática,3º Médio B,6,0.15,0.27,0.31,,0.25,0.32,0.16,0.136,0.0,0.0,0.5898,0,Reprovado
João Lopes,Português,3º Médio B,6,0.38,0.29,0.24,0.33,0.3075,0.32,-0.06,0.103,0.0,0.0,0.6578,0,Reprovado
João Lopes,Química,3º Médio B,6,0.35,0.34,0.29,0.29,0.3145,0.32,-0.069,0.0555,0.0,0.0,0.5668,0,Reprovado
João Lopes,Sociologia,3º Médio B,6,0.27,0.3,0.29,0.45,0.3365,0.32,0.159,0.1431,0.0,0.0,0.6933,0,Reprovado
Juliana Dias,Arte,3º Médio B,6,0.62,0.81,0.84,0.84,0.7885,0.6488,0.207,0.1835,0.0,0.6667,0.7274,2,Aprovado
Juliana Dias,Biologia,3º Médio B,6,0.6,0.55,0.62,,0.5893,0.6488,0.02,0.0589,0.0,0.6667,0.6202,1,Recuperação
Juliana Dias,Educação Física,3º Médio B,6,0.79,0.78,0.98,0.87,0.859,0.6488,0.132,0.1603,0.0,0.6667,0.7809,2,Aprovado
Juliana Dias,Filosofia,3º Médio B,6,0.76,0.58,0.83,0.69,0.7115,0.6488,0.012,0.1847,0.0,0.6667,0.693,2,Aprovado
Juliana Dias,Física,3º Médio B,6,0.56,0.71,0.61,0.56,0.61,0.6488,-0.03,0.1225,0.0,0.6667,0.5665,2,Aprovado
Juliana Dias,Geografia,3º Médio B,6,0.6,0.66,0.81,,0.6964,0.6488,0.21,0.1766,0.0,0.6667,0.6757,2,Aprovado
Juliana Dias,História,3º Médio B,6,0.7,0.54,0.51,0.57,0.5735,0.6488,-0.126,0.1449,0.0,0.6667,0.6596,1,Recuperação
Juliana Dias,Inglês,3º Médio B,6,0.52,0.59,0.68,0.63,0.6105,0.6488,0.126,0.117,0.0,0.6667,0.6309,2,Aprovado
Juliana Dias,Matemática,3º Médio B,6,0.68,0.49,0.63,0.53,0.575,0.6488,-0.093,0.1519,0.0,0.6667,0.5898,1,Recuperação
Juliana Dias,Português,3º Médio B,6,0.61,0.58,0.66,0.57,0.603,0.6488,-0.012,0.07,0.0,0.6667,0.6578,2,Aprovado
Juliana Dias,Química,3º Médio B,6,0.66,0.58,0.4,0.45,0.512,0.6488,-0.243,0.2061,0.0,0.6667,0.5668,1,Recuperação
Juliana Dias,Sociologia,3º Médio B,6,0.7,0.64,0.6,0.69,0.657,0.6488,-0.021,0.0805,0.0,0.6667,0.6933,2,Aprovado
Júlia Barbosa,Arte,3º Médio B,6,0.66,0.88,0.86,0.97,0.858,0.7679,0.273,0.2264,0.0,1.0,0.7274,2,Aprovado
Júlia Barbosa,Biologia,3º Médio B,6,0.75,0.78,0.78,,0.7714,0.7679,0.03,0.0283,0.0,1.0,0.6202,2,Aprovado
Júlia Barbosa,Educação Física,3º Médio B,6,0.84,0.84,0.76,1.0,0.868,0.7679,0.12,0.1744,0.0,1.0,0.7809,2,Aprovado
Júlia Barbosa,Filosofia,3º Médio B,6,0.71,0.79,0.86,,0.7921,0.7679,0.15,0.1226,0.0,1.0,0.693,2,Aprovado
Júlia Barbosa,Física,3º Médio B,6,0.84,0.59,0.8,0.63,0.7045,0.7679,-0.126,0.2138,0.0,1.0,0.5665,2,Aprovado
Júlia Barbosa,Geografia,3º Médio B,6,0.69,0.76,0.81,,0.7579,0.7679,0.12,0.0984,0.0,1.0,0.6757,2,Aprovado
Júlia Barbosa,História,3º Médio B,6,0.78,0.87,0.84,0.74,0.8055,0.7679,-0.045,0.1014,0.0,1.0,0.6596,2,Aprovado
Júlia Barbosa,Inglês,3º Médio B,6,0.66,0.65,0.76,0.74,0.7065,0.7679,0.105,0.0963,0.0,1.0,0.6309,2,Aprovado
Júlia Barbosa,Matemática,3º Médio B,6,0.85,0.7,0.69,,0.7393,0.7679,-0.16,0.1464,0.0,1.0,0.5898,2,Aprovado
Júlia Barbosa,Português,3º Médio B,6,0.8,0.92,0.85,0.59,0.7795,0.7679,-0.21,0.2462,0.0,1.0,0.6578,2,Aprovado
Júlia Barbosa,Química,3º Médio B,6,0.54,0.6,0.65,,0.6007,0.7679,0.11,0.0899,0.0,1.0,0.5668,2,Aprovado
Júlia Barbosa,Sociologia,3º Médio B,6,0.76,0.85,0.87,,0.8314,0.7679,0.11,0.0957,0.0,1.0,0.6933,2,Aprovado
Karen Dias,Arte,3º Médio B,6,0.32,0.35,0.3,0.32,0.3225,0.2442,-0.015,0.0357,0.0,0.0,0.7274,0,Reprovado
Karen Dias,Biologia,3º Médio B,6,0.04,0.32,0.26,0.16,0.201,0.2442,0.09,0.2124,0.0,0.0,0.6202,0,Reprovado
Karen Dias,Educação Física,3º Médio B,6,0.38,0.43,0.43,,0.4157,0.2442,0.05,0.0471,0.0,0.0,0.7809,0,Reprovado
Karen Dias,Filosofia,3º Médio B,6,0.3,0.17,0.24,,0.2321,0.2442,-0.06,0.1062,0.0,0.0,0.693,0,Reprovado
Karen Dias,Física,3º Médio B,6,0.07,0.25,0.28,0.13,0.1855,0.2442,0.063,0.1717,0.0,0.0,0.5665,0,Reprovado
Karen Dias,Geografia,3º Médio B,6,0.13,0.18,0.18,0.21,0.179,0.2442,0.072,0.0574,0.0,0.0,0.6757,0,Reprovado
Karen Dias,História,3º Médio B,6,0.23,0.34,0.29,,0.2907,0.2442,0.06,0.0899,0.0,0.0,0.6596,0,Reprovado
Karen Dias,Inglês,3º Médio B,6,0.32,0.17,0.33,0.13,0.228,0.2442,-0.123,0.1774,0.0,0.0,0.6309,0,Reprovado
Karen Dias,Matemática,3º Médio B,6,0.37,0.18,0.16,0.04,0.171,0.2442,-0.303,0.2364,0.0,0.0,0.5898,0,Reprovado
Karen Dias,Português,3º Médio B,6,0.28,0.2,0.22,0.31,0.254,0.2442,0.033,0.0887,0.0,0.0,0.6578,0,Reprovado
Karen Dias,Química,3º Médio B,6,0.15,0.15,0.11,0.11,0.128,0.2442,-0.048,0.04,0.0,0.0,0.5668,0,Reprovado
Karen Dias,Sociologia,3º Médio B,6,0.38,0.24,0.29,0.38,0.3225,0.2442,0.015,0.1203,0.0,0.0,0.6933,0,Reprovado
Matheus Cunha,Arte,3º Médio B,6,0.93,1.0,0.91,0.92,0.9395,0.9214,-0.036,0.0707,0.0,1.0,0.7274,2,Aprovado
Matheus Cunha,Biologia,3º Médio B,6,0.79,1.0,0.87,0.75,0.8505,0.9214,-0.075,0.191,0.0,1.0,0.6202,2,Aprovado
Matheus Cunha,Educação Física,3º Médio B,6,1.0,0.95,1.0,1.0,0.9875,0.9214,0.015,0.0433,0.0,1.0,0.7809,2,Aprovado
Matheus Cunha,Filosofia,3º Médio B,6,1.0,0.89,1.0,0.93,0.9515,0.9214,-0.03,0.0943,0.0,1.0,0.693,2,Aprovado
Matheus Cunha,Física,3º Médio B,6,0.94,0.92,0.72,1.0,0.898,0.9214,-0.006,0.2105,0.0,1.0,0.5665,2,Aprovado
Matheus Cunha,Geografia,3º Médio B,6,0.87,0.9,1.0,0.99,0.946,0.9214,0.138,0.1122,0.0,1.0,0.6757,2,Aprovado
Matheus Cunha,História,3º Médio B,6,1.0,0.8,1.0,0.93,0.929,0.9214,-0.003,0.1633,0.0,1.0,0.6596,2,Aprovado
Matheus Cunha,Inglês,3º Médio B,6,0.95,0.92,0.87,0.99,0.9345,0.9214,0.021,0.0876,0.0,1.0,0.6309,2,Aprovado
Matheus Cunha,Matemática,3º Médio B,6,0.88,0.89,0.88,0.88,0.8825,0.9214,-0.003,0.0087,0.0,1.0,0.5898,2,Aprovado
Matheus Cunha,Português,3º Médio B,6,1.0,0.93,0.95,,0.9571,0.9214,-0.05,0.0589,0.0,1.0,0.6578,2,Aprovado
Matheus Cunha,Química,3º Médio B,6,0.84,0.88,0.75,0.81,0.8185,0.9214,-0.066,0.0949,0.0,1.0,0.5668,2,Aprovado
Matheus Cunha,Sociologia,3º Médio B,6,1.0,1.0,0.85,1.0,0.9625,0.9214,-0.045,0.1299,0.0,1.0,0.6933,2,Aprovado
Natalia Souza,Arte,3º Médio B,6,0.8,0.55,0.53,0.51,0.583,0.5633,-0.267,0.2355,0.0,0.25,0.7274,1,Recuperação
Natalia Souza,Biologia,3º Médio B,6,0.38,0.53,0.63,0.63,0.555,0.5633,0.255,0.2046,0.0,0.25,0.6202,1,Recuperação
Natalia Souza,Educação Física,3º Médio B,6,0.77,0.74,0.63,0.73,0.7155,0.5633,-0.069,0.1052,0.0,0.25,0.7809,2,Aprovado
Natalia Souza,Filosofia,3º Médio B,6,0.69,0.64,0.62,,0.6471,0.5633,-0.07,0.0589,0.0,0.25,0.693,2,Aprovado
Natalia Souza,Física,3º Médio B,6,0.62,0.38,0.35,0.54,0.4685,0.5633,-0.081,0.2233,0.0,0.25,0.5665,0,Reprovado
Natalia Souza,Geografia,3º Médio B,6,0.66,0.62,0.5,0.44,0.544,0.5633,-0.234,0.1775,0.0,0.25,0.6757,1,Recuperação
Natalia Souza,História,3º Médio B,6,0.57,0.7,0.72,0.47,0.61,0.5633,-0.084,0.2032,0.0,0.25,0.6596,2,Aprovado
Natalia Souza,Inglês,3º Médio B,6,0.49,0.58,0.54,0.46,0.516,0.5633,-0.039,0.0921,0.0,0.25,0.6309,1,Recuperação
Natalia Souza,Matemática,3º Médio B,6,0.64,0.44,0.44,,0.4971,0.5633,-0.2,0.1886,0.0,0.25,0.5898,0,Reprovado
Natalia Souza,Português,3º Médio B,6,0.54,0.48,0.7,0.63,0.592,0.5633,0.147,0.1682,0.0,0.25,0.6578,1,Recuperação
Natalia Souza,Química,3º Médio B,6,0.56,0.63,0.4,0.33,0.4685,0.5633,-0.276,0.2404,0.0,0.25,0.5668,0,Reprovado
Natalia Souza,Sociologia,3º Médio B,6,0.54,0.58,0.52,0.6,0.563,0.5633,0.036,0.0632,0.0,0.25,0.6933,1,Recuperação
Patricia Cavalcanti,Arte,3º Médio B,6,0.77,0.93,0.59,0.68,0.738,0.6289,-0.183,0.2511,0.0,0.6667,0.7274,2,Aprovado
Patricia Cavalcanti,Biologia,3º Médio B,6,0.74,0.68,0.63,,0.6793,0.6289,-0.11,0.0899,0.0,0.6667,0.6202,2,Aprovado
Patricia Cavalcanti,Educação Física,3º Médio B,6,0.78,0.83,0.59,0.67,0.712,0.6289,-0.171,0.1873,0.0,0.6667,0.7809,2,Aprovado
Patricia Cavalcanti,Filosofia,3º Médio B,6,0.63,0.75,0.63,0.69,0.678,0.6289,0.018,0.0995,0.0,0.6667,0.693,2,Aprovado
Patricia Cavalcanti,Física,3º Médio B,6,0.63,0.52,0.42,,0.5157,0.6289,-0.21,0.1715,0.0,0.6667,0.5665,1,Recuperação
Patricia Cavalcanti,Geografia,3º Médio B,6,0.75,0.67,0.59,0.76,0.693,0.6289,-0.015,0.1374,0.0,0.6667,0.6757,2,Aprovado
Patricia Cavalcanti,História,3º Médio B,6,0.6,0.65,0.58,0.76,0.6555,0.6289,0.123,0.1396,0.0,0.6667,0.6596,2,Aprovado
Patricia Cavalcanti,Inglês,3º Médio B,6,0.56,0.57,0.71,0.69,0.639,0.6289,0.159,0.1359,0.0,0.6667,0.6309,2,Aprovado
Patricia Cavalcanti,Matemática,3º Médio B,6,0.51,0.45,0.55,0.5,0.502,0.6289,0.021,0.0712,0.0,0.6667,0.5898,1,Recuperação
Patricia Cavalcanti,Português,3º Médio B,6,0.59,0.58,0.64,0.69,0.63,0.6289,0.108,0.0877,0.0,0.6667,0.6578,2,Aprovado
Patricia Cavalcanti,Química,3º Médio B,6,0.56,0.36,0.58,0.55,0.512,0.6289,0.057,0.1774,0.0,0.6667,0.5668,1,Recuperação
Patricia Cavalcanti,Sociologia,3º Médio B,6,0.51,0.55,0.74,0.56,0.5925,0.6289,0.102,0.1772,0.0,0.6667,0.6933,1,Recuperação
Paula Ferreira,Arte,3º Médio B,6,0.86,0.96,0.84,1.0,0.922,0.8228,0.09,0.1338,0.0,1.0,0.7274,2,Aprovado
Paula Ferreira,Biologia,3º Médio B,6,0.73,0.86,0.85,0.75,0.7985,0.8228,0.015,0.1161,0.0,1.0,0.6202,2,Aprovado
Paula Ferreira,Educação Física,3º Médio B,6,0.89,1.0,0.95,,0.9507,0.8228,0.06,0.0899,0.0,1.0,0.7809,2,Aprovado
Paula Ferreira,Filosofia,3º Médio B,6,0.85,0.83,0.82,0.95,0.8675,0.8228,0.087,0.1033,0.0,1.0,0.693,2,Aprovado
Paula Ferreira,Física,3º Médio B,6,0.72,0.75,0.78,0.61,0.7095,0.8228,-0.09,0.1285,0.0,1.0,0.5665,2,Aprovado
Paula Ferreira,Geografia,3º Médio B,6,0.98,0.86,0.81,0.84,0.8655,0.8228,-0.141,0.1291,0.0,1.0,0.6757,2,Aprovado
Paula Ferreira,História,3º Médio B,6,0.87,0.82,0.88,1.0,0.899,0.8228,0.135,0.1322,0.0,1.0,0.6596,2,Aprovado
Paula Ferreira,Inglês,3º Médio B,6,0.75,0.63,0.71,0.77,0.716,0.8228,0.042,0.1072,0.0,1.0,0.6309,2,Aprovado
Paula Ferreira,Matemática,3º Médio B,6,0.87,0.81,0.77,0.62,0.755,0.8228,-0.237,0.1846,0.0,1.0,0.5898,2,Aprovado
Paula Ferreira,Português,3º Médio B,6,0.96,0.85,0.83,0.75,0.837,0.8228,-0.195,0.1499,0.0,1.0,0.6578,2,Aprovado
Paula Ferreira,Química,3º Médio B,6,0.66,0.57,0.71,,0.6457,0.8228,0.05,0.1159,0.0,1.0,0.5668,2,Aprovado
Paula Ferreira,Sociologia,3º Médio B,6,0.89,0.89,0.85,0.98,0.907,0.8228,0.069,0.0953,0.0,1.0,0.6933,2,Aprovado
Paulo Souza,Arte,3º Médio B,6,1.0,1.0,0.83,,0.9393,0.9077,-0.17,0.1603,0.0,1.0,0.7274,2,Aprovado
Paulo Souza,Biologia,3º Médio B,6,0.79,0.86,0.82,0.99,0.875,0.9077,0.168,0.1526,0.0,1.0,0.6202,2,Aprovado
Paulo Souza,Educação Física,3º Médio B,6,1.0,1.0,1.0,,1.0,0.9077,0.0,0.0,0.0,1.0,0.7809,2,Aprovado
Paulo Souza,Filosofia,3º Médio B,6,0.92,0.97,1.0,,0.9664,0.9077,0.08,0.066,0.0,1.0,0.693,2,Aprovado
Paulo Souza,Física,3º Médio B,6,0.9,0.69,0.75,,0.7714,0.9077,-0.15,0.1766,0.0,1.0,0.5665,2,Aprovado
Paulo Souza,Geografia,3º Médio B,6,0.85,1.0,0.89,,0.9179,0.9077,0.04,0.1268,0.0,1.0,0.6757,2,Aprovado
Paulo Souza,História,3º Médio B,6,1.0,0.96,0.93,0.98,0.9665,0.9077,-0.027,0.0517,0.0,1.0,0.6596,2,Aprovado
Paulo Souza,Inglês,3º Médio B,6,0.73,0.96,0.8,,0.8371,0.9077,0.07,0.1925,0.0,1.0,0.6309,2,Aprovado
Paulo Souza,Matemática,3º Médio B,6,0.83,0.81,0.93,0.73,0.82,0.9077,-0.054,0.1425,0.0,1.0,0.5898,2,Aprovado
Paulo Souza,Português,3º Médio B,6,1.0,1.0,1.0,,1.0,0.9077,0.0,0.0,0.0,1.0,0.6578,2,Aprovado
Paulo Souza,Química,3º Médio B,6,0.76,0.93,0.93,0.87,0.878,0.9077,0.099,0.1388,0.0,1.0,0.5668,2,Aprovado
Paulo Souza,Sociologia,3º Médio B,6,1.0,0.81,0.98,0.91,0.9205,0.9077,-0.03,0.1487,0.0,1.0,0.6933,2,Aprovado
Renata Araújo,Arte,3º Médio B,6,0.52,0.67,0.64,0.59,0.6085,0.6052,0.054,0.1136,0.0,0.6667,0.7274,2,Aprovado
Renata Araújo,Biologia,3º Médio B,6,0.46,0.52,0.57,0.54,0.5265,0.6052,0.087,0.0805,0.0,0.6667,0.6202,1,Recuperação
Renata Araújo,Educação Física,3º Médio B,6,0.81,0.75,0.65,0.79,0.749,0.6052,-0.048,0.1233,0.0,0.6667,0.7809,2,Aprovado
Renata Araújo,Filosofia,3º Médio B,6,0.61,0.7,0.74,,0.6886,0.6052,0.13,0.1087,0.0,0.6667,0.693,2,Aprovado
Renata Araújo,Física,3º Médio B,6,0.54,0.44,0.51,,0.4936,0.6052,-0.03,0.0838,0.0,0.6667,0.5665,0,Reprovado
Renata Araújo,Geografia,3º Médio B,6,0.51,0.61,0.7,,0.6136,0.6052,0.19,0.1552,0.0,0.6667,0.6757,2,Aprovado
Renata Araújo,História,3º Médio B,6,0.55,0.65,0.64,0.75,0.6575,0.6052,0.177,0.1417,0.0,0.6667,0.6596,2,Aprovado
Renata Araújo,Inglês,3º Médio B,6,0.63,0.64,0.66,0.74,0.673,0.6052,0.105,0.0865,0.0,0.6667,0.6309,2,Aprovado
Renata Araújo,Matemática,3º Médio B,6,0.6,0.61,0.62,,0.6107,0.6052,0.02,0.0163,0.0,0.6667,0.5898,2,Aprovado
Renata Araújo,Português,3º Médio B,6,0.55,0.5,0.61,0.45,0.5225,0.6052,-0.057,0.1186,0.0,0.6667,0.6578,1,Recuperação
Renata Araújo,Química,3º Médio B,6,0.42,0.59,0.43,,0.4843,0.6052,0.01,0.1558,0.0,0.6667,0.5668,0,Reprovado
Renata Araújo,Sociologia,3º Médio B,6,0.74,0.64,0.55,0.63,0.6345,0.6052,-0.126,0.1349,0.0,0.6667,0.6933,2,Aprovado
Renato Lima,Arte,3º Médio B,6,0.5,0.38,0.45,0.32,0.4035,0.2986,-0.141,0.1367,0.0,0.0,0.7274,0,Reprovado
Renato Lima,Biologia,3º Médio B,6,0.37,0.33,0.23,0.35,0.319,0.2986,-0.048,0.1077,0.0,0.0,0.6202,0,Reprovado
Renato Lima,Educação Física,3º Médio B,6,0.38,0.53,0.45,,0.4586,0.2986,0.07,0.1226,0.0,0.0,0.7809,0,Reprovado
Renato Lima,Filosofia,3º Médio B,6,0.25,0.38,0.43,,0.3607,0.2986,0.18,0.1517,0.0,0.0,0.693,0,Reprovado
Renato Lima,Física,3º Médio B,6,0.37,0.11,0.2,0.05,0.1665,0.2986,-0.261,0.2414,0.0,0.0,0.5665,0,Reprovado
Renato Lima,Geografia,3º Médio B,6,0.3,0.36,0.35,0.19,0.2945,0.2986,-0.102,0.1349,0.0,0.0,0.6757,0,Reprovado
Renato Lima,História,3º Médio B,6,0.33,0.09,0.3,,0.2336,0.2986,-0.03,0.2135,0.0,0.0,0.6596,0,Reprovado
Renato Lima,Inglês,3º Médio B,6,0.21,0.3,0.24,0.26,0.255,0.2986,0.027,0.0654,0.0,0.0,0.6309,0,Reprovado
Renato Lima,Matemática,3º Médio B,6,0.21,0.11,0.17,0.34,0.214,0.2986,0.135,0.1687,0.0,0.0,0.5898,0,Reprovado
Renato Lima,Português,3º Médio B,6,0.22,0.38,0.4,0.26,0.317,0.2986,0.042,0.1533,0.0,0.0,0.6578,0,Reprovado
Renato Lima,Química,3º Médio B,6,0.15,0.31,0.21,,0.2286,0.2986,0.06,0.132,0.0,0.0,0.5668,0,Reprovado
Renato Lima,Sociologia,3º Médio B,6,0.23,0.22,0.47,0.38,0.3325,0.2986,0.21,0.21,0.0,0.0,0.6933,0,Reprovado
Samuel Melo,Arte,3º Médio B,6,0.65,0.66,0.54,,0.6143,0.4793,-0.11,0.1087,0.0,0.0833,0.7274,2,Aprovado
Samuel Melo,Biologia,3º Médio B,6,0.24,0.43,0.53,0.44,0.42,0.4793,0.21,0.2112,0.0,0.0833,0.6202,0,Reprovado
Samuel Melo,Educação Física,3º Médio B,6,0.6,0.51,0.59,,0.5643,0.4793,-0.01,0.0806,0.0,0.0833,0.7809,1,Recuperação
Samuel Melo,Filosofia,3º Médio B,6,0.38,0.58,0.51,0.58,0.5225,0.4793,0.159,0.1633,0.0,0.0833,0.693,1,Recuperação
Samuel Melo,Física,3º Médio B,6,0.25,0.21,0.64,,0.375,0.4793,0.39,0.3879,0.0,0.0833,0.5665,0,Reprovado
Samuel Melo,Geografia,3º Médio B,6,0.59,0.5,0.59,0.61,0.5735,0.4793,0.045,0.0853,0.0,0.0833,0.6757,1,Recuperação
Samuel Melo,História,3º Médio B,6,0.36,0.35,0.49,0.46,0.42,0.4793,0.132,0.1221,0.0,0.0833,0.6596,0,Reprovado
Samuel Melo,Inglês,3º Médio B,6,0.43,0.42,0.46,,0.4371,0.4793,0.03,0.034,0.0,0.0833,0.6309,0,Reprovado
Samuel Melo,Matemática,3º Médio B,6,0.44,0.41,0.36,,0.4007,0.4793,-0.08,0.066,0.0,0.0833,0.5898,0,Reprovado
Samuel Melo,Português,3º Médio B,6,0.44,0.38,0.4,0.41,0.406,0.4793,-0.021,0.0433,0.0,0.0833,0.6578,0,Reprovado
Samuel Melo,Química,3º Médio B,6,0.45,0.4,0.32,0.53,0.429,0.4793,0.048,0.1526,0.0,0.0833,0.5668,0,Reprovado
Samuel Melo,Sociologia,3º Médio B,6,0.55,0.5,0.59,0.69,0.5895,0.4793,0.153,0.1396,0.0,0.0833,0.6933,1,Recuperação
Thiago Gomes,Arte,3º Médio B,6,0.85,0.92,0.9,,0.8929,0.7557,0.05,0.0589,0.0,1.0,0.7274,2,Aprovado
Thiago Gomes,Biologia,3º Médio B,6,0.93,0.71,0.9,0.67,0.7895,0.7557,-0.177,0.2278,0.0,1.0,0.6202,2,Aprovado
Thiago Gomes,Educação Física,3º Médio B,6,0.88,0.91,0.95,0.89,0.908,0.7557,0.021,0.0536,0.0,1.0,0.7809,2,Aprovado
Thiago Gomes,Filosofia,3º Médio B,6,0.94,0.68,0.78,0.79,0.79,0.7557,-0.105,0.1857,0.0,1.0,0.693,2,Aprovado
Thiago Gomes,Física,3º Médio B,6,0.7,0.67,0.57,0.7,0.66,0.7557,-0.03,0.1068,0.0,1.0,0.5665,2,Aprovado
Thiago Gomes,Geografia,3º Médio B,6,0.79,0.8,0.8,0.65,0.753,0.7557,-0.126,0.1273,0.0,1.0,0.6757,2,Aprovado
Thiago Gomes,História,3º Médio B,6,0.6,0.87,0.65,1.0,0.8,0.7557,0.294,0.3253,0.0,1.0,0.6596,2,Aprovado
Thiago Gomes,Inglês,3º Médio B,6,0.66,0.7,0.67,0.73,0.6935,0.7557,0.054,0.0548,0.0,1.0,0.6309,2,Aprovado
Thiago Gomes,Matemática,3º Médio B,6,0.61,0.78,0.55,0.52,0.6105,0.7557,-0.15,0.2012,0.0,1.0,0.5898,2,Aprovado
Thiago Gomes,Português,3º Médio B,6,0.81,0.69,0.65,0.71,0.71,0.7557,-0.102,0.1179,0.0,1.0,0.6578,2,Aprovado
Thiago Gomes,Química,3º Médio B,6,0.69,0.7,0.71,0.68,0.6945,0.7557,-0.006,0.0224,0.0,1.0,0.5668,2,Aprovado
Thiago Gomes,Sociologia,3º Médio B,6,0.97,0.68,0.69,,0.7664,0.7557,-0.28,0.2688,0.0,1.0,0.6933,2,Aprovado
Victor Martins,Arte,3º Médio B,6,0.95,0.96,0.86,1.0,0.945,0.8697,0.015,0.1023,0.0,1.0,0.7274,2,Aprovado
Victor Martins,Biologia,3º Médio B,6,0.88,0.9,0.93,,0.905,0.8697,0.05,0.0411,0.0,1.0,0.6202,2,Aprovado
Victor Martins,Educação Física,3º Médio B,6,0.92,1.0,1.0,1.0,0.984,0.8697,0.072,0.0693,0.0,1.0,0.7809,2,Aprovado
Victor Martins,Filosofia,3º Médio B,6,0.8,0.93,0.99,0.86,0.898,0.8697,0.072,0.1432,0.0,1.0,0.693,2,Aprovado
Victor Martins,Física,3º Médio B,6,0.6,0.74,0.79,,0.7179,0.8697,0.19,0.1608,0.0,1.0,0.5665,2,Aprovado
Victor Martins,Geografia,3º Médio B,6,0.95,0.86,0.88,,0.8929,0.8697,-0.07,0.0772,0.0,1.0,0.6757,2,Aprovado
Victor Martins,História,3º Médio B,6,1.0,0.82,0.85,,0.8821,0.8697,-0.15,0.1575,0.0,1.0,0.6596,2,Aprovado
Victor Martins,Inglês,3º Médio B,6,0.8,0.88,0.82,,0.8357,0.8697,0.02,0.068,0.0,1.0,0.6309,2,Aprovado
Victor Martins,Matemática,3º Médio B,6,0.9,0.8,0.78,0.87,0.836,0.8697,-0.033,0.0984,0.0,1.0,0.5898,2,Aprovado
Victor Martins,Português,3º Médio B,6,0.89,0.81,0.86,0.76,0.8235,0.8697,-0.102,0.099,0.0,1.0,0.6578,2,Aprovado
Victor Martins,Química,3º Médio B,6,0.8,0.9,0.68,,0.7929,0.8697,-0.12,0.1799,0.0,1.0,0.5668,2,Aprovado
Victor Martins,Sociologia,3º Médio B,6,0.8,0.95,1.0,0.92,0.9235,0.8697,0.123,0.1472,0.0,1.0,0.6933,2,Aprovado
Ana Pereira,Arte,6º Fundamental A,6,0.58,0.6,0.45,,0.5407,0.4017,-0.13,0.133,0.0,0.125,0.6469,1,Recuperação
Ana Pereira,Ciências,6º Fundamental A,6,0.45,0.35,0.35,0.28,0.349,0.4017,-0.153,0.1211,0.0,0.125,0.5611,0,Reprovado
Ana Pereira,Educação Física,6º Fundamental A,6,0.59,0.55,0.58,0.69,0.6075,0.4017,0.099,0.1052,0.0,0.125,0.6969,2,Aprovado
Ana Pereira,Geografia,6º Fundamental A,6,0.27,0.43,0.33,0.36,0.352,0.4017,0.051,0.1152,0.0,0.125,0.5696,0,Reprovado
Ana Pereira,História,6º Fundamental A,6,0.41,0.35,0.39,0.41,0.39,0.4017,0.012,0.049,0.0,0.125,0.5832,0,Reprovado
Ana Pereira,Inglês,6º Fundamental A,6,0.24,0.16,0.42,0.29,0.28,0.4017,0.123,0.1889,0.0,0.125,0.5317,0,Reprovado
Ana Pereira,Matemática,6º Fundamental A,6,0.27,0.32,0.33,0.44,0.3485,0.4017,0.156,0.1241,0.0,0.125,0.5076,0,Reprovado
Ana Pereira,Português,6º Fundamental A,6,0.3,0.32,0.33,0.41,0.3455,0.4017,0.102,0.0837,0.0,0.125,0.5775,0,Reprovado
Arthur Carvalho,Arte,6º Fundamental A,6,0.81,1.0,1.0,,0.9457,0.92,0.19,0.1791,0.0,1.0,0.6469,2,Aprovado
Arthur Carvalho,Ciências,6º Fundamental A,6,0.9,0.9,0.87,0.98,0.9165,0.92,0.063,0.0817,0.0,1.0,0.5611,2,Aprovado
Arthur Carvalho,Educação Física,6º Fundamental A,6,1.0,1.0,1.0,,1.0,0.92,0.0,0.0,0.0,1.0,0.6969,2,Aprovado
Arthur Carvalho,Geografia,6º Fundamental A,6,0.88,0.92,0.98,,0.93,0.92,0.1,0.0822,0.0,1.0,0.5696,2,Aprovado
Arthur Carvalho,História,6º Fundamental A,6,0.94,1.0,0.91,0.87,0.9265,0.92,-0.09,0.0949,0.0,1.0,0.5832,2,Aprovado
Arthur Carvalho,Inglês,6º Fundamental A,6,0.79,0.85,0.79,0.84,0.82,0.92,0.027,0.0555,0.0,1.0,0.5317,2,Aprovado
Arthur Carvalho,Matemática,6º Fundamental A,6,0.76,0.9,0.95,0.91,0.8875,0.92,0.15,0.1435,0.0,1.0,0.5076,2,Aprovado
Arthur Carvalho,Português,6º Fundamental A,6,0.88,1.0,1.0,0.86,0.934,0.92,-0.018,0.1308,0.0,1.0,0.5775,2,Aprovado
Arthur Melo,Arte,6º Fundamental A,6,0.85,0.95,0.99,,0.9357,0.8841,0.14,0.1178,0.0,1.0,0.6469,2,Aprovado
Arthur Melo,Ciências,6º Fundamental A,6,1.0,0.87,0.82,,0.8893,0.8841,-0.18,0.1517,0.0,1.0,0.5611,2,Aprovado
Arthur Melo,Educação Física,6º Fundamental A,6,1.0,0.89,1.0,,0.9607,0.8841,0.0,0.1037,0.0,1.0,0.6969,2,Aprovado
Arthur Melo,Geografia,6º Fundamental A,6,0.86,0.84,1.0,0.95,0.917,0.8841,0.129,0.1307,0.0,1.0,0.5696,2,Aprovado
Arthur Melo,História,6º Fundamental A,6,1.0,0.77,0.87,0.89,0.877,0.8841,-0.069,0.1633,0.0,1.0,0.5832,2,Aprovado
Arthur Melo,Inglês,6º Fundamental A,6,0.91,0.78,0.78,,0.8171,0.8841,-0.13,0.1226,0.0,1.0,0.5317,2,Aprovado
Arthur Melo,Matemática,6º Fundamental A,6,0.84,0.77,0.77,,0.79,0.8841,-0.07,0.066,0.0,1.0,0.5076,2,Aprovado
Arthur Melo,Português,6º Fundamental A,6,0.92,0.8,1.0,0.84,0.886,0.8841,-0.012,0.1536,0.0,1.0,0.5775,2,Aprovado
Bruno Ramos,Arte,6º Fundamental A,6,1.0,1.0,0.95,0.92,0.9635,0.9128,-0.087,0.0684,0.0,1.0,0.6469,2,Aprovado
Bruno Ramos,Ciências,6º Fundamental A,6,0.87,0.87,0.91,0.82,0.865,0.9128,-0.033,0.0638,0.0,1.0,0.5611,2,Aprovado
Bruno Ramos,Educação Física,6º Fundamental A,6,1.0,1.0,1.0,,1.0,0.9128,0.0,0.0,0.0,1.0,0.6969,2,Aprovado
Bruno Ramos,Geografia,6º Fundamental A,6,0.93,0.92,0.74,,0.8586,0.9128,-0.19,0.1746,0.0,1.0,0.5696,2,Aprovado
Bruno Ramos,História,6º Fundamental A,6,0.97,0.95,0.91,1.0,0.959,0.9128,0.015,0.0654,0.0,1.0,0.5832,2,Aprovado
Bruno Ramos,Inglês,6º Fundamental A,6,0.82,0.82,0.91,0.97,0.8875,0.9128,0.162,0.1273,0.0,1.0,0.5317,2,Aprovado
Bruno Ramos,Matemática,6º Fundamental A,6,0.68,0.75,0.89,0.96,0.834,0.9128,0.294,0.2214,0.0,1.0,0.5076,2,Aprovado
Bruno Ramos,Português,6º Fundamental A,6,0.96,0.99,0.83,0.96,0.935,0.9128,-0.048,0.1237,0.0,1.0,0.5775,2,Aprovado
Carlos Borges,Arte,6º Fundamental A,6,0.7,0.7,0.59,0.67,0.6635,0.5745,-0.06,0.09,0.0,0.5,0.6469,2,Aprovado
Carlos Borges,Ciências,6º Fundamental A,6,0.57,0.41,0.5,,0.4879,0.5745,-0.07,0.131,0.0,0.5,0.5611,0,Reprovado
Carlos Borges,Educação Física,6º Fundamental A,6,0.62,0.66,0.6,,0.6271,0.5745,-0.02,0.0499,0.0,0.5,0.6969,2,Aprovado
Carlos Borges,Geografia,6º Fundamental A,6,0.44,0.54,0.72,0.46,0.541,0.5745,0.072,0.2209,0.0,0.5,0.5696,1,Recuperação
Carlos Borges,História,6º Fundamental A,6,0.54,0.58,0.61,0.68,0.6095,0.5745,0.135,0.1023,0.0,0.5,0.5832,2,Aprovado
Carlos Borges,Inglês,6º Fundamental A,6,0.6,0.62,0.47,0.72,0.6085,0.5745,0.063,0.178,0.0,0.5,0.5317,2,Aprovado
Carlos Borges,Matemática,6º Fundamental A,6,0.52,0.54,0.5,,0.52,0.5745,-0.02,0.0327,0.0,0.5,0.5076,1,Recuperação
Carlos Borges,Português,6º Fundamental A,6,0.51,0.55,0.55,,0.5386,0.5745,0.04,0.0377,0.0,0.5,0.5775,1,Recuperação
Daniela Castro,Arte,6º Fundamental A,6,0.8,0.43,0.58,,0.5893,0.5853,-0.22,0.3039,0.0,0.25,0.6469,1,Recuperação
Daniela Castro,Ciências,6º Fundamental A,6,0.58,0.5,0.6,0.58,0.565,0.5853,0.03,0.0768,0.0,0.25,0.5611,1,Recuperação
Daniela Castro,Educação Física,6º Fundamental A,6,0.75,0.68,0.83,,0.7536,0.5853,0.08,0.1226,0.0,0.25,0.6969,2,Aprovado
Daniela Castro,Geografia,6º Fundamental A,6,0.65,0.59,0.6,0.64,0.6195,0.5853,-0.006,0.051,0.0,0.25,0.5696,2,Aprovado
Daniela Castro,História,6º Fundamental A,6,0.76,0.53,0.47,0.5,0.552,0.5853,-0.252,0.2291,0.0,0.25,0.5832,1,Recuperação
Daniela Castro,Inglês,6º Fundamental A,6,0.53,0.42,0.62,0.44,0.498,0.5853,-0.021,0.159,0.0,0.25,0.5317,0,Reprovado
Daniela Castro,Matemática,6º Fundamental A,6,0.51,0.53,0.52,,0.5207,0.5853,0.01,0.0163,0.0,0.25,0.5076,1,Recuperação
Daniela Castro,Português,6º Fundamental A,6,0.56,0.59,0.64,0.55,0.5845,0.5853,0.006,0.07,0.0,0.25,0.5775,1,Recuperação
Diana Pinto,Arte,6º Fundamental A,6,0.3,0.35,0.37,,0.3429,0.2495,0.07,0.0589,0.0,0.0,0.6469,0,Reprovado
Diana Pinto,Ciências,6º Fundamental A,6,0.28,0.22,0.2,0.3,0.251,0.2495,0.012,0.0825,0.0,0.0,0.5611,0,Reprovado
Diana Pinto,Educação Física,6º Fundamental A,6,0.33,0.2,0.31,,0.2764,0.2495,-0.02,0.1143,0.0,0.0,0.6969,0,Reprovado
Diana Pinto,Geografia,6º Fundamental A,6,0.37,0.31,0.09,,0.2486,0.2495,-0.28,0.2407,0.0,0.0,0.5696,0,Reprovado
Diana Pinto,História,6º Fundamental A,6,0.1,0.23,0.33,0.34,0.262,0.2495,0.246,0.1934,0.0,0.0,0.5832,0,Reprovado
Diana Pinto,Inglês,6º Fundamental A,6,0.13,0.32,0.1,0.27,0.212,0.2495,0.06,0.1847,0.0,0.0,0.5317,0,Reprovado
Diana Pinto,Matemática,6º Fundamental A,6,0.22,0.1,0.25,0.17,0.1825,0.2495,0.0,0.1136,0.0,0.0,0.5076,0,Reprovado
Diana Pinto,Português,6º Fundamental A,6,0.18,0.24,0.27,0.19,0.2205,0.2495,0.018,0.0735,0.0,0.0,0.5775,0,Reprovado
Felipe Campos,Arte,6º Fundamental A,6,0.38,0.48,0.4,,0.4229,0.3342,0.02,0.0864,0.0,0.0,0.6469,0,Reprovado
Felipe Campos,Ciências,6º Fundamental A,6,0.38,0.32,0.2,0.52,0.362,0.3342,0.09,0.2304,0.0,0.0,0.5611,0,Reprovado
Felipe Campos,Educação Física,6º Fundamental A,6,0.5,0.45,0.33,,0.4214,0.3342,-0.17,0.1427,0.0,0.0,0.6969,0,Reprovado
Felipe Campos,Geografia,6º Fundamental A,6,0.32,0.18,0.3,0.4,0.304,0.3342,0.108,0.1575,0.0,0.0,0.5696,0,Reprovado
Felipe Campos,História,6º Fundamental A,6,0.47,0.3,0.3,,0.3486,0.3342,-0.17,0.1603,0.0,0.0,0.5832,0,Reprovado
Felipe Campos,Inglês,6º Fundamental A,6,0.43,0.18,0.1,0.31,0.249,0.3342,-0.132,0.2516,0.0,0.0,0.5317,0,Reprovado
Felipe Campos,Matemática,6º Fundamental A,6,0.17,0.1,0.29,0.32,0.2275,0.3342,0.192,0.1783,0.0,0.0,0.5076,0,Reprovado
Felipe Campos,Português,6º Fundamental A,6,0.31,0.34,0.36,,0.3386,0.3342,0.05,0.0411,0.0,0.0,0.5775,0,Reprovado
Fernando Moreira,Arte,6º Fundamental A,6,0.91,0.76,1.0,0.99,0.919,0.8243,0.144,0.1921,0.0,1.0,0.6469,2,Aprovado
Fernando Moreira,Ciências,6º Fundamental A,6,0.78,0.68,0.79,0.8,0.7635,0.8243,0.051,0.0963,0.0,1.0,0.5611,2,Aprovado
Fernando Moreira,Educação Física,6º Fundamental A,6,0.86,0.87,0.95,,0.8957,0.8243,0.09,0.0806,0.0,1.0,0.6969,2,Aprovado
Fernando Moreira,Geografia,6º Fundamental A,6,0.88,0.87,0.73,,0.8229,0.8243,-0.15,0.137,0.0,1.0,0.5696,2,Aprovado
Fernando Moreira,História,6º Fundamental A,6,0.91,0.99,0.77,0.87,0.883,0.8243,-0.102,0.1584,0.0,1.0,0.5832,2,Aprovado
Fernando Moreira,Inglês,6º Fundamental A,6,0.77,0.82,0.71,0.79,0.7735,0.8243,-0.015,0.0805,0.0,1.0,0.5317,2,Aprovado
Fernando Moreira,Matemática,6º Fundamental A,6,0.75,0.8,0.64,,0.7286,0.8243,-0.11,0.1337,0.0,1.0,0.5076,2,Aprovado
Fernando Moreira,Português,6º Fundamental A,6,0.65,0.84,0.78,0.91,0.808,0.8243,0.216,0.191,0.0,1.0,0.5775,2,Aprovado
Gustavo Andrade,Arte,6º Fundamental A,6,0.32,0.39,0.29,0.45,0.369,0.3323,0.087,0.1244,0.0,0.0,0.6469,0,Reprovado
Gustavo Andrade,Ciências,6º Fundamental A,6,0.34,0.36,0.42,0.26,0.341,0.3323,-0.054,0.1145,0.0,0.0,0.5611,0,Reprovado
Gustavo Andrade,Educação Física,6º Fundamental A,6,0.5,0.41,0.5,0.47,0.4685,0.3323,0.0,0.0735,0.0,0.0,0.6969,0,Reprovado
Gustavo Andrade,Geografia,6º Fundamental A,6,0.18,0.33,0.29,0.29,0.278,0.3323,0.087,0.1117,0.0,0.0,0.5696,0,Reprovado
Gustavo Andrade,História,6º Fundamental A,6,0.11,0.25,0.26,0.38,0.2635,0.3323,0.246,0.1913,0.0,0.0,0.5832,0,Reprovado
Gustavo Andrade,Inglês,6º Fundamental A,6,0.32,0.27,0.23,0.43,0.318,0.3323,0.087,0.1499,0.0,0.0,0.5317,0,Reprovado
Gustavo Andrade,Matemática,6º Fundamental A,6,0.36,0.25,0.35,0.2,0.282,0.3323,-0.114,0.1349,0.0,0.0,0.5076,0,Reprovado
Gustavo Andrade,Português,6º Fundamental A,6,0.29,0.34,0.35,0.36,0.3385,0.3323,0.066,0.0539,0.0,0.0,0.5775,0,Reprovado
Gustavo Correia,Arte,6º Fundamental A,6,0.75,0.77,0.73,0.82,0.771,0.6531,0.051,0.0669,0.0,0.625,0.6469,2,Aprovado
Gustavo Correia,Ciências,6º Fundamental A,6,0.68,0.64,0.71,0.47,0.6145,0.6531,-0.168,0.1857,0.0,0.625,0.5611,2,Aprovado
Gustavo Correia,Educação Física,6º Fundamental A,6,0.87,0.76,0.79,0.72,0.7775,0.6531,-0.126,0.11,0.0,0.625,0.6969,2,Aprovado
Gustavo Correia,Geografia,6º Fundamental A,6,0.56,0.56,0.64,,0.5886,0.6531,0.08,0.0754,0.0,0.625,0.5696,1,Recuperação
Gustavo Correia,História,6º Fundamental A,6,0.56,0.53,0.68,0.54,0.5765,0.6531,0.027,0.1203,0.0,0.625,0.5832,1,Recuperação
Gustavo Correia,Inglês,6º Fundamental A,6,0.66,0.61,0.6,0.72,0.6505,0.6531,0.051,0.0953,0.0,0.625,0.5317,2,Aprovado
Gustavo Correia,Matemática,6º Fundamental A,6,0.49,0.61,0.6,0.58,0.5745,0.6531,0.078,0.0949,0.0,0.625,0.5076,1,Recuperação
Gustavo Correia,Português,6º Fundamental A,6,0.62,0.57,0.66,0.8,0.6715,0.6531,0.189,0.1711,0.0,0.625,0.5775,2,Aprovado
Heloisa Almeida,Arte,6º Fundamental A,6,0.77,0.77,0.66,,0.7307,0.5835,-0.11,0.1037,0.0,0.25,0.6469,2,Aprovado
Heloisa Almeida,Ciências,6º Fundamental A,6,0.61,0.57,0.54,,0.5707,0.5835,-0.07,0.0573,0.0,0.25,0.5611,1,Recuperação
Heloisa Almeida,Educação Física,6º Fundamental A,6,0.73,0.76,0.61,0.65,0.6835,0.5835,-0.117,0.1203,0.0,0.25,0.6969,2,Aprovado
Heloisa Almeida,Geografia,6º Fundamental A,6,0.54,0.68,0.37,0.55,0.5355,0.5835,-0.084,0.2202,0.0,0.25,0.5696,1,Recuperação
Heloisa Almeida,História,6º Fundamental A,6,0.52,0.54,0.63,0.64,0.5885,0.5835,0.135,0.1062,0.0,0.25,0.5832,1,Recuperação
Heloisa Almeida,Inglês,6º Fundamental A,6,0.59,0.48,0.48,0.56,0.526,0.5835,-0.027,0.0973,0.0,0.25,0.5317,1,Recuperação
Heloisa Almeida,Matemática,6º Fundamental A,6,0.47,0.46,0.52,0.52,0.495,0.5835,0.063,0.0555,0.0,0.25,0.5076,0,Reprovado
Heloisa Almeida,Português,6º Fundamental A,6,0.47,0.61,0.52,,0.5379,0.5835,0.05,0.1159,0.0,0.25,0.5775,1,Recuperação
Igor Costa,Arte,6º Fundamental A,6,0.22,0.32,0.38,,0.3129,0.2696,0.16,0.132,0.0,0.0,0.6469,0,Reprovado
Igor Costa,Ciências,6º Fundamental A,6,0.28,0.22,0.35,0.2,0.2585,0.2696,-0.033,0.1169,0.0,0.0,0.5611,0,Reprovado
Igor Costa,Educação Física,6º Fundamental A,6,0.46,0.27,0.3,,0.335,0.2696,-0.16,0.1668,0.0,0.0,0.6969,0,Reprovado
Igor Costa,Geografia,6º Fundamental A,6,0.34,0.35,0.19,0.2,0.263,0.2696,-0.174,0.1503,0.0,0.0,0.5696,0,Reprovado
Igor Costa,História,6º Fundamental A,6,0.14,0.39,0.37,0.2,0.278,0.2696,0.048,0.2147,0.0,0.0,0.5832,0,Reprovado
Igor Costa,Inglês,6º Fundamental A,6,0.21,0.23,0.17,0.27,0.223,0.2696,0.036,0.0721,0.0,0.0,0.5317,0,Reprovado
Igor Costa,Matemática,6º Fundamental A,6,0.2,0.15,0.17,0.2,0.18,0.2696,0.006,0.0424,0.0,0.0,0.5076,0,Reprovado
Igor Costa,Português,6º Fundamental A,6,0.27,0.33,0.26,0.35,0.3065,0.2696,0.051,0.0766,0.0,0.0,0.5775,0,Reprovado
Iris Lima,Arte,6º Fundamental A,6,0.26,0.37,0.3,0.11,0.2525,0.2647,-0.156,0.1903,0.0,0.0,0.6469,0,Reprovado
Iris Lima,Ciências,6º Fundamental A,6,0.29,0.24,0.33,0.13,0.2395,0.2647,-0.117,0.1499,0.0,0.0,0.5611,0,Reprovado
Iris Lima,Educação Física,6º Fundamental A,6,0.36,0.37,0.27,0.44,0.364,0.2647,0.042,0.1208,0.0,0.0,0.6969,0,Reprovado
Iris Lima,Geografia,6º Fundamental A,6,0.24,0.36,0.28,0.25,0.283,0.2647,-0.015,0.0942,0.0,0.0,0.5696,0,Reprovado
Iris Lima,História,6º Fundamental A,6,0.29,0.28,0.32,,0.2971,0.2647,0.03,0.034,0.0,0.0,0.5832,0,Reprovado
Iris Lima,Inglês,6º Fundamental A,6,0.14,0.21,0.27,0.21,0.211,0.2647,0.081,0.0921,0.0,0.0,0.5317,0,Reprovado
Iris Lima,Matemática,6º Fundamental A,6,0.35,0.19,0.21,0.15,0.215,0.2647,-0.174,0.1507,0.0,0.0,0.5076,0,Reprovado
Iris Lima,Português,6º Fundamental A,6,0.3,0.29,0.18,0.26,0.2555,0.2647,-0.069,0.0942,0.0,0.0,0.5775,0,Reprovado
Jessica Freitas,Arte,6º Fundamental A,6,0.48,0.45,0.44,0.46,0.4565,0.4236,-0.021,0.0296,0.0,0.0,0.6469,0,Reprovado
Jessica Freitas,Ciências,6º Fundamental A,6,0.44,0.39,0.29,0.25,0.333,0.4236,-0.201,0.1519,0.0,0.0,0.5611,0,Reprovado
Jessica Freitas,Educação Física,6º Fundamental A,6,0.58,0.55,0.53,0.55,0.551,0.4236,-0.033,0.0357,0.0,0.0,0.6969,1,Recuperação
Jessica Freitas,Geografia,6º Fundamental A,6,0.29,0.39,0.36,0.52,0.4015,0.4236,0.198,0.1667,0.0,0.0,0.5696,0,Reprovado
Jessica Freitas,História,6º Fundamental A,6,0.61,0.45,0.49,0.53,0.516,0.4236,-0.06,0.1183,0.0,0.0,0.5832,1,Recuperação
Jessica Freitas,Inglês,6º Fundamental A,6,0.38,0.39,0.32,,0.3621,0.4236,-0.06,0.0618,0.0,0.0,0.5317,0,Reprovado
Jessica Freitas,Matemática,6º Fundamental A,6,0.22,0.3,0.28,0.42,0.315,0.4236,0.174,0.1453,0.0,0.0,0.5076,0,Reprovado
Jessica Freitas,Português,6º Fundamental A,6,0.46,0.31,0.5,0.53,0.4535,0.4236,0.12,0.1691,0.0,0.0,0.5775,0,Reprovado
Jessica Moreira,Arte,6º Fundamental A,6,0.68,0.54,0.7,0.58,0.62,0.5709,-0.042,0.1338,0.0,0.25,0.6469,2,Aprovado
Jessica Moreira,Ciências,6º Fundamental A,6,0.6,0.56,0.64,0.56,0.588,0.5709,-0.012,0.0663,0.0,0.25,0.5611,1,Recuperação
Jessica Moreira,Educação Física,6º Fundamental A,6,0.61,0.67,0.75,0.78,0.711,0.5709,0.177,0.1337,0.0,0.25,0.6969,2,Aprovado
Jessica Moreira,Geografia,6º Fundamental A,6,0.54,0.42,0.57,0.48,0.4995,0.5709,-0.009,0.1152,0.0,0.25,0.5696,0,Reprovado
Jessica Moreira,História,6º Fundamental A,6,0.75,0.54,0.49,,0.5821,0.5709,-0.26,0.2253,0.0,0.25,0.5832,1,Recuperação
Jessica Moreira,Inglês,6º Fundamental A,6,0.62,0.52,0.45,0.6,0.5465,0.5709,-0.039,0.1352,0.0,0.25,0.5317,1,Recuperação
Jessica Moreira,Matemática,6º Fundamental A,6,0.62,0.32,0.36,0.48,0.438,0.5709,-0.114,0.2339,0.0,0.25,0.5076,0,Reprovado
Jessica Moreira,Português,6º Fundamental A,6,0.53,0.6,0.56,0.62,0.582,0.5709,0.069,0.0698,0.0,0.25,0.5775,1,Recuperação
Karen Cardoso,Arte,6º Fundamental A,6,0.73,0.69,0.66,,0.6907,0.5937,-0.07,0.0573,0.0,0.25,0.6469,2,Aprovado
Karen Cardoso,Ciências,6º Fundamental A,6,0.51,0.47,0.67,,0.5529,0.5937,0.16,0.1728,0.0,0.25,0.5611,1,Recuperação
Karen Cardoso,Educação Física,6º Fundamental A,6,0.87,0.73,0.69,0.56,0.697,0.5937,-0.291,0.2211,0.0,0.25,0.6969,2,Aprovado
Karen Cardoso,Geografia,6º Fundamental A,6,0.52,0.65,0.48,,0.5521,0.5937,-0.04,0.1451,0.0,0.25,0.5696,1,Recuperação
Karen Cardoso,História,6º Fundamental A,6,0.41,0.63,0.58,,0.5493,0.5937,0.17,0.1883,0.0,0.25,0.5832,1,Recuperação
Karen Cardoso,Inglês,6º Fundamental A,6,0.4,0.53,0.54,0.66,0.5455,0.5937,0.237,0.1841,0.0,0.25,0.5317,1,Recuperação
Karen Cardoso,Matemática,6º Fundamental A,6,0.5,0.6,0.59,,0.5679,0.5937,0.09,0.0899,0.0,0.25,0.5076,1,Recuperação
Karen Cardoso,Português,6º Fundamental A,6,0.62,0.58,0.52,0.65,0.594,0.5937,0.009,0.0973,0.0,0.25,0.5775,1,Recuperação
Marcos Araújo,Arte,6º Fundamental A,6,0.7,0.7,0.77,,0.725,0.6195,0.07,0.066,0.0,0.625,0.6469,2,Aprovado
Marcos Araújo,Ciências,6º Fundamental A,6,0.58,0.63,0.76,0.54,0.6255,0.6195,0.003,0.1658,0.0,0.625,0.5611,2,Aprovado
Marcos Araújo,Educação Física,6º Fundamental A,6,0.83,0.62,0.66,0.7,0.696,0.6195,-0.105,0.1577,0.0,0.625,0.6969,2,Aprovado
Marcos Araújo,Geografia,6º Fundamental A,6,0.86,0.53,0.44,,0.5921,0.6195,-0.42,0.3611,0.0,0.625,0.5696,1,Recuperação
Marcos Araújo,História,6º Fundamental A,6,0.65,0.78,0.49,0.74,0.6695,0.6195,-0.006,0.2229,0.0,0.625,0.5832,2,Aprovado
Marcos Araújo,Inglês,6º Fundamental A,6,0.59,0.62,0.44,0.45,0.518,0.6195,-0.18,0.1616,0.0,0.625,0.5317,1,Recuperação
Marcos Araújo,Matemática,6º Fundamental A,6,0.61,0.5,0.4,0.54,0.509,0.6195,-0.093,0.1519,0.0,0.625,0.5076,1,Recuperação
Marcos Araújo,Português,6º Fundamental A,6,0.59,0.58,0.58,0.71,0.621,0.6195,0.108,0.11,0.0,0.625,0.5775,2,Aprovado
Natalia Rodrigues,Arte,6º Fundamental A,6,0.64,0.66,0.84,0.71,0.716,0.6949,0.117,0.1558,0.0,1.0,0.6469,2,Aprovado
Natalia Rodrigues,Ciências,6º Fundamental A,6,0.79,0.74,0.7,0.84,0.77,0.6949,0.033,0.1052,0.0,1.0,0.5611,2,Aprovado
Natalia Rodrigues,Educação Física,6º Fundamental A,6,0.79,0.91,0.62,0.72,0.7565,0.6949,-0.15,0.2112,0.0,1.0,0.6969,2,Aprovado
Natalia Rodrigues,Geografia,6º Fundamental A,6,0.8,0.73,0.61,0.64,0.687,0.6949,-0.18,0.15,0.0,1.0,0.5696,2,Aprovado
Natalia Rodrigues,História,6º Fundamental A,6,0.69,0.61,0.59,0.6,0.618,0.6949,-0.087,0.0792,0.0,1.0,0.5832,2,Aprovado
Natalia Rodrigues,Inglês,6º Fundamental A,6,0.67,0.66,0.68,,0.67,0.6949,0.01,0.0163,0.0,1.0,0.5317,2,Aprovado
Natalia Rodrigues,Matemática,6º Fundamental A,6,0.63,0.67,0.66,0.5,0.6085,0.6949,-0.12,0.136,0.0,1.0,0.5076,2,Aprovado
Natalia Rodrigues,Português,6º Fundamental A,6,0.66,0.8,0.56,0.87,0.733,0.6949,0.117,0.241,0.0,1.0,0.5775,2,Aprovado
Nathalia Correia,Arte,6º Fundamental A,6,0.77,0.99,0.9,0.88,0.8905,0.8255,0.072,0.1565,0.0,1.0,0.6469,2,Aprovado
Nathalia Correia,Ciências,6º Fundamental A,6,0.9,0.81,0.74,,0.8107,0.8255,-0.16,0.131,0.0,1.0,0.5611,2,Aprovado
Nathalia Correia,Educação Física,6º Fundamental A,6,1.0,1.0,0.99,0.94,0.9795,0.8255,-0.057,0.0497,0.0,1.0,0.6969,2,Aprovado
Nathalia Correia,Geografia,6º Fundamental A,6,0.79,0.69,0.76,0.84,0.7725,0.8255,0.066,0.1086,0.0,1.0,0.5696,2,Aprovado
Nathalia Correia,História,6º Fundamental A,6,0.88,0.9,0.76,0.86,0.849,0.8255,-0.06,0.1077,0.0,1.0,0.5832,2,Aprovado
Nathalia Correia,Inglês,6º Fundamental A,6,0.66,0.8,0.71,0.89,0.7765,0.8255,0.18,0.1758,0.0,1.0,0.5317,2,Aprovado
Nathalia Correia,Matemática,6º Fundamental A,6,0.78,0.72,0.73,0.74,0.7405,0.8255,-0.033,0.0456,0.0,1.0,0.5076,2,Aprovado
Nathalia Correia,Português,6º Fundamental A,6,0.76,0.85,0.74,,0.785,0.8255,-0.02,0.0957,0.0,1.0,0.5775,2,Aprovado
Nicolas Santos,Arte,6º Fundamental A,6,0.64,0.65,0.63,0.55,0.613,0.5091,-0.087,0.0792,0.0,0.25,0.6469,2,Aprovado
Nicolas Santos,Ciências,6º Fundamental A,6,0.46,0.52,0.44,0.47,0.473,0.5091,-0.015,0.0589,0.0,0.25,0.5611,0,Reprovado
Nicolas Santos,Educação Física,6º Fundamental A,6,0.71,0.63,0.71,0.66,0.675,0.5091,-0.021,0.0684,0.0,0.25,0.6969,2,Aprovado
Nicolas Santos,Geografia,6º Fundamental A,6,0.61,0.47,0.56,0.52,0.5355,0.5091,-0.054,0.103,0.0,0.25,0.5696,1,Recuperação
Nicolas Santos,História,6º Fundamental A,6,0.49,0.56,0.53,0.52,0.5265,0.5091,0.018,0.05,0.0,0.25,0.5832,1,Recuperação
Nicolas Santos,Inglês,6º Fundamental A,6,0.61,0.43,0.48,0.37,0.4605,0.5091,-0.201,0.1768,0.0,0.25,0.5317,0,Reprovado
Nicolas Santos,Matemática,6º Fundamental A,6,0.38,0.35,0.33,,0.3514,0.5091,-0.05,0.0411,0.0,0.25,0.5076,0,Reprovado
Nicolas Santos,Português,6º Fundamental A,6,0.39,0.51,0.51,0.35,0.438,0.5091,-0.036,0.1428,0.0,0.25,0.5775,0,Reprovado
Olivia Oliveira,Arte,6º Fundamental A,6,0.9,0.58,0.84,0.72,0.751,0.6951,-0.084,0.2449,0.0,0.875,0.6469,2,Aprovado
Olivia Oliveira,Ciências,6º Fundamental A,6,0.68,0.63,0.72,0.67,0.6745,0.6951,0.018,0.064,0.0,0.875,0.5611,2,Aprovado
Olivia Oliveira,Educação Física,6º Fundamental A,6,0.75,1.0,1.0,0.81,0.893,0.6951,0.054,0.2241,0.0,0.875,0.6969,2,Aprovado
Olivia Oliveira,Geografia,6º Fundamental A,6,0.82,0.64,0.72,0.71,0.717,0.6951,-0.075,0.1284,0.0,0.875,0.5696,2,Aprovado
Olivia Oliveira,História,6º Fundamental A,6,0.59,0.75,0.58,,0.6436,0.6951,-0.01,0.1558,0.0,0.875,0.5832,2,Aprovado
Olivia Oliveira,Inglês,6º Fundamental A,6,0.65,0.67,0.72,0.62,0.6635,0.6951,-0.012,0.0728,0.0,0.875,0.5317,2,Aprovado
Olivia Oliveira,Matemática,6º Fundamental A,6,0.64,0.53,0.47,0.69,0.585,0.6951,0.027,0.174,0.0,0.875,0.5076,1,Recuperação
Olivia Oliveira,Português,6º Fundamental A,6,0.58,0.7,0.59,0.65,0.6335,0.6951,0.03,0.097,0.0,0.875,0.5775,2,Aprovado
Olivia Ramos,Arte,6º Fundamental A,6,0.31,0.35,0.41,,0.36,0.2966,0.1,0.0822,0.0,0.0,0.6469,0,Reprovado
Olivia Ramos,Ciências,6º Fundamental A,6,0.1,0.24,0.24,0.27,0.221,0.2966,0.153,0.1322,0.0,0.0,0.5611,0,Reprovado
Olivia Ramos,Educação Física,6º Fundamental A,6,0.49,0.39,0.34,,0.4007,0.2966,-0.15,0.1247,0.0,0.0,0.6969,0,Reprovado
Olivia Ramos,Geografia,6º Fundamental A,6,0.34,0.27,0.14,0.4,0.2905,0.2966,0.015,0.1936,0.0,0.0,0.5696,0,Reprovado
Olivia Ramos,História,6º Fundamental A,6,0.29,0.27,0.37,,0.3114,0.2966,0.08,0.0864,0.0,0.0,0.5832,0,Reprovado
Olivia Ramos,Inglês,6º Fundamental A,6,0.18,0.39,0.32,0.35,0.3185,0.2966,0.132,0.1581,0.0,0.0,0.5317,0,Reprovado
Olivia Ramos,Matemática,6º Fundamental A,6,0.09,0.26,0.14,0.28,0.202,0.2966,0.135,0.1596,0.0,0.0,0.5076,0,Reprovado
Olivia Ramos,Português,6º Fundamental A,6,0.24,0.34,0.22,,0.2686,0.2966,-0.02,0.105,0.0,0.0,0.5775,0,Reprovado
Patricia Nascimento,Arte,6º Fundamental A,6,0.7,0.64,0.69,0.48,0.6165,0.6082,-0.183,0.1763,0.0,0.625,0.6469,2,Aprovado
Patricia Nascimento,Ciências,6º Fundamental A,6,0.6,0.49,0.47,0.56,0.528,0.6082,-0.042,0.1049,0.0,0.625,0.5611,1,Recuperação
Patricia Nascimento,Educação Física,6º Fundamental A,6,0.76,0.56,0.81,0.95,0.7795,0.6082,0.246,0.2796,0.0,0.625,0.6969,2,Aprovado
Patricia Nascimento,Geografia,6º Fundamental A,6,0.78,0.57,0.51,0.64,0.618,0.6082,-0.144,0.2012,0.0,0.625,0.5696,2,Aprovado
Patricia Nascimento,História,6º Fundamental A,6,0.56,0.63,0.6,0.61,0.6025,0.6082,0.036,0.051,0.0,0.625,0.5832,2,Aprovado
Patricia Nascimento,Inglês,6º Fundamental A,6,0.56,0.54,0.58,0.54,0.554,0.6082,-0.006,0.0332,0.0,0.625,0.5317,1,Recuperação
Patricia Nascimento,Matemática,6º Fundamental A,6,0.42,0.65,0.55,0.49,0.531,0.6082,0.033,0.1687,0.0,0.625,0.5076,1,Recuperação
Patricia Nascimento,Português,6º Fundamental A,6,0.52,0.7,0.78,0.54,0.636,0.6082,0.042,0.2179,0.0,0.625,0.5775,2,Aprovado
Patricia Tavares,Arte,6º Fundamental A,6,0.77,0.7,0.83,0.67,0.7375,0.7267,-0.051,0.1244,0.0,1.0,0.6469,2,Aprovado
Patricia Tavares,Ciências,6º Fundamental A,6,0.77,0.8,0.71,0.64,0.7235,0.7267,-0.144,0.1225,0.0,1.0,0.5611,2,Aprovado
Patricia Tavares,Educação Física,6º Fundamental A,6,0.79,0.81,0.88,0.99,0.8775,0.7267,0.201,0.1564,0.0,1.0,0.6969,2,Aprovado
Patricia Tavares,Geografia,6º Fundamental A,6,0.65,0.7,0.86,0.92,0.796,0.7267,0.291,0.222,0.0,1.0,0.5696,2,Aprovado
Patricia Tavares,História,6º Fundamental A,6,0.69,0.75,0.66,0.79,0.7275,0.7267,0.063,0.1014,0.0,1.0,0.5832,2,Aprovado
Patricia Tavares,Inglês,6º Fundamental A,6,0.43,0.7,0.7,0.76,0.664,0.7267,0.297,0.2559,0.0,1.0,0.5317,2,Aprovado
Patricia Tavares,Matemática,6º Fundamental A,6,0.51,0.58,0.6,0.87,0.658,0.7267,0.33,0.2739,0.0,1.0,0.5076,2,Aprovado
Patricia Tavares,Português,6º Fundamental A,6,0.59,0.69,0.54,0.68,0.6295,0.7267,0.036,0.1253,0.0,1.0,0.5775,2,Aprovado
Paula Cunha,Arte,6º Fundamental A,6,0.38,0.33,0.42,0.56,0.4315,0.3386,0.189,0.1711,0.0,0.0,0.6469,0,Reprovado
Paula Cunha,Ciências,6º Fundamental A,6,0.29,0.22,0.4,,0.3043,0.3386,0.11,0.1482,0.0,0.0,0.5611,0,Reprovado
Paula Cunha,Educação Física,6º Fundamental A,6,0.39,0.53,0.5,,0.4793,0.3386,0.11,0.1204,0.0,0.0,0.6969,0,Reprovado
Paula Cunha,Geografia,6º Fundamental A,6,0.23,0.17,0.35,,0.2514,0.3386,0.12,0.1497,0.0,0.0,0.5696,0,Reprovado
Paula Cunha,História,6º Fundamental A,6,0.23,0.42,0.2,0.37,0.312,0.3386,0.06,0.1847,0.0,0.0,0.5832,0,Reprovado
Paula Cunha,Inglês,6º Fundamental A,6,0.26,0.34,0.21,,0.2707,0.3386,-0.05,0.1071,0.0,0.0,0.5317,0,Reprovado
Paula Cunha,Matemática,6º Fundamental A,6,0.31,0.18,0.37,,0.285,0.3386,0.06,0.1586,0.0,0.0,0.5076,0,Reprovado
Paula Cunha,Português,6º Fundamental A,6,0.34,0.32,0.27,0.53,0.3745,0.3386,0.156,0.1972,0.0,0.0,0.5775,0,Reprovado
Paula Ribeiro,Arte,6º Fundamental A,6,0.7,0.75,0.75,,0.7357,0.661,0.05,0.0471,0.0,0.875,0.6469,2,Aprovado
Paula Ribeiro,Ciências,6º Fundamental A,6,0.78,0.61,0.73,,0.7014,0.661,-0.05,0.1427,0.0,0.875,0.5611,2,Aprovado
Paula Ribeiro,Educação Física,6º Fundamental A,6,0.51,0.9,0.69,0.8,0.7395,0.661,0.198,0.2893,0.0,0.875,0.6969,2,Aprovado
Paula Ribeiro,Geografia,6º Fundamental A,6,0.56,0.72,0.5,0.64,0.609,0.661,0.006,0.1658,0.0,0.875,0.5696,2,Aprovado
Paula Ribeiro,História,6º Fundamental A,6,0.72,0.55,0.67,0.66,0.647,0.661,-0.018,0.1241,0.0,0.875,0.5832,2,Aprovado
Paula Ribeiro,Inglês,6º Fundamental A,6,0.5,0.56,0.59,,0.5536,0.661,0.09,0.0748,0.0,0.875,0.5317,1,Recuperação
Paula Ribeiro,Matemática,6º Fundamental A,6,0.61,0.56,0.67,0.77,0.6605,0.661,0.177,0.1564,0.0,0.875,0.5076,2,Aprovado
Paula Ribeiro,Português,6º Fundamental A,6,0.53,0.68,0.67,0.66,0.6415,0.661,0.114,0.1221,0.0,0.875,0.5775,2,Aprovado
Ricardo Carvalho,Arte,6º Fundamental A,6,0.77,0.94,0.97,0.75,0.8565,0.8405,-0.009,0.1967,0.0,1.0,0.6469,2,Aprovado
Ricardo Carvalho,Ciências,6º Fundamental A,6,0.62,0.88,0.87,0.88,0.8255,0.8405,0.231,0.2224,0.0,1.0,0.5611,2,Aprovado
Ricardo Carvalho,Educação Física,6º Fundamental A,6,1.0,0.93,0.96,0.86,0.9305,0.8405,-0.117,0.1023,0.0,1.0,0.6969,2,Aprovado
Ricardo Carvalho,Geografia,6º Fundamental A,6,0.9,0.87,0.97,,0.9143,0.8405,0.07,0.0838,0.0,1.0,0.5696,2,Aprovado
Ricardo Carvalho,História,6º Fundamental A,6,0.9,0.78,0.84,,0.8357,0.8405,-0.06,0.098,0.0,1.0,0.5832,2,Aprovado
Ricardo Carvalho,Inglês,6º Fundamental A,6,0.68,0.82,0.6,0.67,0.692,0.8405,-0.075,0.1596,0.0,1.0,0.5317,2,Aprovado
Ricardo Carvalho,Matemática,6º Fundamental A,6,0.82,0.68,0.74,0.91,0.792,0.8405,0.099,0.1728,0.0,1.0,0.5076,2,Aprovado
Ricardo Carvalho,Português,6º Fundamental A,6,0.82,0.98,0.82,,0.8771,0.8405,0.0,0.1508,0.0,1.0,0.5775,2,Aprovado
Samuel Andrade,Arte,6º Fundamental A,6,0.7,0.85,0.88,0.76,0.8005,0.7518,0.063,0.1431,0.0,1.0,0.6469,2,Aprovado
Samuel Andrade,Ciências,6º Fundamental A,6,0.77,0.59,0.72,0.62,0.6675,0.7518,-0.096,0.1459,0.0,1.0,0.5611,2,Aprovado
Samuel Andrade,Educação Física,6º Fundamental A,6,0.69,0.89,1.0,,0.8721,0.7518,0.31,0.2566,0.0,1.0,0.6969,2,Aprovado
Samuel Andrade,Geografia,6º Fundamental A,6,0.89,0.73,0.73,0.66,0.741,0.7518,-0.207,0.1687,0.0,1.0,0.5696,2,Aprovado
Samuel Andrade,História,6º Fundamental A,6,0.52,0.74,0.84,,0.7129,0.7518,0.32,0.2673,0.0,1.0,0.5832,2,Aprovado
Samuel Andrade,Inglês,6º Fundamental A,6,0.83,0.79,0.55,0.83,0.75,0.7518,-0.072,0.2332,0.0,1.0,0.5317,2,Aprovado
Samuel Andrade,Matemática,6º Fundamental A,6,0.79,0.62,0.76,0.63,0.692,0.7518,-0.102,0.1517,0.0,1.0,0.5076,2,Aprovado
Samuel Andrade,Português,6º Fundamental A,6,0.74,0.75,0.86,0.76,0.7785,0.7518,0.051,0.0963,0.0,1.0,0.5775,2,Aprovado
Ana Barbosa,Arte,6º Fundamental B,6,0.69,0.76,0.74,0.85,0.768,0.7169,0.138,0.1158,0.0,1.0,0.6911,2,Aprovado
Ana Barbosa,Ciências,6º Fundamental B,6,0.58,0.77,0.58,0.76,0.6815,0.7169,0.105,0.1851,0.0,1.0,0.5916,2,Aprovado
Ana Barbosa,Educação Física,6º Fundamental B,6,0.86,0.68,0.86,,0.7957,0.7169,0.0,0.1697,0.0,1.0,0.741,2,Aprovado
Ana Barbosa,Geografia,6º Fundamental B,6,0.63,0.66,0.72,0.73,0.69,0.7169,0.108,0.0831,0.0,1.0,0.6296,2,Aprovado
Ana Barbosa,História,6º Fundamental B,6,0.73,0.78,0.64,,0.7157,0.7169,-0.09,0.1159,0.0,1.0,0.6212,2,Aprovado
Ana Barbosa,Inglês,6º Fundamental B,6,0.79,0.68,0.69,0.64,0.6925,0.7169,-0.132,0.1105,0.0,1.0,0.586,2,Aprovado
Ana Barbosa,Matemática,6º Fundamental B,6,0.78,0.68,0.65,,0.6979,0.7169,-0.13,0.1112,0.0,1.0,0.5562,2,Aprovado
Ana Barbosa,Português,6º Fundamental B,6,0.75,0.67,0.63,0.73,0.694,0.7169,-0.03,0.0954,0.0,1.0,0.6347,2,Aprovado
Arthur Campos,Arte,6º Fundamental B,6,0.72,0.8,0.7,,0.7414,0.7505,-0.02,0.0864,0.0,1.0,0.6911,2,Aprovado
Arthur Campos,Ciências,6º Fundamental B,6,0.73,0.77,0.68,,0.7264,0.7505,-0.05,0.0736,0.0,1.0,0.5916,2,Aprovado
Arthur Campos,Educação Física,6º Fundamental B,6,0.76,0.89,0.72,0.92,0.8305,0.7505,0.093,0.1687,0.0,1.0,0.741,2,Aprovado
Arthur Campos,Geografia,6º Fundamental B,6,0.88,0.71,0.62,0.79,0.7455,0.7505,-0.108,0.1924,0.0,1.0,0.6296,2,Aprovado
Arthur Campos,História,6º Fundamental B,6,0.69,0.87,0.79,,0.79,0.7505,0.1,0.1473,0.0,1.0,0.6212,2,Aprovado
Arthur Campos,Inglês,6º Fundamental B,6,0.63,0.8,0.78,,0.7443,0.7505,0.15,0.1517,0.0,1.0,0.586,2,Aprovado
Arthur Campos,Matemática,6º Fundamental B,6,0.58,0.68,0.71,0.64,0.6555,0.7505,0.063,0.0973,0.0,1.0,0.5562,2,Aprovado
Arthur Campos,Português,6º Fundamental B,6,0.75,0.81,0.77,0.75,0.77,0.7505,-0.012,0.049,0.0,1.0,0.6347,2,Aprovado
Arthur Castro,Arte,6º Fundamental B,6,0.8,0.72,0.91,0.72,0.7835,0.7061,-0.015,0.1558,0.0,1.0,0.6911,2,Aprovado
Arthur Castro,Ciências,6º Fundamental B,6,0.7,0.7,0.71,0.7,0.7025,0.7061,0.003,0.0087,0.0,1.0,0.5916,2,Aprovado
Arthur Castro,Educação Física,6º Fundamental B,6,0.8,0.81,0.79,,0.8,0.7061,-0.01,0.0163,0.0,1.0,0.741,2,Aprovado
Arthur Castro,Geografia,6º Fundamental B,6,0.65,0.83,0.79,0.65,0.73,0.7061,-0.012,0.1625,0.0,1.0,0.6296,2,Aprovado
Arthur Castro,História,6º Fundamental B,6,0.77,0.63,0.6,0.69,0.6685,0.7061,-0.081,0.1299,0.0,1.0,0.6212,2,Aprovado
Arthur Castro,Inglês,6º Fundamental B,6,0.55,0.71,0.68,0.77,0.6885,0.7061,0.189,0.1609,0.0,1.0,0.586,2,Aprovado
Arthur Castro,Matemática,6º Fundamental B,6,0.62,0.48,0.53,0.75,0.6015,0.7061,0.132,0.2052,0.0,1.0,0.5562,2,Aprovado
Arthur Castro,Português,6º Fundamental B,6,0.71,0.64,0.68,,0.6743,0.7061,-0.03,0.0573,0.0,1.0,0.6347,2,Aprovado
Arthur Dias,Arte,6º Fundamental B,6,0.72,0.64,0.63,0.61,0.6445,0.6617,-0.102,0.0837,0.0,1.0,0.6911,2,Aprovado
Arthur Dias,Ciências,6º Fundamental B,6,0.52,0.73,0.66,0.52,0.6075,0.6617,-0.021,0.1819,0.0,1.0,0.5916,2,Aprovado
Arthur Dias,Educação Física,6º Fundamental B,6,0.75,0.84,0.69,0.79,0.7695,0.6617,-0.009,0.1099,0.0,1.0,0.741,2,Aprovado
Arthur Dias,Geografia,6º Fundamental B,6,0.69,0.71,0.63,,0.6757,0.6617,-0.06,0.068,0.0,1.0,0.6296,2,Aprovado
Arthur Dias,História,6º Fundamental B,6,0.71,0.64,0.57,0.68,0.6485,0.6617,-0.048,0.1049,0.0,1.0,0.6212,2,Aprovado
Arthur Dias,Inglês,6º Fundamental B,6,0.65,0.66,0.57,,0.625,0.6617,-0.08,0.0806,0.0,1.0,0.586,2,Aprovado
Arthur Dias,Matemática,6º Fundamental B,6,0.71,0.47,0.57,0.75,0.627,0.6617,0.066,0.2234,0.0,1.0,0.5562,2,Aprovado
Arthur Dias,Português,6º Fundamental B,6,0.63,0.64,0.69,0.79,0.6955,0.6617,0.159,0.1268,0.0,1.0,0.6347,2,Aprovado
Arthur Marques,Arte,6º Fundamental B,6,0.75,0.72,0.6,0.75,0.705,0.6328,-0.036,0.1237,0.0,0.625,0.6911,2,Aprovado
Arthur Marques,Ciências,6º Fundamental B,6,0.47,0.56,0.64,,0.5629,0.6328,0.17,0.1389,0.0,0.625,0.5916,1,Recuperação
Arthur Marques,Educação Física,6º Fundamental B,6,0.75,0.91,0.64,0.72,0.7535,0.6328,-0.108,0.1962,0.0,0.625,0.741,2,Aprovado
Arthur Marques,Geografia,6º Fundamental B,6,0.65,0.74,0.8,0.57,0.686,0.6328,-0.054,0.1749,0.0,0.625,0.6296,2,Aprovado
Arthur Marques,História,6º Fundamental B,6,0.58,0.73,0.58,0.58,0.6175,0.6328,-0.045,0.1299,0.0,0.625,0.6212,2,Aprovado
Arthur Marques,Inglês,6º Fundamental B,6,0.56,0.58,0.55,,0.5636,0.6328,-0.01,0.0249,0.0,0.625,0.586,1,Recuperação
Arthur Marques,Matemática,6º Fundamental B,6,0.4,0.56,0.62,0.5,0.525,0.6328,0.108,0.1625,0.0,0.625,0.5562,1,Recuperação
Arthur Marques,Português,6º Fundamental B,6,0.61,0.65,0.68,,0.6493,0.6328,0.07,0.0573,0.0,0.625,0.6347,2,Aprovado
Arthur Rodrigues,Arte,6º Fundamental B,6,1.0,1.0,0.9,,0.9643,0.9187,-0.1,0.0943,0.0,1.0,0.6911,2,Aprovado
Arthur Rodrigues,Ciências,6º Fundamental B,6,0.84,0.75,0.86,,0.815,0.9187,0.02,0.0957,0.0,1.0,0.5916,2,Aprovado
Arthur Rodrigues,Educação Física,6º Fundamental B,6,1.0,1.0,1.0,1.0,1.0,0.9187,0.0,0.0,0.0,1.0,0.741,2,Aprovado
Arthur Rodrigues,Geografia,6º Fundamental B,6,1.0,1.0,0.92,,0.9714,0.9187,-0.08,0.0754,0.0,1.0,0.6296,2,Aprovado
Arthur Rodrigues,História,6º Fundamental B,6,0.96,0.99,1.0,,0.985,0.9187,0.04,0.034,0.0,1.0,0.6212,2,Aprovado
Arthur Rodrigues,Inglês,6º Fundamental B,6,0.66,0.98,0.84,,0.8386,0.9187,0.18,0.262,0.0,1.0,0.586,2,Aprovado
Arthur Rodrigues,Matemática,6º Fundamental B,6,0.82,0.92,0.75,0.86,0.8395,0.9187,-0.015,0.1236,0.0,1.0,0.5562,2,Aprovado
Arthur Rodrigues,Português,6º Fundamental B,6,0.84,0.9,0.97,1.0,0.9355,0.9187,0.165,0.1244,0.0,1.0,0.6347,2,Aprovado
Bruna Rocha,Arte,6º Fundamental B,6,0.68,0.59,0.56,0.54,0.5855,0.4813,-0.135,0.1071,0.0,0.0,0.6911,1,Recuperação
Bruna Rocha,Ciências,6º Fundamental B,6,0.52,0.49,0.41,0.51,0.482,0.4813,-0.033,0.0865,0.0,0.0,0.5916,0,Reprovado
Bruna Rocha,Educação Física,6º Fundamental B,6,0.74,0.52,0.53,0.46,0.5485,0.4813,-0.249,0.2118,0.0,0.0,0.741,1,Recuperação
Bruna Rocha,Geografia,6º Fundamental B,6,0.59,0.48,0.37,0.49,0.4775,0.4813,-0.123,0.1558,0.0,0.0,0.6296,0,Reprovado
Bruna Rocha,História,6º Fundamental B,6,0.46,0.43,0.47,0.41,0.44,0.4813,-0.033,0.0477,0.0,0.0,0.6212,0,Reprovado
Bruna Rocha,Inglês,6º Fundamental B,6,0.49,0.25,0.44,0.46,0.4085,0.4813,0.03,0.1881,0.0,0.0,0.586,0,Reprovado
Bruna Rocha,Matemática,6º Fundamental B,6,0.47,0.49,0.33,0.39,0.416,0.4813,-0.12,0.1281,0.0,0.0,0.5562,0,Reprovado
Bruna Rocha,Português,6º Fundamental B,6,0.47,0.45,0.4,0.62,0.4925,0.4813,0.12,0.164,0.0,0.0,0.6347,0,Reprovado
Caio Nunes,Arte,6º Fundamental B,6,0.7,0.66,0.66,0.75,0.695,0.5679,0.045,0.074,0.0,0.25,0.6911,2,Aprovado
Caio Nunes,Ciências,6º Fundamental B,6,0.36,0.65,0.68,0.58,0.5785,0.5679,0.207,0.2503,0.0,0.25,0.5916,1,Recuperação
Caio Nunes,Educação Física,6º Fundamental B,6,0.73,0.73,0.66,,0.705,0.5679,-0.07,0.066,0.0,0.25,0.741,2,Aprovado
Caio Nunes,Geografia,6º Fundamental B,6,0.49,0.54,0.61,,0.5507,0.5679,0.12,0.0984,0.0,0.25,0.6296,1,Recuperação
Caio Nunes,História,6º Fundamental B,6,0.48,0.57,0.45,,0.5014,0.5679,-0.03,0.102,0.0,0.25,0.6212,1,Recuperação
Caio Nunes,Inglês,6º Fundamental B,6,0.44,0.49,0.5,0.5,0.4855,0.5679,0.057,0.0497,0.0,0.25,0.586,0,Reprovado
Caio Nunes,Matemática,6º Fundamental B,6,0.46,0.45,0.33,0.65,0.482,0.5679,0.135,0.2291,0.0,0.25,0.5562,0,Reprovado
Caio Nunes,Português,6º Fundamental B,6,0.52,0.56,0.55,,0.545,0.5679,0.03,0.034,0.0,0.25,0.6347,1,Recuperação
Carlos Araújo,Arte,6º Fundamental B,6,0.83,0.94,0.93,0.94,0.9155,0.8091,0.096,0.0927,0.0,1.0,0.6911,2,Aprovado
Carlos Araújo,Ciências,6º Fundamental B,6,0.81,0.88,0.87,,0.8564,0.8091,0.06,0.0618,0.0,1.0,0.5916,2,Aprovado
Carlos Araújo,Educação Física,6º Fundamental B,6,0.97,0.91,0.85,0.95,0.919,0.8091,-0.036,0.0917,0.0,1.0,0.741,2,Aprovado
Carlos Araújo,Geografia,6º Fundamental B,6,0.7,0.81,0.73,0.84,0.777,0.8091,0.102,0.114,0.0,1.0,0.6296,2,Aprovado
Carlos Araújo,História,6º Fundamental B,6,0.85,0.85,0.9,,0.8679,0.8091,0.05,0.0471,0.0,1.0,0.6212,2,Aprovado
Carlos Araújo,Inglês,6º Fundamental B,6,0.63,0.68,0.78,0.71,0.704,0.8091,0.102,0.1086,0.0,1.0,0.586,2,Aprovado
Carlos Araújo,Matemática,6º Fundamental B,6,0.66,0.69,0.68,0.57,0.6455,0.8091,-0.084,0.0949,0.0,1.0,0.5562,2,Aprovado
Carlos Araújo,Português,6º Fundamental B,6,0.87,0.79,0.72,,0.7879,0.8091,-0.15,0.1226,0.0,1.0,0.6347,2,Aprovado
Enzo Carvalho,Arte,6º Fundamental B,6,1.0,0.99,0.87,1.0,0.965,0.9271,-0.036,0.11,0.0,1.0,0.6911,2,Aprovado
Enzo Carvalho,Ciências,6º Fundamental B,6,0.9,0.86,0.87,0.89,0.8795,0.9271,-0.006,0.0316,0.0,1.0,0.5916,2,Aprovado
Enzo Carvalho,Educação Física,6º Fundamental B,6,1.0,1.0,1.0,1.0,1.0,0.9271,0.0,0.0,0.0,1.0,0.741,2,Aprovado
Enzo Carvalho,Geografia,6º Fundamental B,6,0.93,0.88,0.9,1.0,0.931,0.9271,0.069,0.091,0.0,1.0,0.6296,2,Aprovado
Enzo Carvalho,História,6º Fundamental B,6,1.0,0.92,0.74,0.91,0.888,0.9271,-0.135,0.1894,0.0,1.0,0.6212,2,Aprovado
Enzo Carvalho,Inglês,6º Fundamental B,6,0.93,0.86,0.91,0.98,0.9225,0.9271,0.06,0.086,0.0,1.0,0.586,2,Aprovado
Enzo Carvalho,Matemática,6º Fundamental B,6,0.86,0.79,0.78,0.9,0.8345,0.9271,0.033,0.0994,0.0,1.0,0.5562,2,Aprovado
Enzo Carvalho,Português,6º Fundamental B,6,1.0,1.0,0.99,,0.9964,0.9271,-0.01,0.0094,0.0,1.0,0.6347,2,Aprovado
Felipe Lima,Arte,6º Fundamental B,6,0.63,0.69,0.51,0.71,0.639,0.5664,0.018,0.1559,0.0,0.375,0.6911,2,Aprovado
Felipe Lima,Ciências,6º Fundamental B,6,0.48,0.44,0.59,,0.505,0.5664,0.11,0.1268,0.0,0.375,0.5916,1,Recuperação
Felipe Lima,Educação Física,6º Fundamental B,6,0.68,0.69,0.76,0.64,0.6905,0.5664,-0.015,0.0865,0.0,0.375,0.741,2,Aprovado
Felipe Lima,Geografia,6º Fundamental B,6,0.51,0.55,0.48,0.49,0.5065,0.5664,-0.039,0.0536,0.0,0.375,0.6296,1,Recuperação
Felipe Lima,História,6º Fundamental B,6,0.48,0.46,0.52,0.56,0.509,0.5664,0.09,0.0768,0.0,0.375,0.6212,1,Recuperação
Felipe Lima,Inglês,6º Fundamental B,6,0.49,0.7,0.64,0.48,0.577,0.5664,-0.027,0.1899,0.0,0.375,0.586,1,Recuperação
Felipe Lima,Matemática,6º Fundamental B,6,0.47,0.64,0.68,0.59,0.601,0.5664,0.12,0.1578,0.0,0.375,0.5562,2,Aprovado
Felipe Lima,Português,6º Fundamental B,6,0.58,0.38,0.51,0.55,0.5035,0.5664,0.012,0.1526,0.0,0.375,0.6347,1,Recuperação
Fernanda Martins,Arte,6º Fundamental B,6,0.6,0.62,0.55,0.44,0.5445,0.5089,-0.165,0.1396,0.0,0.0,0.6911,1,Recuperação
Fernanda Martins,Ciências,6º Fundamental B,6,0.42,0.43,0.35,0.45,0.414,0.5089,0.003,0.0753,0.0,0.0,0.5916,0,Reprovado
Fernanda Martins,Educação Física,6º Fundamental B,6,0.71,0.55,0.65,0.46,0.58,0.5089,-0.195,0.191,0.0,0.0,0.741,1,Recuperação
Fernanda Martins,Geografia,6º Fundamental B,6,0.54,0.47,0.56,0.5,0.5155,0.5089,-0.009,0.0698,0.0,0.0,0.6296,1,Recuperação
Fernanda Martins,História,6º Fundamental B,6,0.65,0.46,0.49,0.66,0.5655,0.5089,0.018,0.1814,0.0,0.0,0.6212,1,Recuperação
Fernanda Martins,Inglês,6º Fundamental B,6,0.36,0.47,0.43,0.47,0.438,0.5089,0.087,0.0899,0.0,0.0,0.586,0,Reprovado
Fernanda Martins,Matemática,6º Fundamental B,6,0.41,0.6,0.43,0.5,0.4895,0.5089,0.03,0.1487,0.0,0.0,0.5562,0,Reprovado
Fernanda Martins,Português,6º Fundamental B,6,0.6,0.47,0.57,0.48,0.524,0.5089,-0.078,0.1122,0.0,0.0,0.6347,1,Recuperação
Fernando Castro,Arte,6º Fundamental B,6,0.6,0.83,0.8,0.71,0.7405,0.6392,0.09,0.1792,0.0,0.5,0.6911,2,Aprovado
Fernando Castro,Ciências,6º Fundamental B,6,0.45,0.62,0.57,0.61,0.5705,0.6392,0.129,0.1352,0.0,0.5,0.5916,1,Recuperação
Fernando Castro,Educação Física,6º Fundamental B,6,0.77,0.66,0.75,0.89,0.7735,0.6392,0.135,0.1639,0.0,0.5,0.741,2,Aprovado
Fernando Castro,Geografia,6º Fundamental B,6,0.62,0.57,0.69,0.67,0.64,0.6392,0.081,0.0931,0.0,0.5,0.6296,2,Aprovado
Fernando Castro,História,6º Fundamental B,6,0.78,0.77,0.55,,0.6943,0.6392,-0.23,0.2123,0.0,0.5,0.6212,2,Aprovado
Fernando Castro,Inglês,6º Fundamental B,6,0.54,0.54,0.64,,0.5757,0.6392,0.1,0.0943,0.0,0.5,0.586,1,Recuperação
Fernando Castro,Matemática,6º Fundamental B,6,0.33,0.65,0.61,,0.5443,0.6392,0.28,0.2847,0.0,0.5,0.5562,1,Recuperação
Fernando Castro,Português,6º Fundamental B,6,0.61,0.55,0.59,0.56,0.575,0.6392,-0.033,0.0477,0.0,0.5,0.6347,1,Recuperação
Flavia Carvalho,Arte,6º Fundamental B,6,0.17,0.33,0.31,,0.2771,0.2583,0.14,0.1424,0.0,0.0,0.6911,0,Reprovado
Flavia Carvalho,Ciências,6º Fundamental B,6,0.37,0.36,0.23,,0.3164,0.2583,-0.14,0.1275,0.0,0.0,0.5916,0,Reprovado
Flavia Carvalho,Educação Física,6º Fundamental B,6,0.4,0.4,0.29,0.38,0.3665,0.2583,-0.051,0.091,0.0,0.0,0.741,0,Reprovado
Flavia Carvalho,Geografia,6º Fundamental B,6,0.19,0.22,0.28,0.14,0.205,0.2583,-0.027,0.1014,0.0,0.0,0.6296,0,Reprovado
Flavia Carvalho,História,6º Fundamental B,6,0.26,0.19,0.29,0.42,0.298,0.2583,0.174,0.1667,0.0,0.0,0.6212,0,Reprovado
Flavia Carvalho,Inglês,6º Fundamental B,6,0.23,0.22,0.21,0.13,0.1925,0.2583,-0.093,0.0792,0.0,0.0,0.586,0,Reprovado
Flavia Carvalho,Matemática,6º Fundamental B,6,0.15,0.05,0.04,0.15,0.0975,0.2583,-0.003,0.1052,0.0,0.0,0.5562,0,Reprovado
Flavia Carvalho,Português,6º Fundamental B,6,0.31,0.33,0.3,,0.3136,0.2583,-0.01,0.0249,0.0,0.0,0.6347,0,Reprovado
Gabriela Pereira,Arte,6º Fundamental B,6,0.9,1.0,1.0,0.97,0.971,0.8998,0.063,0.0817,0.0,1.0,0.6911,2,Aprovado
Gabriela Pereira,Ciências,6º Fundamental B,6,0.72,0.98,0.79,0.89,0.8535,0.8998,0.096,0.1972,0.0,1.0,0.5916,2,Aprovado
Gabriela Pereira,Educação Física,6º Fundamental B,6,1.0,0.91,1.0,1.0,0.9775,0.8998,0.027,0.0779,0.0,1.0,0.741,2,Aprovado
Gabriela Pereira,Geografia,6º Fundamental B,6,1.0,0.91,0.93,0.85,0.915,0.8998,-0.129,0.1071,0.0,1.0,0.6296,2,Aprovado
Gabriela Pereira,História,6º Fundamental B,6,0.86,0.6,0.93,,0.7921,0.8998,0.07,0.2839,0.0,1.0,0.6212,2,Aprovado
Gabriela Pereira,Inglês,6º Fundamental B,6,0.99,0.9,0.93,,0.9364,0.8998,-0.06,0.0748,0.0,1.0,0.586,2,Aprovado
Gabriela Pereira,Matemática,6º Fundamental B,6,0.88,0.9,0.83,0.78,0.8425,0.8998,-0.111,0.0931,0.0,1.0,0.5562,2,Aprovado
Gabriela Pereira,Português,6º Fundamental B,6,0.95,0.87,0.92,,0.9107,0.8998,-0.03,0.066,0.0,1.0,0.6347,2,Aprovado
Gustavo Ferreira,Arte,6º Fundamental B,6,0.63,0.43,0.56,0.52,0.5295,0.4893,-0.06,0.1446,0.0,0.0,0.6911,1,Recuperação
Gustavo Ferreira,Ciências,6º Fundamental B,6,0.5,0.51,0.56,0.41,0.4905,0.4893,-0.066,0.1082,0.0,0.0,0.5916,0,Reprovado
Gustavo Ferreira,Educação Física,6º Fundamental B,6,0.57,0.52,0.54,,0.5414,0.4893,-0.03,0.0411,0.0,0.0,0.741,1,Recuperação
Gustavo Ferreira,Geografia,6º Fundamental B,6,0.52,0.44,0.49,0.46,0.4745,0.4893,-0.039,0.0606,0.0,0.0,0.6296,0,Reprovado
Gustavo Ferreira,História,6º Fundamental B,6,0.37,0.45,0.39,0.45,0.419,0.4893,0.054,0.0714,0.0,0.0,0.6212,0,Reprovado
Gustavo Ferreira,Inglês,6º Fundamental B,6,0.52,0.38,0.49,0.46,0.4595,0.4893,-0.021,0.1043,0.0,0.0,0.586,0,Reprovado
Gustavo Ferreira,Matemática,6º Fundamental B,6,0.44,0.49,0.5,0.46,0.4735,0.4893,0.021,0.0477,0.0,0.0,0.5562,0,Reprovado
Gustavo Ferreira,Português,6º Fundamental B,6,0.58,0.46,0.55,,0.5264,0.4893,-0.03,0.102,0.0,0.0,0.6347,1,Recuperação
Hugo Borges,Arte,6º Fundamental B,6,0.78,0.95,1.0,,0.9193,0.8307,0.22,0.1883,0.0,1.0,0.6911,2,Aprovado
Hugo Borges,Ciências,6º Fundamental B,6,0.75,0.98,0.79,0.64,0.7845,0.8307,-0.156,0.2454,0.0,1.0,0.5916,2,Aprovado
Hugo Borges,Educação Física,6º Fundamental B,6,1.0,1.0,0.93,0.85,0.9375,0.8307,-0.156,0.1237,0.0,1.0,0.741,2,Aprovado
Hugo Borges,Geografia,6º Fundamental B,6,0.85,0.84,0.8,,0.8286,0.8307,-0.05,0.0432,0.0,1.0,0.6296,2,Aprovado
Hugo Borges,História,6º Fundamental B,6,0.83,0.94,0.78,,0.8514,0.8307,-0.05,0.1337,0.0,1.0,0.6212,2,Aprovado
Hugo Borges,Inglês,6º Fundamental B,6,0.92,0.66,0.65,0.76,0.7395,0.8307,-0.147,0.217,0.0,1.0,0.586,2,Aprovado
Hugo Borges,Matemática,6º Fundamental B,6,0.73,0.65,0.61,0.74,0.683,0.8307,-0.003,0.109,0.0,1.0,0.5562,2,Aprovado
Hugo Borges,Português,6º Fundamental B,6,0.73,1.0,0.87,0.96,0.9015,0.8307,0.168,0.2074,0.0,1.0,0.6347,2,Aprovado
Iris Rocha,Arte,6º Fundamental B,6,0.41,0.3,0.41,0.45,0.3945,0.3422,0.069,0.1117,0.0,0.0,0.6911,0,Reprovado
Iris Rocha,Ciências,6º Fundamental B,6,0.27,0.38,0.19,0.62,0.3825,0.3422,0.258,0.3239,0.0,0.0,0.5916,0,Reprovado
Iris Rocha,Educação Física,6º Fundamental B,6,0.53,0.53,0.51,,0.5229,0.3422,-0.02,0.0189,0.0,0.0,0.741,1,Recuperação
Iris Rocha,Geografia,6º Fundamental B,6,0.24,0.47,0.36,0.48,0.3995,0.3422,0.183,0.1946,0.0,0.0,0.6296,0,Reprovado
Iris Rocha,História,6º Fundamental B,6,0.32,0.37,0.29,0.22,0.295,0.3422,-0.114,0.1086,0.0,0.0,0.6212,0,Reprovado
Iris Rocha,Inglês,6º Fundamental B,6,0.13,0.33,0.19,,0.2229,0.3422,0.06,0.1676,0.0,0.0,0.586,0,Reprovado
Iris Rocha,Matemática,6º Fundamental B,6,0.23,0.24,0.06,,0.1729,0.3422,-0.17,0.1652,0.0,0.0,0.5562,0,Reprovado
Iris Rocha,Português,6º Fundamental B,6,0.25,0.25,0.46,0.4,0.3475,0.3422,0.198,0.1849,0.0,0.0,0.6347,0,Reprovado
Jessica Moreira,Arte,6º Fundamental B,6,0.76,0.74,0.72,0.7,0.727,0.6479,-0.06,0.0447,0.0,0.75,0.6911,2,Aprovado
Jessica Moreira,Ciências,6º Fundamental B,6,0.51,0.63,0.57,,0.5743,0.6479,0.06,0.098,0.0,0.75,0.5916,1,Recuperação
Jessica Moreira,Educação Física,6º Fundamental B,6,0.76,0.7,0.79,,0.7493,0.6479,0.03,0.0748,0.0,0.75,0.741,2,Aprovado
Jessica Moreira,Geografia,6º Fundamental B,6,0.55,0.69,0.69,,0.65,0.6479,0.14,0.132,0.0,0.75,0.6296,2,Aprovado
Jessica Moreira,História,6º Fundamental B,6,0.63,0.66,0.59,0.71,0.6515,0.6479,0.051,0.0876,0.0,0.75,0.6212,2,Aprovado
Jessica Moreira,Inglês,6º Fundamental B,6,0.59,0.7,0.47,,0.5864,0.6479,-0.12,0.1879,0.0,0.75,0.586,1,Recuperação
Jessica Moreira,Matemática,6º Fundamental B,6,0.71,0.59,0.6,0.63,0.6285,0.6479,-0.069,0.0942,0.0,0.75,0.5562,2,Aprovado
Jessica Moreira,Português,6º Fundamental B,6,0.69,0.59,0.65,0.56,0.616,0.6479,-0.099,0.1014,0.0,0.75,0.6347,2,Aprovado
João Melo,Arte,6º Fundamental B,6,0.46,0.45,0.38,0.38,0.4135,0.3973,-0.093,0.0753,0.0,0.0,0.6911,0,Reprovado
João Melo,Ciências,6º Fundamental B,6,0.4,0.28,0.35,0.29,0.3245,0.3973,-0.078,0.097,0.0,0.0,0.5916,0,Reprovado
João Melo,Educação Física,6º Fundamental B,6,0.49,0.49,0.45,0.41,0.456,0.3973,-0.084,0.0663,0.0,0.0,0.741,0,Reprovado
João Melo,Geografia,6º Fundamental B,6,0.28,0.42,0.52,,0.4157,0.3973,0.24,0.1969,0.0,0.0,0.6296,0,Reprovado
João Melo,História,6º Fundamental B,6,0.41,0.39,0.41,,0.4029,0.3973,0.0,0.0189,0.0,0.0,0.6212,0,Reprovado
João Melo,Inglês,6º Fundamental B,6,0.41,0.52,0.4,,0.4457,0.3973,-0.01,0.1087,0.0,0.0,0.586,0,Reprovado
João Melo,Matemática,6º Fundamental B,6,0.16,0.29,0.42,0.31,0.3025,0.3973,0.174,0.1847,0.0,0.0,0.5562,0,Reprovado
João Melo,Português,6º Fundamental B,6,0.37,0.44,0.48,0.38,0.418,0.3973,0.021,0.0899,0.0,0.0,0.6347,0,Reprovado
Laura Martins,Arte,6º Fundamental B,6,0.94,0.76,0.94,0.79,0.85,0.7238,-0.081,0.1664,0.0,1.0,0.6911,2,Aprovado
Laura Martins,Ciências,6º Fundamental B,6,0.65,0.57,0.68,0.76,0.6705,0.7238,0.132,0.136,0.0,1.0,0.5916,2,Aprovado
Laura Martins,Educação Física,6º Fundamental B,6,1.0,0.84,0.89,0.93,0.9115,0.7238,-0.048,0.117,0.0,1.0,0.741,2,Aprovado
Laura Martins,Geografia,6º Fundamental B,6,0.7,0.73,0.68,0.63,0.6815,0.7238,-0.078,0.0728,0.0,1.0,0.6296,2,Aprovado
Laura Martins,História,6º Fundamental B,6,0.73,0.64,0.48,0.82,0.672,0.7238,0.033,0.2511,0.0,1.0,0.6212,2,Aprovado
Laura Martins,Inglês,6º Fundamental B,6,0.79,0.58,0.72,0.63,0.672,0.7238,-0.102,0.1619,0.0,1.0,0.586,2,Aprovado
Laura Martins,Matemática,6º Fundamental B,6,0.58,0.62,0.68,,0.63,0.7238,0.1,0.0822,0.0,1.0,0.5562,2,Aprovado
Laura Martins,Português,6º Fundamental B,6,0.67,0.72,0.69,0.72,0.7025,0.7238,0.036,0.0424,0.0,1.0,0.6347,2,Aprovado
Laura Rocha,Arte,6º Fundamental B,6,0.33,0.62,0.5,0.44,0.478,0.4561,0.063,0.2095,0.0,0.125,0.6911,0,Reprovado
Laura Rocha,Ciências,6º Fundamental B,6,0.44,0.43,0.44,,0.4364,0.4561,0.0,0.0094,0.0,0.125,0.5916,0,Reprovado
Laura Rocha,Educação Física,6º Fundamental B,6,0.71,0.56,0.64,0.64,0.634,0.4561,-0.039,0.1062,0.0,0.125,0.741,2,Aprovado
Laura Rocha,Geografia,6º Fundamental B,6,0.43,0.5,0.46,0.54,0.488,0.4561,0.087,0.0829,0.0,0.125,0.6296,0,Reprovado
Laura Rocha,História,6º Fundamental B,6,0.41,0.5,0.46,0.35,0.427,0.4561,-0.066,0.1122,0.0,0.125,0.6212,0,Reprovado
Laura Rocha,Inglês,6º Fundamental B,6,0.28,0.35,0.3,0.23,0.2875,0.4561,-0.06,0.086,0.0,0.125,0.586,0,Reprovado
Laura Rocha,Matemática,6º Fundamental B,6,0.48,0.5,0.41,,0.4621,0.4561,-0.07,0.0772,0.0,0.125,0.5562,0,Reprovado
Laura Rocha,Português,6º Fundamental B,6,0.45,0.4,0.46,,0.4357,0.4561,0.01,0.0525,0.0,0.125,0.6347,0,Reprovado
Leonardo Campos,Arte,6º Fundamental B,6,1.0,0.93,0.92,0.99,0.9595,0.8883,-0.012,0.0707,0.0,1.0,0.6911,2,Aprovado
Leonardo Campos,Ciências,6º Fundamental B,6,0.76,0.88,0.83,0.9,0.8495,0.8883,0.111,0.1081,0.0,1.0,0.5916,2,Aprovado
Leonardo Campos,Educação Física,6º Fundamental B,6,0.95,1.0,0.92,,0.9571,0.8883,-0.03,0.066,0.0,1.0,0.741,2,Aprovado
Leonardo Campos,Geografia,6º Fundamental B,6,0.88,0.86,0.94,0.95,0.911,0.8883,0.087,0.0766,0.0,1.0,0.6296,2,Aprovado
Leonardo Campos,História,6º Fundamental B,6,0.78,0.86,0.94,,0.8657,0.8883,0.16,0.1306,0.0,1.0,0.6212,2,Aprovado
Leonardo Campos,Inglês,6º Fundamental B,6,0.86,0.82,0.81,0.64,0.7715,0.8883,-0.201,0.1687,0.0,1.0,0.586,2,Aprovado
Leonardo Campos,Matemática,6º Fundamental B,6,0.81,1.0,0.81,,0.8779,0.8883,0.0,0.1791,0.0,1.0,0.5562,2,Aprovado
Leonardo Campos,Português,6º Fundamental B,6,1.0,0.81,0.95,,0.9143,0.8883,-0.05,0.1608,0.0,1.0,0.6347,2,Aprovado
Leonardo Ramos,Arte,6º Fundamental B,6,0.63,0.89,0.71,,0.7514,0.776,0.08,0.2175,0.0,1.0,0.6911,2,Aprovado
Leonardo Ramos,Ciências,6º Fundamental B,6,0.97,0.77,0.84,0.84,0.8485,0.776,-0.096,0.1446,0.0,1.0,0.5916,2,Aprovado
Leonardo Ramos,Educação Física,6º Fundamental B,6,1.0,0.86,0.93,0.89,0.9145,0.776,-0.078,0.1049,0.0,1.0,0.741,2,Aprovado
Leonardo Ramos,Geografia,6º Fundamental B,6,0.86,0.71,0.76,,0.7707,0.776,-0.1,0.1247,0.0,1.0,0.6296,2,Aprovado
Leonardo Ramos,História,6º Fundamental B,6,0.76,0.87,0.65,0.74,0.754,0.776,-0.084,0.1565,0.0,1.0,0.6212,2,Aprovado
Leonardo Ramos,Inglês,6º Fundamental B,6,0.75,0.72,0.84,0.69,0.747,0.776,-0.018,0.1122,0.0,1.0,0.586,2,Aprovado
Leonardo Ramos,Matemática,6º Fundamental B,6,0.6,0.74,0.65,,0.6679,0.776,0.05,0.1159,0.0,1.0,0.5562,2,Aprovado
Leonardo Ramos,Português,6º Fundamental B,6,0.78,0.75,0.79,0.71,0.754,0.776,-0.051,0.0622,0.0,1.0,0.6347,2,Aprovado
Luiz Nunes,Arte,6º Fundamental B,6,0.32,0.45,0.42,,0.4021,0.2611,0.1,0.1112,0.0,0.0,0.6911,0,Reprovado
Luiz Nunes,Ciências,6º Fundamental B,6,0.19,0.29,0.07,0.18,0.182,0.2611,-0.075,0.1558,0.0,0.0,0.5916,0,Reprovado
Luiz Nunes,Educação Física,6º Fundamental B,6,0.35,0.34,0.37,0.44,0.3795,0.2611,0.09,0.0781,0.0,0.0,0.741,0,Reprovado
Luiz Nunes,Geografia,6º Fundamental B,6,0.17,0.21,0.35,,0.2486,0.2611,0.18,0.1543,0.0,0.0,0.6296,0,Reprovado
Luiz Nunes,História,6º Fundamental B,6,0.12,0.29,0.17,0.13,0.178,0.2611,-0.027,0.1352,0.0,0.0,0.6212,0,Reprovado
Luiz Nunes,Inglês,6º Fundamental B,6,0.21,0.29,0.2,0.12,0.2005,0.2611,-0.108,0.1204,0.0,0.0,0.586,0,Reprovado
Luiz Nunes,Matemática,6º Fundamental B,6,0.3,0.2,0.22,0.21,0.228,0.2611,-0.075,0.0792,0.0,0.0,0.5562,0,Reprovado
Luiz Nunes,Português,6º Fundamental B,6,0.12,0.33,0.33,,0.27,0.2611,0.21,0.198,0.0,0.0,0.6347,0,Reprovado
Maria Guimarães,Arte,6º Fundamental B,6,0.86,0.86,0.89,0.99,0.9065,0.8334,0.126,0.1068,0.0,1.0,0.6911,2,Aprovado
Maria Guimarães,Ciências,6º Fundamental B,6,0.64,0.69,0.7,0.74,0.6975,0.8334,0.093,0.0712,0.0,1.0,0.5916,2,Aprovado
Maria Guimarães,Educação Física,6º Fundamental B,6,1.0,1.0,0.98,0.92,0.971,0.8334,-0.078,0.0656,0.0,1.0,0.741,2,Aprovado
Maria Guimarães,Geografia,6º Fundamental B,6,0.84,0.84,0.69,0.97,0.8415,0.8334,0.072,0.1982,0.0,1.0,0.6296,2,Aprovado
Maria Guimarães,História,6º Fundamental B,6,0.79,0.93,0.89,0.79,0.85,0.8334,-0.012,0.1233,0.0,1.0,0.6212,2,Aprovado
Maria Guimarães,Inglês,6º Fundamental B,6,0.72,0.76,0.72,0.9,0.784,0.8334,0.15,0.148,0.0,1.0,0.586,2,Aprovado
Maria Guimarães,Matemática,6º Fundamental B,6,0.76,0.71,0.84,0.72,0.7555,0.8334,0.003,0.1023,0.0,1.0,0.5562,2,Aprovado
Maria Guimarães,Português,6º Fundamental B,6,0.92,0.83,0.68,1.0,0.8615,0.8334,0.027,0.2376,0.0,1.0,0.6347,2,Aprovado
Maria Oliveira,Arte,6º Fundamental B,6,0.76,0.81,0.73,0.78,0.771,0.7693,-0.006,0.0583,0.0,1.0,0.6911,2,Aprovado
Maria Oliveira,Ciências,6º Fundamental B,6,0.66,0.73,0.75,0.8,0.742,0.7693,0.132,0.1005,0.0,1.0,0.5916,2,Aprovado
Maria Oliveira,Educação Física,6º Fundamental B,6,0.89,0.9,0.84,0.82,0.859,0.7693,-0.081,0.0669,0.0,1.0,0.741,2,Aprovado
Maria Oliveira,Geografia,6º Fundamental B,6,0.83,0.7,0.82,0.77,0.777,0.7693,-0.018,0.103,0.0,1.0,0.6296,2,Aprovado
Maria Oliveira,História,6º Fundamental B,6,0.59,0.7,0.69,0.93,0.7445,0.7693,0.303,0.2491,0.0,1.0,0.6212,2,Aprovado
Maria Oliveira,Inglês,6º Fundamental B,6,0.9,0.69,0.78,0.73,0.7665,0.7693,-0.126,0.1578,0.0,1.0,0.586,2,Aprovado
Maria Oliveira,Matemática,6º Fundamental B,6,0.65,0.73,0.73,0.73,0.714,0.7693,0.072,0.0693,0.0,1.0,0.5562,2,Aprovado
Maria Oliveira,Português,6º Fundamental B,6,0.67,0.76,0.89,,0.7807,0.7693,0.22,0.1806,0.0,1.0,0.6347,2,Aprovado
Mariana Ribeiro,Arte,6º Fundamental B,6,0.57,0.52,0.6,,0.5629,0.4537,0.03,0.066,0.0,0.0,0.6911,1,Recuperação
Mariana Ribeiro,Ciências,6º Fundamental B,6,0.41,0.45,0.37,0.21,0.35,0.4537,-0.204,0.1822,0.0,0.0,0.5916,0,Reprovado
Mariana Ribeiro,Educação Física,6º Fundamental B,6,0.57,0.6,0.54,0.45,0.534,0.4537,-0.126,0.1122,0.0,0.0,0.741,1,Recuperação
Mariana Ribeiro,Geografia,6º Fundamental B,6,0.5,0.42,0.49,0.45,0.4625,0.4537,-0.024,0.064,0.0,0.0,0.6296,0,Reprovado
Mariana Ribeiro,História,6º Fundamental B,6,0.26,0.45,0.5,0.56,0.4575,0.4537,0.285,0.2247,0.0,0.0,0.6212,0,Reprovado
Mariana Ribeiro,Inglês,6º Fundamental B,6,0.56,0.59,0.4,0.42,0.4855,0.4537,-0.183,0.167,0.0,0.0,0.586,0,Reprovado
Mariana Ribeiro,Matemática,6º Fundamental B,6,0.4,0.34,0.32,0.24,0.317,0.4537,-0.15,0.1145,0.0,0.0,0.5562,0,Reprovado
Mariana Ribeiro,Português,6º Fundamental B,6,0.39,0.52,0.42,0.49,0.46,0.4537,0.06,0.1044,0.0,0.0,0.6347,0,Reprovado
Natalia Cunha,Arte,6º Fundamental B,6,0.54,0.68,0.59,0.78,0.6595,0.5439,0.189,0.183,0.0,0.25,0.6911,2,Aprovado
Natalia Cunha,Ciências,6º Fundamental B,6,0.33,0.45,0.46,0.49,0.4405,0.5439,0.147,0.122,0.0,0.25,0.5916,0,Reprovado
Natalia Cunha,Educação Física,6º Fundamental B,6,0.67,0.71,0.65,0.72,0.69,0.5439,0.027,0.0572,0.0,0.25,0.741,2,Aprovado
Natalia Cunha,Geografia,6º Fundamental B,6,0.48,0.61,0.47,,0.5229,0.5439,-0.01,0.1275,0.0,0.25,0.6296,1,Recuperação
Natalia Cunha,História,6º Fundamental B,6,0.52,0.43,0.54,,0.495,0.5439,0.02,0.0957,0.0,0.25,0.6212,0,Reprovado
Natalia Cunha,Inglês,6º Fundamental B,6,0.42,0.61,0.4,0.5,0.4865,0.5439,0.009,0.1652,0.0,0.25,0.586,0,Reprovado
Natalia Cunha,Matemática,6º Fundamental B,6,0.46,0.53,0.51,0.48,0.496,0.5439,0.012,0.0539,0.0,0.25,0.5562,0,Reprovado
Natalia Cunha,Português,6º Fundamental B,6,0.5,0.58,0.59,,0.5607,0.5439,0.09,0.0806,0.0,0.25,0.6347,1,Recuperação
Patricia Pereira,Arte,6º Fundamental B,6,0.71,0.64,0.82,,0.7243,0.6902,0.11,0.1482,0.0,0.875,0.6911,2,Aprovado
Patricia Pereira,Ciências,6º Fundamental B,6,0.51,0.74,0.61,0.67,0.6405,0.6902,0.105,0.1687,0.0,0.875,0.5916,2,Aprovado
Patricia Pereira,Educação Física,6º Fundamental B,6,0.66,0.96,0.9,,0.8529,0.6902,0.24,0.2592,0.0,0.875,0.741,2,Aprovado
Patricia Pereira,Geografia,6º Fundamental B,6,0.71,0.66,0.57,,0.6421,0.6902,-0.14,0.1159,0.0,0.875,0.6296,2,Aprovado
Patricia Pereira,História,6º Fundamental B,6,0.64,0.74,0.62,0.7,0.678,0.6902,0.018,0.0954,0.0,0.875,0.6212,2,Aprovado
Patricia Pereira,Inglês,6º Fundamental B,6,0.63,0.6,0.78,,0.6729,0.6902,0.15,0.1575,0.0,0.875,0.586,2,Aprovado
Patricia Pereira,Matemática,6º Fundamental B,6,0.62,0.59,0.45,0.64,0.576,0.6902,-0.024,0.1487,0.0,0.875,0.5562,1,Recuperação
Patricia Pereira,Português,6º Fundamental B,6,0.71,0.79,0.79,0.66,0.735,0.6902,-0.045,0.1108,0.0,0.875,0.6347,2,Aprovado
Paula Mendes,Arte,6º Fundamental B,6,0.58,0.68,0.55,0.54,0.5855,0.5349,-0.075,0.1108,0.0,0.125,0.6911,1,Recuperação
Paula Mendes,Ciências,6º Fundamental B,6,0.39,0.52,0.6,0.45,0.493,0.5349,0.078,0.1568,0.0,0.125,0.5916,0,Reprovado
Paula Mendes,Educação Física,6º Fundamental B,6,0.68,0.72,0.49,0.73,0.6575,0.5349,-0.024,0.1942,0.0,0.125,0.741,2,Aprovado
Paula Mendes,Geografia,6º Fundamental B,6,0.43,0.38,0.6,0.5,0.481,0.5349,0.129,0.1652,0.0,0.125,0.6296,0,Reprovado
Paula Mendes,História,6º Fundamental B,6,0.62,0.39,0.59,0.53,0.528,0.5349,-0.021,0.1768,0.0,0.125,0.6212,1,Recuperação
Paula Mendes,Inglês,6º Fundamental B,6,0.51,0.57,0.42,0.44,0.4815,0.5349,-0.108,0.1187,0.0,0.125,0.586,0,Reprovado
Paula Mendes,Matemática,6º Fundamental B,6,0.42,0.39,0.53,0.58,0.488,0.5349,0.186,0.1556,0.0,0.125,0.5562,0,Reprovado
Paula Mendes,Português,6º Fundamental B,6,0.65,0.53,0.49,0.6,0.565,0.5349,-0.057,0.1236,0.0,0.125,0.6347,1,Recuperação
Paulo Lopes,Arte,6º Fundamental B,6,0.94,0.75,0.79,,0.8186,0.7975,-0.15,0.1636,0.0,1.0,0.6911,2,Aprovado
Paulo Lopes,Ciências,6º Fundamental B,6,0.85,0.82,0.85,0.67,0.7885,0.7975,-0.153,0.1492,0.0,1.0,0.5916,2,Aprovado
Paulo Lopes,Educação Física,6º Fundamental B,6,0.9,0.78,0.95,,0.875,0.7975,0.05,0.1427,0.0,1.0,0.741,2,Aprovado
Paulo Lopes,Geografia,6º Fundamental B,6,0.83,0.83,0.67,0.81,0.784,0.7975,-0.066,0.1338,0.0,1.0,0.6296,2,Aprovado
Paulo Lopes,História,6º Fundamental B,6,0.87,0.87,0.79,0.87,0.85,0.7975,-0.024,0.0693,0.0,1.0,0.6212,2,Aprovado
Paulo Lopes,Inglês,6º Fundamental B,6,0.68,0.76,0.8,0.68,0.73,0.7975,0.012,0.1039,0.0,1.0,0.586,2,Aprovado
Paulo Lopes,Matemática,6º Fundamental B,6,0.7,0.73,0.84,,0.7607,0.7975,0.14,0.1204,0.0,1.0,0.5562,2,Aprovado
Paulo Lopes,Português,6º Fundamental B,6,0.89,0.7,0.83,0.71,0.7735,0.7975,-0.123,0.1609,0.0,1.0,0.6347,2,Aprovado
Raquel Campos,Arte,6º Fundamental B,6,0.6,0.85,0.91,0.75,0.785,0.7324,0.153,0.2347,0.0,1.0,0.6911,2,Aprovado
Raquel Campos,Ciências,6º Fundamental B,6,0.61,0.73,0.71,0.71,0.695,0.7324,0.084,0.0938,0.0,1.0,0.5916,2,Aprovado
Raquel Campos,Educação Física,6º Fundamental B,6,1.0,0.82,0.8,0.81,0.848,0.7324,-0.177,0.1652,0.0,1.0,0.741,2,Aprovado
Raquel Campos,Geografia,6º Fundamental B,6,0.83,0.72,0.68,0.64,0.708,0.7324,-0.183,0.1417,0.0,1.0,0.6296,2,Aprovado
Raquel Campos,História,6º Fundamental B,6,0.81,0.71,0.7,,0.735,0.7324,-0.11,0.0993,0.0,1.0,0.6212,2,Aprovado
Raquel Campos,Inglês,6º Fundamental B,6,0.7,0.68,0.78,0.71,0.718,0.7324,0.039,0.0753,0.0,1.0,0.586,2,Aprovado
Raquel Campos,Matemática,6º Fundamental B,6,0.6,0.65,0.74,,0.6679,0.7324,0.14,0.1159,0.0,1.0,0.5562,2,Aprovado
Raquel Campos,Português,6º Fundamental B,6,0.82,0.66,0.65,,0.7021,0.7324,-0.17,0.1558,0.0,1.0,0.6347,2,Aprovado
Raquel Marques,Arte,6º Fundamental B,6,0.6,0.62,0.74,0.77,0.691,0.6104,0.189,0.1472,0.0,0.625,0.6911,2,Aprovado
Raquel Marques,Ciências,6º Fundamental B,6,0.54,0.54,0.54,,0.54,0.6104,0.0,0.0,0.0,0.625,0.5916,1,Recuperação
Raquel Marques,Educação Física,6º Fundamental B,6,0.67,0.71,0.77,,0.72,0.6104,0.1,0.0822,0.0,0.625,0.741,2,Aprovado
Raquel Marques,Geografia,6º Fundamental B,6,0.59,0.67,0.61,0.57,0.609,0.6104,-0.036,0.0748,0.0,0.625,0.6296,2,Aprovado
Raquel Marques,História,6º Fundamental B,6,0.77,0.71,0.56,,0.6736,0.6104,-0.21,0.1766,0.0,0.625,0.6212,2,Aprovado
Raquel Marques,Inglês,6º Fundamental B,6,0.66,0.47,0.64,,0.585,0.6104,-0.02,0.1705,0.0,0.625,0.586,1,Recuperação
Raquel Marques,Matemática,6º Fundamental B,6,0.4,0.41,0.52,,0.4464,0.6104,0.12,0.1087,0.0,0.625,0.5562,0,Reprovado
Raquel Marques,Português,6º Fundamental B,6,0.62,0.42,0.62,0.78,0.618,0.6104,0.204,0.2553,0.0,0.625,0.6347,2,Aprovado
Renata Marques,Arte,6º Fundamental B,6,0.42,0.64,0.47,0.47,0.5025,0.4662,-0.006,0.1667,0.0,0.125,0.6911,1,Recuperação
Renata Marques,Ciências,6º Fundamental B,6,0.44,0.55,0.43,0.29,0.42,0.4662,-0.171,0.1846,0.0,0.125,0.5916,0,Reprovado
Renata Marques,Educação Física,6º Fundamental B,6,0.85,0.51,0.52,0.68,0.6315,0.4662,-0.15,0.2775,0.0,0.125,0.741,2,Aprovado
Renata Marques,Geografia,6º Fundamental B,6,0.63,0.41,0.54,,0.5193,0.4662,-0.09,0.1806,0.0,0.125,0.6296,1,Recuperação
Renata Marques,História,6º Fundamental B,6,0.4,0.42,0.37,,0.3964,0.4662,-0.03,0.0411,0.0,0.125,0.6212,0,Reprovado
Renata Marques,Inglês,6º Fundamental B,6,0.44,0.43,0.5,0.31,0.4135,0.4662,-0.096,0.1378,0.0,0.125,0.586,0,Reprovado
Renata Marques,Matemática,6º Fundamental B,6,0.35,0.43,0.24,0.43,0.3665,0.4662,0.015,0.1558,0.0,0.125,0.5562,0,Reprovado
Renata Marques,Português,6º Fundamental B,6,0.38,0.48,0.51,0.52,0.4795,0.4662,0.135,0.1108,0.0,0.125,0.6347,0,Reprovado
Thiago Guimarães,Arte,6º Fundamental B,6,0.48,0.49,0.44,0.6,0.5085,0.4422,0.093,0.1186,0.0,0.0,0.6911,1,Recuperação
Thiago Guimarães,Ciências,6º Fundamental B,6,0.3,0.35,0.52,,0.3964,0.4422,0.22,0.1883,0.0,0.0,0.5916,0,Reprovado
Thiago Guimarães,Educação Física,6º Fundamental B,6,0.49,0.49,0.42,0.66,0.5235,0.4422,0.132,0.1769,0.0,0.0,0.741,1,Recuperação
Thiago Guimarães,Geografia,6º Fundamental B,6,0.3,0.46,0.53,0.42,0.4335,0.4422,0.129,0.167,0.0,0.0,0.6296,0,Reprovado
Thiago Guimarães,História,6º Fundamental B,6,0.61,0.36,0.6,0.32,0.458,0.4422,-0.189,0.2666,0.0,0.0,0.6212,0,Reprovado
Thiago Guimarães,Inglês,6º Fundamental B,6,0.38,0.44,0.53,0.43,0.4475,0.4422,0.072,0.1082,0.0,0.0,0.586,0,Reprovado
Thiago Guimarães,Matemática,6º Fundamental B,6,0.29,0.45,0.47,,0.4114,0.4422,0.18,0.1611,0.0,0.0,0.5562,0,Reprovado
Thiago Guimarães,Português,6º Fundamental B,6,0.31,0.52,0.33,0.28,0.3585,0.4422,-0.084,0.1881,0.0,0.0,0.6347,0,Reprovado
Alexandre Borges,Arte,7º Fundamental A,6,0.92,0.8,0.88,0.64,0.796,0.7138,-0.228,0.2145,0.0,1.0,0.6514,2,Aprovado
Alexandre Borges,Ciências,7º Fundamental A,6,0.51,0.72,0.69,0.49,0.6015,0.7138,-0.027,0.2066,0.0,1.0,0.5531,2,Aprovado
Alexandre Borges,Educação Física,7º Fundamental A,6,0.89,0.88,0.89,0.72,0.8365,0.7138,-0.15,0.1446,0.0,1.0,0.7187,2,Aprovado
Alexandre Borges,Geografia,7º Fundamental A,6,0.6,0.64,0.63,0.61,0.6205,0.7138,0.006,0.0316,0.0,1.0,0.5832,2,Aprovado
Alexandre Borges,História,7º Fundamental A,6,0.67,0.83,0.72,0.7,0.7315,0.7138,-0.006,0.1208,0.0,1.0,0.584,2,Aprovado
Alexandre Borges,Inglês,7º Fundamental A,6,0.82,0.77,0.55,0.65,0.689,0.7138,-0.219,0.2104,0.0,1.0,0.5415,2,Aprovado
Alexandre Borges,Matemática,7º Fundamental A,6,0.66,0.75,0.69,,0.7029,0.7138,0.03,0.0748,0.0,1.0,0.5186,2,Aprovado
Alexandre Borges,Português,7º Fundamental A,6,0.72,0.72,0.71,0.77,0.7325,0.7138,0.042,0.0469,0.0,1.0,0.5814,2,Aprovado
Alexandre Oliveira,Arte,7º Fundamental A,6,0.69,0.84,0.92,,0.8257,0.7155,0.23,0.1907,0.0,1.0,0.6514,2,Aprovado
Alexandre Oliveira,Ciências,7º Fundamental A,6,0.79,0.61,0.7,,0.6936,0.7155,-0.09,0.147,0.0,1.0,0.5531,2,Aprovado
Alexandre Oliveira,Educação Física,7º Fundamental A,6,1.0,0.88,0.85,,0.9036,0.7155,-0.15,0.1296,0.0,1.0,0.7187,2,Aprovado
Alexandre Oliveira,Geografia,7º Fundamental A,6,0.64,0.56,0.75,0.62,0.6415,0.7155,0.039,0.1374,0.0,1.0,0.5832,2,Aprovado
Alexandre Oliveira,História,7º Fundamental A,6,0.7,0.62,0.68,0.71,0.678,0.7155,0.027,0.0698,0.0,1.0,0.584,2,Aprovado
Alexandre Oliveira,Inglês,7º Fundamental A,6,0.83,0.56,0.65,,0.6693,0.7155,-0.18,0.2245,0.0,1.0,0.5415,2,Aprovado
Alexandre Oliveira,Matemática,7º Fundamental A,6,0.52,0.61,0.59,0.69,0.611,0.7155,0.147,0.1211,0.0,1.0,0.5186,2,Aprovado
Alexandre Oliveira,Português,7º Fundamental A,6,0.59,0.73,0.69,0.76,0.701,0.7155,0.141,0.1284,0.0,1.0,0.5814,2,Aprovado
Ana Carvalho,Arte,7º Fundamental A,6,0.55,0.45,0.46,0.47,0.4785,0.4451,-0.069,0.0792,0.0,0.125,0.6514,0,Reprovado
Ana Carvalho,Ciências,7º Fundamental A,6,0.38,0.38,0.43,,0.3979,0.4451,0.05,0.0471,0.0,0.125,0.5531,0,Reprovado
Ana Carvalho,Educação Física,7º Fundamental A,6,0.56,0.64,0.71,,0.6421,0.4451,0.15,0.1226,0.0,0.125,0.7187,2,Aprovado
Ana Carvalho,Geografia,7º Fundamental A,6,0.36,0.57,0.61,0.27,0.448,0.4451,-0.069,0.2837,0.0,0.125,0.5832,0,Reprovado
Ana Carvalho,História,7º Fundamental A,6,0.42,0.48,0.28,0.52,0.43,0.4451,0.03,0.1819,0.0,0.125,0.584,0,Reprovado
Ana Carvalho,Inglês,7º Fundamental A,6,0.26,0.41,0.35,0.43,0.371,0.4451,0.135,0.1322,0.0,0.125,0.5415,0,Reprovado
Ana Carvalho,Matemática,7º Fundamental A,6,0.33,0.37,0.26,0.43,0.3525,0.4451,0.057,0.1236,0.0,0.125,0.5186,0,Reprovado
Ana Carvalho,Português,7º Fundamental A,6,0.45,0.46,0.44,0.42,0.441,0.4451,-0.033,0.0296,0.0,0.125,0.5814,0,Reprovado
André Guimarães,Arte,7º Fundamental A,6,0.79,0.82,0.84,0.8,0.813,0.719,0.015,0.0384,0.0,1.0,0.6514,2,Aprovado
André Guimarães,Ciências,7º Fundamental A,6,0.72,0.65,0.82,0.78,0.7455,0.719,0.105,0.1284,0.0,1.0,0.5531,2,Aprovado
André Guimarães,Educação Física,7º Fundamental A,6,0.69,0.81,0.84,0.86,0.8085,0.719,0.162,0.1319,0.0,1.0,0.7187,2,Aprovado
André Guimarães,Geografia,7º Fundamental A,6,0.61,0.82,0.59,0.67,0.6755,0.719,-0.015,0.1802,0.0,1.0,0.5832,2,Aprovado
André Guimarães,História,7º Fundamental A,6,0.6,0.75,0.71,0.74,0.707,0.719,0.114,0.1192,0.0,1.0,0.584,2,Aprovado
André Guimarães,Inglês,7º Fundamental A,6,0.77,0.72,0.55,0.67,0.6725,0.719,-0.141,0.1633,0.0,1.0,0.5415,2,Aprovado
André Guimarães,Matemática,7º Fundamental A,6,0.51,0.81,0.63,0.71,0.675,0.719,0.126,0.2198,0.0,1.0,0.5186,2,Aprovado
André Guimarães,Português,7º Fundamental A,6,0.83,0.62,0.55,,0.655,0.719,-0.28,0.238,0.0,1.0,0.5814,2,Aprovado
Arthur Cunha,Arte,7º Fundamental A,6,0.62,0.68,0.54,,0.6129,0.5693,-0.08,0.1147,0.0,0.5,0.6514,2,Aprovado
Arthur Cunha,Ciências,7º Fundamental A,6,0.58,0.53,0.56,0.47,0.5295,0.5693,-0.09,0.0831,0.0,0.5,0.5531,1,Recuperação
Arthur Cunha,Educação Física,7º Fundamental A,6,0.68,0.67,0.56,,0.6336,0.5693,-0.12,0.1087,0.0,0.5,0.7187,2,Aprovado
Arthur Cunha,Geografia,7º Fundamental A,6,0.57,0.53,0.66,0.66,0.6095,0.5693,0.12,0.1136,0.0,0.5,0.5832,2,Aprovado
Arthur Cunha,História,7º Fundamental A,6,0.54,0.72,0.58,0.63,0.622,0.5693,0.039,0.1344,0.0,0.5,0.584,2,Aprovado
Arthur Cunha,Inglês,7º Fundamental A,6,0.67,0.5,0.48,0.49,0.526,0.5693,-0.168,0.1565,0.0,0.5,0.5415,1,Recuperação
Arthur Cunha,Matemática,7º Fundamental A,6,0.56,0.32,0.57,,0.4779,0.5693,0.01,0.2311,0.0,0.5,0.5186,0,Reprovado
Arthur Cunha,Português,7º Fundamental A,6,0.5,0.52,0.63,0.52,0.5435,0.5693,0.051,0.1023,0.0,0.5,0.5814,1,Recuperação
Arthur Ferreira,Arte,7º Fundamental A,6,0.71,0.82,0.6,0.75,0.722,0.6767,-0.03,0.1594,0.0,0.875,0.6514,2,Aprovado
Arthur Ferreira,Ciências,7º Fundamental A,6,0.57,0.69,0.58,0.69,0.6385,0.6767,0.075,0.1152,0.0,0.875,0.5531,2,Aprovado
Arthur Ferreira,Educação Física,7º Fundamental A,6,0.93,0.88,0.9,0.69,0.838,0.6767,-0.21,0.1881,0.0,0.875,0.7187,2,Aprovado
Arthur Ferreira,Geografia,7º Fundamental A,6,0.54,0.59,0.56,,0.565,0.6767,0.02,0.0411,0.0,0.875,0.5832,1,Recuperação
Arthur Ferreira,História,7º Fundamental A,6,0.49,0.54,0.64,0.77,0.624,0.6767,0.282,0.214,0.0,0.875,0.584,2,Aprovado
Arthur Ferreira,Inglês,7º Fundamental A,6,0.63,0.61,0.65,0.77,0.672,0.6767,0.138,0.1245,0.0,0.875,0.5415,2,Aprovado
Arthur Ferreira,Matemática,7º Fundamental A,6,0.64,0.7,0.49,0.63,0.6145,0.6767,-0.072,0.1539,0.0,0.875,0.5186,2,Aprovado
Arthur Ferreira,Português,7º Fundamental A,6,0.63,0.87,0.78,0.67,0.7395,0.6767,0.009,0.1883,0.0,0.875,0.5814,2,Aprovado
Bruna Costa,Arte,7º Fundamental A,6,0.63,0.82,0.74,0.82,0.762,0.6552,0.147,0.1558,0.0,0.625,0.6514,2,Aprovado
Bruna Costa,Ciências,7º Fundamental A,6,0.73,0.55,0.65,0.55,0.611,0.6552,-0.132,0.151,0.0,0.625,0.5531,2,Aprovado
Bruna Costa,Educação Física,7º Fundamental A,6,0.81,0.84,0.85,0.75,0.8095,0.6552,-0.051,0.0779,0.0,0.625,0.7187,2,Aprovado
Bruna Costa,Geografia,7º Fundamental A,6,0.81,0.71,0.62,0.7,0.7045,0.6552,-0.126,0.1349,0.0,0.625,0.5832,2,Aprovado
Bruna Costa,História,7º Fundamental A,6,0.69,0.55,0.64,0.59,0.6125,0.6552,-0.063,0.1052,0.0,0.625,0.584,2,Aprovado
Bruna Costa,Inglês,7º Fundamental A,6,0.67,0.54,0.45,0.68,0.5855,0.6552,-0.018,0.191,0.0,0.625,0.5415,1,Recuperação
Bruna Costa,Matemática,7º Fundamental A,6,0.54,0.63,0.5,,0.5579,0.6552,-0.04,0.1087,0.0,0.625,0.5186,1,Recuperação
Bruna Costa,Português,7º Fundamental A,6,0.52,0.62,0.64,,0.5986,0.6552,0.12,0.105,0.0,0.625,0.5814,1,Recuperação
Bruna Moreira,Arte,7º Fundamental A,6,0.57,0.51,0.39,,0.4843,0.4593,-0.18,0.1497,0.0,0.125,0.6514,0,Reprovado
Bruna Moreira,Ciências,7º Fundamental A,6,0.31,0.38,0.34,,0.3457,0.4593,0.03,0.0573,0.0,0.125,0.5531,0,Reprovado
Bruna Moreira,Educação Física,7º Fundamental A,6,0.75,0.64,0.44,,0.6,0.4593,-0.31,0.2566,0.0,0.125,0.7187,2,Aprovado
Bruna Moreira,Geografia,7º Fundamental A,6,0.36,0.47,0.49,0.67,0.513,0.4593,0.285,0.2224,0.0,0.125,0.5832,1,Recuperação
Bruna Moreira,História,7º Fundamental A,6,0.46,0.44,0.64,0.39,0.479,0.4593,-0.003,0.1889,0.0,0.125,0.584,0,Reprovado
Bruna Moreira,Inglês,7º Fundamental A,6,0.52,0.4,0.4,,0.4343,0.4593,-0.12,0.1131,0.0,0.125,0.5415,0,Reprovado
Bruna Moreira,Matemática,7º Fundamental A,6,0.53,0.33,0.34,0.33,0.3725,0.4593,-0.177,0.1705,0.0,0.125,0.5186,0,Reprovado
Bruna Moreira,Português,7º Fundamental A,6,0.52,0.38,0.52,0.39,0.446,0.4593,-0.075,0.1352,0.0,0.125,0.5814,0,Reprovado
Bruno Castro,Arte,7º Fundamental A,6,1.0,1.0,0.95,,0.9821,0.9158,-0.05,0.0471,0.0,1.0,0.6514,2,Aprovado
Bruno Castro,Ciências,7º Fundamental A,6,0.92,0.97,0.84,0.76,0.8645,0.9158,-0.183,0.1596,0.0,1.0,0.5531,2,Aprovado
Bruno Castro,Educação Física,7º Fundamental A,6,1.0,1.0,1.0,,1.0,0.9158,0.0,0.0,0.0,1.0,0.7187,2,Aprovado
Bruno Castro,Geografia,7º Fundamental A,6,0.97,0.89,0.93,0.86,0.907,0.9158,-0.087,0.0829,0.0,1.0,0.5832,2,Aprovado
Bruno Castro,História,7º Fundamental A,6,0.88,1.0,0.97,0.88,0.9325,0.9158,-0.009,0.1071,0.0,1.0,0.584,2,Aprovado
Bruno Castro,Inglês,7º Fundamental A,6,0.88,0.87,0.87,0.83,0.86,0.9158,-0.045,0.0384,0.0,1.0,0.5415,2,Aprovado
Bruno Castro,Matemática,7º Fundamental A,6,0.84,0.8,0.85,0.92,0.8565,0.9158,0.087,0.0865,0.0,1.0,0.5186,2,Aprovado
Bruno Castro,Português,7º Fundamental A,6,0.93,0.85,0.9,1.0,0.9235,0.9158,0.078,0.1086,0.0,1.0,0.5814,2,Aprovado
Caio Teixeira,Arte,7º Fundamental A,6,0.35,0.29,0.43,0.49,0.397,0.2631,0.168,0.1523,0.0,0.0,0.6514,0,Reprovado
Caio Teixeira,Ciências,7º Fundamental A,6,0.1,0.33,0.23,,0.2286,0.2631,0.13,0.1883,0.0,0.0,0.5531,0,Reprovado
Caio Teixeira,Educação Física,7º Fundamental A,6,0.29,0.4,0.3,0.32,0.329,0.2631,-0.003,0.0865,0.0,0.0,0.7187,0,Reprovado
Caio Teixeira,Geografia,7º Fundamental A,6,0.22,0.2,0.13,0.24,0.1985,0.2631,-0.003,0.0829,0.0,0.0,0.5832,0,Reprovado
Caio Teixeira,História,7º Fundamental A,6,0.26,0.27,0.28,0.16,0.2375,0.2631,-0.087,0.0963,0.0,0.0,0.584,0,Reprovado
Caio Teixeira,Inglês,7º Fundamental A,6,0.15,0.23,0.25,0.35,0.255,0.2631,0.186,0.1425,0.0,0.0,0.5415,0,Reprovado
Caio Teixeira,Matemática,7º Fundamental A,6,0.12,0.36,0.41,0.14,0.2585,0.2631,0.033,0.2578,0.0,0.0,0.5186,0,Reprovado
Caio Teixeira,Português,7º Fundamental A,6,0.09,0.08,0.41,,0.2007,0.2631,0.32,0.3065,0.0,0.0,0.5814,0,Reprovado
Daniela Correia,Arte,7º Fundamental A,6,0.55,0.47,0.69,0.43,0.529,0.5093,-0.042,0.1987,0.0,0.125,0.6514,1,Recuperação
Daniela Correia,Ciências,7º Fundamental A,6,0.39,0.4,0.5,0.51,0.456,0.5093,0.138,0.1105,0.0,0.125,0.5531,0,Reprovado
Daniela Correia,Educação Física,7º Fundamental A,6,0.71,0.64,0.64,,0.66,0.5093,-0.07,0.066,0.0,0.125,0.7187,2,Aprovado
Daniela Correia,Geografia,7º Fundamental A,6,0.42,0.55,0.42,0.49,0.4735,0.5093,0.024,0.1086,0.0,0.125,0.5832,0,Reprovado
Daniela Correia,História,7º Fundamental A,6,0.4,0.51,0.34,0.47,0.4335,0.5093,0.012,0.1304,0.0,0.125,0.584,0,Reprovado
Daniela Correia,Inglês,7º Fundamental A,6,0.51,0.52,0.52,0.5,0.512,0.5093,-0.009,0.0166,0.0,0.125,0.5415,1,Recuperação
Daniela Correia,Matemática,7º Fundamental A,6,0.43,0.43,0.34,0.5,0.4285,0.5093,0.036,0.1136,0.0,0.125,0.5186,0,Reprovado
Daniela Correia,Português,7º Fundamental A,6,0.61,0.65,0.53,0.55,0.582,0.5093,-0.09,0.0954,0.0,0.125,0.5814,1,Recuperação
Fernanda Nunes,Arte,7º Fundamental A,6,0.6,0.68,0.81,0.48,0.6365,0.5508,-0.069,0.2402,0.0,0.25,0.6514,2,Aprovado
Fernanda Nunes,Ciências,7º Fundamental A,6,0.48,0.5,0.58,,0.5229,0.5508,0.1,0.0864,0.0,0.25,0.5531,1,Recuperação
Fernanda Nunes,Educação Física,7º Fundamental A,6,0.67,0.65,0.73,0.73,0.698,0.5508,0.078,0.0714,0.0,0.25,0.7187,2,Aprovado
Fernanda Nunes,Geografia,7º Fundamental A,6,0.66,0.4,0.47,0.64,0.5415,0.5508,0.003,0.2211,0.0,0.25,0.5832,1,Recuperação
Fernanda Nunes,História,7º Fundamental A,6,0.61,0.53,0.57,0.45,0.532,0.5508,-0.132,0.1183,0.0,0.25,0.584,1,Recuperação
Fernanda Nunes,Inglês,7º Fundamental A,6,0.43,0.4,0.46,,0.43,0.5508,0.03,0.049,0.0,0.25,0.5415,0,Reprovado
Fernanda Nunes,Matemática,7º Fundamental A,6,0.42,0.59,0.47,0.44,0.481,0.5508,-0.018,0.1319,0.0,0.25,0.5186,0,Reprovado
Fernanda Nunes,Português,7º Fundamental A,6,0.55,0.52,0.62,,0.5643,0.5508,0.07,0.0838,0.0,0.25,0.5814,1,Recuperação
Gabriel Almeida,Arte,7º Fundamental A,6,0.67,0.51,0.6,0.46,0.5495,0.556,-0.162,0.1619,0.0,0.125,0.6514,1,Recuperação
Gabriel Almeida,Ciências,7º Fundamental A,6,0.63,0.56,0.59,0.32,0.5095,0.556,-0.27,0.2419,0.0,0.125,0.5531,1,Recuperação
Gabriel Almeida,Educação Física,7º Fundamental A,6,0.74,0.66,0.69,,0.6936,0.556,-0.05,0.066,0.0,0.125,0.7187,2,Aprovado
Gabriel Almeida,Geografia,7º Fundamental A,6,0.56,0.48,0.74,0.57,0.588,0.556,0.087,0.1894,0.0,0.125,0.5832,1,Recuperação
Gabriel Almeida,História,7º Fundamental A,6,0.46,0.52,0.52,0.57,0.523,0.556,0.099,0.0779,0.0,0.125,0.584,1,Recuperação
Gabriel Almeida,Inglês,7º Fundamental A,6,0.6,0.51,0.67,0.52,0.571,0.556,-0.024,0.13,0.0,0.125,0.5415,1,Recuperação
Gabriel Almeida,Matemática,7º Fundamental A,6,0.52,0.53,0.46,,0.5021,0.556,-0.06,0.0618,0.0,0.125,0.5186,1,Recuperação
Gabriel Almeida,Português,7º Fundamental A,6,0.49,0.49,0.43,0.61,0.511,0.556,0.09,0.1308,0.0,0.125,0.5814,1,Recuperação
Guilherme Campos,Arte,7º Fundamental A,6,0.4,0.44,0.36,0.36,0.388,0.3482,-0.06,0.0663,0.0,0.0,0.6514,0,Reprovado
Guilherme Campos,Ciências,7º Fundamental A,6,0.26,0.19,0.47,0.38,0.331,0.3482,0.192,0.2156,0.0,0.0,0.5531,0,Reprovado
Guilherme Campos,Educação Física,7º Fundamental A,6,0.41,0.39,0.59,,0.4671,0.3482,0.18,0.1799,0.0,0.0,0.7187,0,Reprovado
Guilherme Campos,Geografia,7º Fundamental A,6,0.37,0.31,0.36,,0.345,0.3482,-0.01,0.0525,0.0,0.0,0.5832,0,Reprovado
Guilherme Campos,História,7º Fundamental A,6,0.25,0.44,0.34,0.44,0.377,0.3482,0.141,0.1584,0.0,0.0,0.584,0,Reprovado
Guilherme Campos,Inglês,7º Fundamental A,6,0.39,0.36,0.13,0.19,0.2575,0.3482,-0.249,0.2202,0.0,0.0,0.5415,0,Reprovado
Guilherme Campos,Matemática,7º Fundamental A,6,0.12,0.28,0.27,0.2,0.2215,0.3482,0.069,0.1284,0.0,0.0,0.5186,0,Reprovado
Guilherme Campos,Português,7º Fundamental A,6,0.32,0.41,0.45,,0.3986,0.3482,0.13,0.1087,0.0,0.0,0.5814,0,Reprovado
Helena Marques,Arte,7º Fundamental A,6,0.48,0.41,0.51,,0.4657,0.3893,0.03,0.0838,0.0,0.0,0.6514,0,Reprovado
Helena Marques,Ciências,7º Fundamental A,6,0.38,0.3,0.31,0.48,0.3725,0.3893,0.093,0.1438,0.0,0.0,0.5531,0,Reprovado
Helena Marques,Educação Física,7º Fundamental A,6,0.67,0.48,0.53,,0.5521,0.3893,-0.14,0.1608,0.0,0.0,0.7187,1,Recuperação
Helena Marques,Geografia,7º Fundamental A,6,0.36,0.43,0.3,0.46,0.3925,0.3893,0.051,0.1244,0.0,0.0,0.5832,0,Reprovado
Helena Marques,História,7º Fundamental A,6,0.53,0.16,0.41,0.43,0.3775,0.3893,-0.015,0.2725,0.0,0.0,0.584,0,Reprovado
Helena Marques,Inglês,7º Fundamental A,6,0.22,0.2,0.27,0.43,0.2905,0.3893,0.21,0.1806,0.0,0.0,0.5415,0,Reprovado
Helena Marques,Matemática,7º Fundamental A,6,0.42,0.23,0.32,,0.3164,0.3893,-0.1,0.1552,0.0,0.0,0.5186,0,Reprovado
Helena Marques,Português,7º Fundamental A,6,0.41,0.47,0.35,0.2,0.347,0.3893,-0.225,0.2007,0.0,0.0,0.5814,0,Reprovado
Jessica Cavalcanti,Arte,7º Fundamental A,6,0.63,0.69,0.92,0.74,0.7505,0.7116,0.168,0.2166,0.0,1.0,0.6514,2,Aprovado
Jessica Cavalcanti,Ciências,7º Fundamental A,6,0.68,0.67,0.76,,0.705,0.7116,0.08,0.0806,0.0,1.0,0.5531,2,Aprovado
Jessica Cavalcanti,Educação Física,7º Fundamental A,6,0.72,0.89,0.65,0.78,0.763,0.7116,-0.018,0.1761,0.0,1.0,0.7187,2,Aprovado
Jessica Cavalcanti,Geografia,7º Fundamental A,6,0.65,0.77,0.59,,0.6714,0.7116,-0.06,0.1497,0.0,1.0,0.5832,2,Aprovado
Jessica Cavalcanti,História,7º Fundamental A,6,0.72,0.89,0.77,,0.7986,0.7116,0.05,0.1427,0.0,1.0,0.584,2,Aprovado
Jessica Cavalcanti,Inglês,7º Fundamental A,6,0.65,0.75,0.74,0.68,0.7065,0.7116,0.024,0.0831,0.0,1.0,0.5415,2,Aprovado
Jessica Cavalcanti,Matemática,7º Fundamental A,6,0.68,0.58,0.64,0.65,0.636,0.7116,-0.009,0.0726,0.0,1.0,0.5186,2,Aprovado
Jessica Cavalcanti,Português,7º Fundamental A,6,0.78,0.65,0.64,0.61,0.6615,0.7116,-0.156,0.1304,0.0,1.0,0.5814,2,Aprovado
Larissa Ferreira,Arte,7º Fundamental A,6,1.0,0.99,0.88,1.0,0.9675,0.8959,-0.033,0.1014,0.0,1.0,0.6514,2,Aprovado
Larissa Ferreira,Ciências,7º Fundamental A,6,0.82,0.77,0.96,,0.8521,0.8959,0.14,0.1608,0.0,1.0,0.5531,2,Aprovado
Larissa Ferreira,Educação Física,7º Fundamental A,6,1.0,1.0,0.9,0.82,0.921,0.8959,-0.192,0.151,0.0,1.0,0.7187,2,Aprovado
Larissa Ferreira,Geografia,7º Fundamental A,6,0.82,0.89,0.82,1.0,0.8915,0.8959,0.141,0.1472,0.0,1.0,0.5832,2,Aprovado
Larissa Ferreira,História,7º Fundamental A,6,0.84,0.95,0.79,0.86,0.861,0.8959,-0.03,0.1158,0.0,1.0,0.584,2,Aprovado
Larissa Ferreira,Inglês,7º Fundamental A,6,0.82,1.0,0.86,,0.8986,0.8959,0.04,0.1543,0.0,1.0,0.5415,2,Aprovado
Larissa Ferreira,Matemática,7º Fundamental A,6,0.88,0.78,0.84,0.91,0.854,0.8959,0.045,0.0973,0.0,1.0,0.5186,2,Aprovado
Larissa Ferreira,Português,7º Fundamental A,6,1.0,0.84,0.94,,0.9214,0.8959,-0.06,0.132,0.0,1.0,0.5814,2,Aprovado
Leonardo Andrade,Arte,7º Fundamental A,6,0.39,0.46,0.34,0.41,0.401,0.3857,-0.018,0.086,0.0,0.0,0.6514,0,Reprovado
Leonardo Andrade,Ciências,7º Fundamental A,6,0.43,0.34,0.27,0.27,0.3195,0.3857,-0.165,0.1314,0.0,0.0,0.5531,0,Reprovado
Leonardo Andrade,Educação Física,7º Fundamental A,6,0.67,0.63,0.42,0.6,0.5765,0.3857,-0.126,0.1913,0.0,0.0,0.7187,1,Recuperação
Leonardo Andrade,Geografia,7º Fundamental A,6,0.48,0.15,0.38,0.43,0.3575,0.3857,0.024,0.2526,0.0,0.0,0.5832,0,Reprovado
Leonardo Andrade,História,7º Fundamental A,6,0.35,0.35,0.43,,0.3786,0.3857,0.08,0.0754,0.0,0.0,0.584,0,Reprovado
Leonardo Andrade,Inglês,7º Fundamental A,6,0.28,0.31,0.37,0.56,0.394,0.3857,0.27,0.2177,0.0,0.0,0.5415,0,Reprovado
Leonardo Andrade,Matemática,7º Fundamental A,6,0.18,0.37,0.25,0.36,0.299,0.3857,0.126,0.1581,0.0,0.0,0.5186,0,Reprovado
Leonardo Andrade,Português,7º Fundamental A,6,0.32,0.4,0.35,,0.3593,0.3857,0.03,0.066,0.0,0.0,0.5814,0,Reprovado
Leonardo Cavalcanti,Arte,7º Fundamental A,6,0.43,0.44,0.43,0.56,0.4715,0.3494,0.114,0.11,0.0,0.0,0.6514,0,Reprovado
Leonardo Cavalcanti,Ciências,7º Fundamental A,6,0.34,0.33,0.22,,0.2936,0.3494,-0.12,0.1087,0.0,0.0,0.5531,0,Reprovado
Leonardo Cavalcanti,Educação Física,7º Fundamental A,6,0.48,0.37,0.57,0.4,0.451,0.3494,-0.012,0.1552,0.0,0.0,0.7187,0,Reprovado
Leonardo Cavalcanti,Geografia,7º Fundamental A,6,0.42,0.32,0.29,,0.3379,0.3494,-0.13,0.1112,0.0,0.0,0.5832,0,Reprovado
Leonardo Cavalcanti,História,7º Fundamental A,6,0.46,0.31,0.44,0.35,0.3845,0.3494,-0.06,0.1241,0.0,0.0,0.584,0,Reprovado
Leonardo Cavalcanti,Inglês,7º Fundamental A,6,0.34,0.31,0.41,0.14,0.29,0.3494,-0.15,0.1985,0.0,0.0,0.5415,0,Reprovado
Leonardo Cavalcanti,Matemática,7º Fundamental A,6,0.26,0.22,0.33,0.17,0.2405,0.3494,-0.048,0.117,0.0,0.0,0.5186,0,Reprovado
Leonardo Cavalcanti,Português,7º Fundamental A,6,0.38,0.38,0.31,0.26,0.3265,0.3494,-0.129,0.1014,0.0,0.0,0.5814,0,Reprovado
Nicolas Castro,Arte,7º Fundamental A,6,0.57,0.68,0.71,0.67,0.6625,0.6358,0.099,0.1052,0.0,0.625,0.6514,2,Aprovado
Nicolas Castro,Ciências,7º Fundamental A,6,0.5,0.57,0.67,,0.5857,0.6358,0.17,0.1395,0.0,0.625,0.5531,1,Recuperação
Nicolas Castro,Educação Física,7º Fundamental A,6,0.7,0.74,0.86,0.85,0.795,0.6358,0.171,0.1381,0.0,0.625,0.7187,2,Aprovado
Nicolas Castro,Geografia,7º Fundamental A,6,0.83,0.62,0.6,0.59,0.648,0.6358,-0.222,0.1975,0.0,0.625,0.5832,2,Aprovado
Nicolas Castro,História,7º Fundamental A,6,0.73,0.53,0.73,0.64,0.653,0.6358,-0.021,0.1645,0.0,0.625,0.584,2,Aprovado
Nicolas Castro,Inglês,7º Fundamental A,6,0.62,0.44,0.6,,0.5486,0.6358,-0.02,0.1611,0.0,0.625,0.5415,1,Recuperação
Nicolas Castro,Matemática,7º Fundamental A,6,0.55,0.54,0.55,,0.5464,0.6358,0.0,0.0094,0.0,0.625,0.5186,1,Recuperação
Nicolas Castro,Português,7º Fundamental A,6,0.76,0.56,0.7,0.6,0.647,0.6358,-0.102,0.1584,0.0,0.625,0.5814,2,Aprovado
Patricia Almeida,Arte,7º Fundamental A,6,0.69,0.78,0.62,0.63,0.677,0.6633,-0.102,0.1273,0.0,0.75,0.6514,2,Aprovado
Patricia Almeida,Ciências,7º Fundamental A,6,0.73,0.64,0.76,0.6,0.676,0.6633,-0.081,0.1299,0.0,0.75,0.5531,2,Aprovado
Patricia Almeida,Educação Física,7º Fundamental A,6,0.77,0.74,0.78,0.77,0.765,0.6633,0.012,0.03,0.0,0.75,0.7187,2,Aprovado
Patricia Almeida,Geografia,7º Fundamental A,6,0.67,0.64,0.73,0.77,0.7075,0.6633,0.117,0.1014,0.0,0.75,0.5832,2,Aprovado
Patricia Almeida,História,7º Fundamental A,6,0.55,0.73,0.77,0.6,0.665,0.6633,0.057,0.1808,0.0,0.75,0.584,2,Aprovado
Patricia Almeida,Inglês,7º Fundamental A,6,0.6,0.7,0.38,,0.5571,0.6633,-0.22,0.2673,0.0,0.75,0.5415,1,Recuperação
Patricia Almeida,Matemática,7º Fundamental A,6,0.64,0.5,0.51,0.64,0.5725,0.6633,0.003,0.1352,0.0,0.75,0.5186,1,Recuperação
Patricia Almeida,Português,7º Fundamental A,6,0.63,0.63,0.77,0.7,0.686,0.6633,0.105,0.1161,0.0,0.75,0.5814,2,Aprovado
Patricia Correia,Arte,7º Fundamental A,6,0.68,0.79,0.73,,0.7371,0.6153,0.05,0.0899,0.0,0.5,0.6514,2,Aprovado
Patricia Correia,Ciências,7º Fundamental A,6,0.59,0.64,0.64,0.59,0.615,0.6153,0.0,0.05,0.0,0.5,0.5531,2,Aprovado
Patricia Correia,Educação Física,7º Fundamental A,6,0.79,0.77,0.81,0.57,0.724,0.6153,-0.186,0.1926,0.0,0.5,0.7187,2,Aprovado
Patricia Correia,Geografia,7º Fundamental A,6,0.57,0.55,0.73,0.69,0.641,0.6153,0.162,0.1533,0.0,0.5,0.5832,2,Aprovado
Patricia Correia,História,7º Fundamental A,6,0.47,0.5,0.74,0.63,0.593,0.6153,0.216,0.2156,0.0,0.5,0.584,1,Recuperação
Patricia Correia,Inglês,7º Fundamental A,6,0.52,0.58,0.54,,0.5486,0.6153,0.02,0.0499,0.0,0.5,0.5415,1,Recuperação
Patricia Correia,Matemática,7º Fundamental A,6,0.52,0.54,0.48,0.58,0.533,0.6153,0.036,0.0721,0.0,0.5,0.5186,1,Recuperação
Patricia Correia,Português,7º Fundamental A,6,0.69,0.71,0.5,0.3,0.5305,0.6153,-0.414,0.332,0.0,0.5,0.5814,1,Recuperação
Paulo Borges,Arte,7º Fundamental A,6,0.87,0.82,0.76,0.84,0.821,0.7307,-0.045,0.0805,0.0,1.0,0.6514,2,Aprovado
Paulo Borges,Ciências,7º Fundamental A,6,0.81,0.65,0.76,,0.735,0.7307,-0.05,0.1337,0.0,1.0,0.5531,2,Aprovado
Paulo Borges,Educação Física,7º Fundamental A,6,0.72,0.95,0.96,0.65,0.8165,0.7307,-0.06,0.2746,0.0,1.0,0.7187,2,Aprovado
Paulo Borges,Geografia,7º Fundamental A,6,0.89,0.83,0.66,,0.7864,0.7307,-0.23,0.1948,0.0,1.0,0.5832,2,Aprovado
Paulo Borges,História,7º Fundamental A,6,0.83,0.67,0.66,,0.7121,0.7307,-0.17,0.1558,0.0,1.0,0.584,2,Aprovado
Paulo Borges,Inglês,7º Fundamental A,6,0.67,0.65,0.77,,0.6986,0.7307,0.1,0.105,0.0,1.0,0.5415,2,Aprovado
Paulo Borges,Matemática,7º Fundamental A,6,0.67,0.58,0.66,,0.6343,0.7307,-0.01,0.0806,0.0,1.0,0.5186,2,Aprovado
Paulo Borges,Português,7º Fundamental A,6,0.74,0.64,0.65,0.57,0.6415,0.7307,-0.15,0.1208,0.0,1.0,0.5814,2,Aprovado
Paulo Pinto,Arte,7º Fundamental A,6,0.91,0.7,0.75,0.77,0.7755,0.6963,-0.111,0.1558,0.0,0.875,0.6514,2,Aprovado
Paulo Pinto,Ciências,7º Fundamental A,6,0.65,0.7,0.52,,0.6214,0.6963,-0.13,0.1517,0.0,0.875,0.5531,2,Aprovado
Paulo Pinto,Educação Física,7º Fundamental A,6,0.94,0.81,0.72,0.93,0.8495,0.6963,-0.036,0.1817,0.0,0.875,0.7187,2,Aprovado
Paulo Pinto,Geografia,7º Fundamental A,6,0.68,0.51,0.75,,0.6443,0.6963,0.07,0.2015,0.0,0.875,0.5832,2,Aprovado
Paulo Pinto,História,7º Fundamental A,6,0.65,0.78,0.65,,0.6964,0.6963,0.0,0.1226,0.0,0.875,0.584,2,Aprovado
Paulo Pinto,Inglês,7º Fundamental A,6,0.76,0.73,0.65,,0.71,0.6963,-0.11,0.0929,0.0,0.875,0.5415,2,Aprovado
Paulo Pinto,Matemática,7º Fundamental A,6,0.55,0.65,0.58,,0.5964,0.6963,0.03,0.0838,0.0,0.875,0.5186,1,Recuperação
Paulo Pinto,Português,7º Fundamental A,6,0.69,0.63,0.77,0.63,0.677,0.6963,-0.012,0.1149,0.0,0.875,0.5814,2,Aprovado
Paulo Ribeiro,Arte,7º Fundamental A,6,0.3,0.39,0.54,0.42,0.4185,0.4239,0.153,0.1717,0.0,0.0,0.6514,0,Reprovado
Paulo Ribeiro,Ciências,7º Fundamental A,6,0.45,0.38,0.45,0.45,0.4325,0.4239,0.021,0.0606,0.0,0.0,0.5531,0,Reprovado
Paulo Ribeiro,Educação Física,7º Fundamental A,6,0.63,0.59,0.53,0.63,0.595,0.4239,-0.018,0.0819,0.0,0.0,0.7187,1,Recuperação
Paulo Ribeiro,Geografia,7º Fundamental A,6,0.35,0.34,0.5,0.4,0.4,0.4239,0.093,0.1268,0.0,0.0,0.5832,0,Reprovado
Paulo Ribeiro,História,7º Fundamental A,6,0.38,0.56,0.45,0.37,0.4395,0.4239,-0.042,0.1517,0.0,0.0,0.584,0,Reprovado
Paulo Ribeiro,Inglês,7º Fundamental A,6,0.5,0.29,0.25,,0.3357,0.4239,-0.25,0.2193,0.0,0.0,0.5415,0,Reprovado
Paulo Ribeiro,Matemática,7º Fundamental A,6,0.35,0.37,0.44,,0.3893,0.4239,0.09,0.0772,0.0,0.0,0.5186,0,Reprovado
Paulo Ribeiro,Português,7º Fundamental A,6,0.33,0.33,0.33,0.5,0.381,0.4239,0.153,0.1472,0.0,0.0,0.5814,0,Reprovado
Paulo Santos,Arte,7º Fundamental A,6,0.59,0.67,0.62,0.7,0.6505,0.5939,0.084,0.0854,0.0,0.375,0.6514,2,Aprovado
Paulo Santos,Ciências,7º Fundamental A,6,0.59,0.69,0.56,0.51,0.5835,0.5939,-0.111,0.1314,0.0,0.375,0.5531,1,Recuperação
Paulo Santos,Educação Física,7º Fundamental A,6,0.77,0.75,0.83,,0.7843,0.5939,0.06,0.068,0.0,0.375,0.7187,2,Aprovado
Paulo Santos,Geografia,7º Fundamental A,6,0.58,0.62,0.38,0.7,0.576,0.5939,0.036,0.2358,0.0,0.375,0.5832,1,Recuperação
Paulo Santos,História,7º Fundamental A,6,0.61,0.55,0.36,0.65,0.5445,0.5939,-0.021,0.2224,0.0,0.375,0.584,1,Recuperação
Paulo Santos,Inglês,7º Fundamental A,6,0.53,0.49,0.56,0.46,0.5065,0.5939,-0.042,0.0762,0.0,0.375,0.5415,1,Recuperação
Paulo Santos,Matemática,7º Fundamental A,6,0.65,0.47,0.52,0.41,0.5005,0.5939,-0.201,0.1768,0.0,0.375,0.5186,1,Recuperação
Paulo Santos,Português,7º Fundamental A,6,0.66,0.57,0.58,0.62,0.6055,0.5939,-0.033,0.0712,0.0,0.375,0.5814,2,Aprovado
Rafael Pinto,Arte,7º Fundamental A,6,0.46,0.6,0.35,0.33,0.4285,0.4127,-0.192,0.2147,0.0,0.0,0.6514,0,Reprovado
Rafael Pinto,Ciências,7º Fundamental A,6,0.3,0.36,0.34,0.37,0.346,0.4127,0.057,0.0536,0.0,0.0,0.5531,0,Reprovado
Rafael Pinto,Educação Física,7º Fundamental A,6,0.61,0.44,0.61,,0.5493,0.4127,0.0,0.1603,0.0,0.0,0.7187,1,Recuperação
Rafael Pinto,Geografia,7º Fundamental A,6,0.33,0.38,0.52,0.47,0.432,0.4127,0.168,0.1487,0.0,0.0,0.5832,0,Reprovado
Rafael Pinto,História,7º Fundamental A,6,0.41,0.46,0.3,,0.3886,0.4127,-0.11,0.1337,0.0,0.0,0.584,0,Reprovado
Rafael Pinto,Inglês,7º Fundamental A,6,0.42,0.25,0.48,0.37,0.3775,0.4127,0.024,0.1691,0.0,0.0,0.5415,0,Reprovado
Rafael Pinto,Matemática,7º Fundamental A,6,0.43,0.4,0.49,0.27,0.3895,0.4127,-0.117,0.1609,0.0,0.0,0.5186,0,Reprovado
Rafael Pinto,Português,7º Fundamental A,6,0.46,0.43,0.39,0.31,0.39,0.4127,-0.147,0.1126,0.0,0.0,0.5814,0,Reprovado
Rafael Teixeira,Arte,7º Fundamental A,6,0.87,1.0,0.74,,0.87,0.7729,-0.13,0.2123,0.0,1.0,0.6514,2,Aprovado
Rafael Teixeira,Ciências,7º Fundamental A,6,0.78,0.63,0.76,,0.7193,0.7729,-0.02,0.133,0.0,1.0,0.5531,2,Aprovado
Rafael Teixeira,Educação Física,7º Fundamental A,6,0.96,0.99,0.96,,0.9707,0.7729,0.0,0.0283,0.0,1.0,0.7187,2,Aprovado
Rafael Teixeira,Geografia,7º Fundamental A,6,0.81,0.8,0.8,0.78,0.796,0.7729,-0.027,0.0218,0.0,1.0,0.5832,2,Aprovado
Rafael Teixeira,História,7º Fundamental A,6,0.84,0.69,0.7,,0.7364,0.7729,-0.14,0.137,0.0,1.0,0.584,2,Aprovado
Rafael Teixeira,Inglês,7º Fundamental A,6,0.76,0.54,0.71,,0.6636,0.7729,-0.05,0.1883,0.0,1.0,0.5415,2,Aprovado
Rafael Teixeira,Matemática,7º Fundamental A,6,0.6,0.49,0.85,,0.65,0.7729,0.25,0.3013,0.0,1.0,0.5186,2,Aprovado
Rafael Teixeira,Português,7º Fundamental A,6,0.72,0.82,0.74,0.81,0.777,0.7729,0.057,0.0865,0.0,1.0,0.5814,2,Aprovado
Ricardo Pinto,Arte,7º Fundamental A,6,0.56,0.51,0.74,0.77,0.6555,0.6319,0.258,0.2238,0.0,0.625,0.6514,2,Aprovado
Ricardo Pinto,Ciências,7º Fundamental A,6,0.56,0.57,0.56,0.68,0.5985,0.6319,0.105,0.1014,0.0,0.625,0.5531,1,Recuperação
Ricardo Pinto,Educação Física,7º Fundamental A,6,0.76,0.76,0.83,0.7,0.7595,0.6319,-0.033,0.0921,0.0,0.625,0.7187,2,Aprovado
Ricardo Pinto,Geografia,7º Fundamental A,6,0.58,0.65,0.73,,0.6586,0.6319,0.15,0.1226,0.0,0.625,0.5832,2,Aprovado
Ricardo Pinto,História,7º Fundamental A,6,0.6,0.63,0.71,0.6,0.635,0.6319,0.024,0.09,0.0,0.625,0.584,2,Aprovado
Ricardo Pinto,Inglês,7º Fundamental A,6,0.5,0.44,0.69,0.57,0.5535,0.6319,0.138,0.186,0.0,0.625,0.5415,1,Recuperação
Ricardo Pinto,Matemática,7º Fundamental A,6,0.52,0.5,0.57,0.59,0.5485,0.6319,0.084,0.0728,0.0,0.625,0.5186,1,Recuperação
Ricardo Pinto,Português,7º Fundamental A,6,0.67,0.62,0.72,0.59,0.646,0.6319,-0.042,0.099,0.0,0.625,0.5814,2,Aprovado
Rodrigo Cunha,Arte,7º Fundamental A,6,0.76,0.85,0.67,0.84,0.784,0.7181,0.018,0.1449,0.0,1.0,0.6514,2,Aprovado
Rodrigo Cunha,Ciências,7º Fundamental A,6,0.79,0.6,0.69,,0.6864,0.7181,-0.1,0.1552,0.0,1.0,0.5531,2,Aprovado
Rodrigo Cunha,Educação Física,7º Fundamental A,6,0.73,0.88,0.91,0.73,0.8125,0.7181,0.009,0.1664,0.0,1.0,0.7187,2,Aprovado
Rodrigo Cunha,Geografia,7º Fundamental A,6,0.67,0.65,0.78,0.69,0.6985,0.7181,0.057,0.0994,0.0,1.0,0.5832,2,Aprovado
Rodrigo Cunha,História,7º Fundamental A,6,0.73,0.59,0.76,,0.6907,0.7181,0.03,0.1482,0.0,1.0,0.584,2,Aprovado
Rodrigo Cunha,Inglês,7º Fundamental A,6,0.41,0.61,0.67,0.84,0.654,0.7181,0.405,0.3074,0.0,1.0,0.5415,2,Aprovado
Rodrigo Cunha,Matemática,7º Fundamental A,6,0.7,0.59,0.61,0.79,0.677,0.7181,0.087,0.159,0.0,1.0,0.5186,2,Aprovado
Rodrigo Cunha,Português,7º Fundamental A,6,0.67,0.72,0.82,,0.7414,0.7181,0.15,0.1247,0.0,1.0,0.5814,2,Aprovado
Vitória Andrade,Arte,7º Fundamental A,6,0.79,0.55,0.68,0.72,0.6815,0.6129,-0.024,0.1746,0.0,0.625,0.6514,2,Aprovado
Vitória Andrade,Ciências,7º Fundamental A,6,0.55,0.58,0.46,,0.5286,0.6129,-0.09,0.102,0.0,0.625,0.5531,1,Recuperação
Vitória Andrade,Educação Física,7º Fundamental A,6,0.69,0.61,0.7,0.7,0.6755,0.6129,0.036,0.0755,0.0,0.625,0.7187,2,Aprovado
Vitória Andrade,Geografia,7º Fundamental A,6,0.62,0.69,0.52,0.61,0.6095,0.6129,-0.06,0.1208,0.0,0.625,0.5832,2,Aprovado
Vitória Andrade,História,7º Fundamental A,6,0.7,0.66,0.51,0.66,0.6305,0.6129,-0.081,0.1452,0.0,0.625,0.584,2,Aprovado
Vitória Andrade,Inglês,7º Fundamental A,6,0.43,0.6,0.59,,0.5479,0.6129,0.16,0.1558,0.0,0.625,0.5415,1,Recuperação
Vitória Andrade,Matemática,7º Fundamental A,6,0.56,0.45,0.62,0.67,0.5805,0.6129,0.15,0.164,0.0,0.625,0.5186,1,Recuperação
Vitória Andrade,Português,7º Fundamental A,6,0.59,0.6,0.6,0.77,0.649,0.6129,0.162,0.1503,0.0,0.625,0.5814,2,Aprovado
Arthur Nunes,Arte,7º Fundamental B,6,0.73,0.9,0.79,0.98,0.8625,0.7362,0.192,0.1934,0.0,0.875,0.6619,2,Aprovado
Arthur Nunes,Ciências,7º Fundamental B,6,0.89,0.79,0.57,0.78,0.752,0.7362,-0.165,0.233,0.0,0.875,0.5813,2,Aprovado
Arthur Nunes,Educação Física,7º Fundamental B,6,0.78,0.92,0.93,0.83,0.8675,0.7362,0.048,0.1253,0.0,0.875,0.7176,2,Aprovado
Arthur Nunes,Geografia,7º Fundamental B,6,0.78,0.69,0.69,0.78,0.735,0.7362,0.0,0.09,0.0,0.875,0.5985,2,Aprovado
Arthur Nunes,História,7º Fundamental B,6,0.72,0.65,0.62,0.83,0.7105,0.7362,0.09,0.1616,0.0,0.875,0.5854,2,Aprovado
Arthur Nunes,Inglês,7º Fundamental B,6,0.81,0.63,0.78,0.66,0.7125,0.7362,-0.09,0.153,0.0,0.875,0.5603,2,Aprovado
Arthur Nunes,Matemática,7º Fundamental B,6,0.62,0.57,0.65,0.55,0.594,0.7362,-0.039,0.0792,0.0,0.875,0.5141,1,Recuperação
Arthur Nunes,Português,7º Fundamental B,6,0.75,0.62,0.61,0.66,0.6555,0.7362,-0.084,0.1105,0.0,0.875,0.5981,2,Aprovado
Beatriz Cardoso,Arte,7º Fundamental B,6,0.24,0.47,0.54,0.32,0.3965,0.3566,0.093,0.2372,0.0,0.0,0.6619,0,Reprovado
Beatriz Cardoso,Ciências,7º Fundamental B,6,0.24,0.51,0.48,0.49,0.4425,0.3566,0.216,0.2205,0.0,0.0,0.5813,0,Reprovado
Beatriz Cardoso,Educação Física,7º Fundamental B,6,0.46,0.51,0.44,,0.4707,0.3566,-0.02,0.0589,0.0,0.0,0.7176,0,Reprovado
Beatriz Cardoso,Geografia,7º Fundamental B,6,0.34,0.43,0.4,0.28,0.3595,0.3566,-0.063,0.1152,0.0,0.0,0.5985,0,Reprovado
Beatriz Cardoso,História,7º Fundamental B,6,0.22,0.36,0.37,0.3,0.3165,0.3566,0.075,0.1195,0.0,0.0,0.5854,0,Reprovado
Beatriz Cardoso,Inglês,7º Fundamental B,6,0.45,0.18,0.24,,0.2786,0.3566,-0.21,0.2315,0.0,0.0,0.5603,0,Reprovado
Beatriz Cardoso,Matemática,7º Fundamental B,6,0.3,0.26,0.34,0.09,0.237,0.3566,-0.165,0.1905,0.0,0.0,0.5141,0,Reprovado
Beatriz Cardoso,Português,7º Fundamental B,6,0.49,0.32,0.25,0.37,0.3515,0.3566,-0.129,0.1751,0.0,0.0,0.5981,0,Reprovado
Beatriz Ferreira,Arte,7º Fundamental B,6,0.6,0.6,0.65,0.66,0.6305,0.5397,0.069,0.0555,0.0,0.25,0.6619,2,Aprovado
Beatriz Ferreira,Ciências,7º Fundamental B,6,0.39,0.51,0.55,,0.49,0.5397,0.16,0.136,0.0,0.25,0.5813,0,Reprovado
Beatriz Ferreira,Educação Física,7º Fundamental B,6,0.72,0.65,0.53,,0.6271,0.5397,-0.19,0.1569,0.0,0.25,0.7176,2,Aprovado
Beatriz Ferreira,Geografia,7º Fundamental B,6,0.54,0.55,0.43,0.69,0.56,0.5397,0.099,0.1846,0.0,0.25,0.5985,1,Recuperação
Beatriz Ferreira,História,7º Fundamental B,6,0.42,0.55,0.48,0.46,0.4795,0.5397,0.015,0.0942,0.0,0.25,0.5854,0,Reprovado
Beatriz Ferreira,Inglês,7º Fundamental B,6,0.5,0.58,0.58,0.51,0.543,0.5397,0.009,0.0753,0.0,0.25,0.5603,1,Recuperação
Beatriz Ferreira,Matemática,7º Fundamental B,6,0.55,0.46,0.34,,0.4429,0.5397,-0.21,0.172,0.0,0.25,0.5141,0,Reprovado
Beatriz Ferreira,Português,7º Fundamental B,6,0.58,0.57,0.49,,0.5443,0.5397,-0.09,0.0806,0.0,0.25,0.5981,1,Recuperação
Beatriz Freitas,Arte,7º Fundamental B,6,0.71,0.39,0.6,0.61,0.5725,0.5603,-0.027,0.233,0.0,0.25,0.6619,1,Recuperação
Beatriz Freitas,Ciências,7º Fundamental B,6,0.67,0.6,0.54,0.54,0.581,0.5603,-0.135,0.1071,0.0,0.25,0.5813,1,Recuperação
Beatriz Freitas,Educação Física,7º Fundamental B,6,0.71,0.5,0.61,0.74,0.6415,0.5603,0.06,0.1881,0.0,0.25,0.7176,2,Aprovado
Beatriz Freitas,Geografia,7º Fundamental B,6,0.51,0.6,0.47,0.32,0.4655,0.5603,-0.21,0.2022,0.0,0.25,0.5985,0,Reprovado
Beatriz Freitas,História,7º Fundamental B,6,0.58,0.62,0.47,,0.555,0.5603,-0.11,0.1268,0.0,0.25,0.5854,1,Recuperação
Beatriz Freitas,Inglês,7º Fundamental B,6,0.43,0.49,0.51,0.73,0.555,0.5603,0.276,0.2272,0.0,0.25,0.5603,1,Recuperação
Beatriz Freitas,Matemática,7º Fundamental B,6,0.45,0.48,0.38,0.61,0.488,0.5603,0.114,0.1667,0.0,0.25,0.5141,0,Reprovado
Beatriz Freitas,Português,7º Fundamental B,6,0.67,0.63,0.55,0.65,0.624,0.5603,-0.042,0.0911,0.0,0.25,0.5981,2,Aprovado
Bruna Campos,Arte,7º Fundamental B,6,1.0,1.0,1.0,,1.0,0.9377,0.0,0.0,0.0,1.0,0.6619,2,Aprovado
Bruna Campos,Ciências,7º Fundamental B,6,0.85,0.96,1.0,0.86,0.918,0.9377,0.021,0.1284,0.0,1.0,0.5813,2,Aprovado
Bruna Campos,Educação Física,7º Fundamental B,6,1.0,1.0,0.98,0.92,0.971,0.9377,-0.078,0.0656,0.0,1.0,0.7176,2,Aprovado
Bruna Campos,Geografia,7º Fundamental B,6,0.98,0.97,1.0,1.0,0.9885,0.9377,0.027,0.026,0.0,1.0,0.5985,2,Aprovado
Bruna Campos,História,7º Fundamental B,6,0.95,0.9,0.85,,0.8964,0.9377,-0.1,0.0816,0.0,1.0,0.5854,2,Aprovado
Bruna Campos,Inglês,7º Fundamental B,6,0.99,0.96,0.83,0.93,0.9245,0.9377,-0.093,0.1203,0.0,1.0,0.5603,2,Aprovado
Bruna Campos,Matemática,7º Fundamental B,6,0.91,0.92,0.99,0.69,0.8665,0.9377,-0.177,0.2251,0.0,1.0,0.5141,2,Aprovado
Bruna Campos,Português,7º Fundamental B,6,0.89,0.91,1.0,,0.9364,0.9377,0.11,0.0957,0.0,1.0,0.5981,2,Aprovado
Bruno Carvalho,Arte,7º Fundamental B,6,1.0,0.85,0.82,0.8,0.8575,0.7483,-0.189,0.1571,0.0,1.0,0.6619,2,Aprovado
Bruno Carvalho,Ciências,7º Fundamental B,6,0.81,0.66,0.75,,0.735,0.7483,-0.06,0.1233,0.0,1.0,0.5813,2,Aprovado
Bruno Carvalho,Educação Física,7º Fundamental B,6,0.87,0.78,0.93,0.89,0.8685,0.7483,0.063,0.1099,0.0,1.0,0.7176,2,Aprovado
Bruno Carvalho,Geografia,7º Fundamental B,6,0.64,0.75,0.59,,0.6614,0.7483,-0.05,0.1337,0.0,1.0,0.5985,2,Aprovado
Bruno Carvalho,História,7º Fundamental B,6,0.61,0.75,0.81,0.74,0.734,0.7483,0.135,0.1459,0.0,1.0,0.5854,2,Aprovado
Bruno Carvalho,Inglês,7º Fundamental B,6,0.64,0.7,0.69,,0.6793,0.7483,0.05,0.0525,0.0,1.0,0.5603,2,Aprovado
Bruno Carvalho,Matemática,7º Fundamental B,6,0.79,0.58,0.61,0.7,0.6655,0.7483,-0.072,0.1643,0.0,1.0,0.5141,2,Aprovado
Bruno Carvalho,Português,7º Fundamental B,6,0.77,0.74,0.8,0.82,0.785,0.7483,0.063,0.0606,0.0,1.0,0.5981,2,Aprovado
Camila Castro,Arte,7º Fundamental B,6,0.69,0.69,0.77,0.7,0.713,0.6588,0.033,0.0669,0.0,0.75,0.6619,2,Aprovado
Camila Castro,Ciências,7º Fundamental B,6,0.73,0.7,0.51,0.67,0.6495,0.6588,-0.111,0.1699,0.0,0.75,0.5813,2,Aprovado
Camila Castro,Educação Física,7º Fundamental B,6,0.95,0.8,0.7,0.82,0.811,0.6588,-0.147,0.178,0.0,0.75,0.7176,2,Aprovado
Camila Castro,Geografia,7º Fundamental B,6,0.75,0.64,0.67,,0.6821,0.6588,-0.08,0.0929,0.0,0.75,0.5985,2,Aprovado
Camila Castro,História,7º Fundamental B,6,0.73,0.66,0.58,0.66,0.654,0.6588,-0.087,0.1062,0.0,0.75,0.5854,2,Aprovado
Camila Castro,Inglês,7º Fundamental B,6,0.51,0.45,0.53,0.72,0.563,0.6588,0.213,0.2022,0.0,0.75,0.5603,1,Recuperação
Camila Castro,Matemática,7º Fundamental B,6,0.59,0.61,0.62,0.43,0.5545,0.6588,-0.141,0.1545,0.0,0.75,0.5141,1,Recuperação
Camila Castro,Português,7º Fundamental B,6,0.55,0.7,0.66,,0.6429,0.6588,0.11,0.1268,0.0,0.75,0.5981,2,Aprovado
Camila Souza,Arte,7º Fundamental B,6,1.0,0.85,0.85,1.0,0.925,0.8735,0.0,0.15,0.0,1.0,0.6619,2,Aprovado
Camila Souza,Ciências,7º Fundamental B,6,0.87,1.0,0.83,0.92,0.9075,0.8735,-0.006,0.1269,0.0,1.0,0.5813,2,Aprovado
Camila Souza,Educação Física,7º Fundamental B,6,1.0,0.99,0.88,1.0,0.9675,0.8735,-0.033,0.1014,0.0,1.0,0.7176,2,Aprovado
Camila Souza,Geografia,7º Fundamental B,6,0.81,0.96,0.9,0.89,0.894,0.8735,0.054,0.1068,0.0,1.0,0.5985,2,Aprovado
Camila Souza,História,7º Fundamental B,6,0.81,0.82,0.85,,0.8279,0.8735,0.04,0.034,0.0,1.0,0.5854,2,Aprovado
Camila Souza,Inglês,7º Fundamental B,6,0.97,0.87,0.84,0.76,0.8495,0.8735,-0.198,0.1503,0.0,1.0,0.5603,2,Aprovado
Camila Souza,Matemática,7º Fundamental B,6,0.92,0.69,0.71,0.75,0.759,0.8735,-0.147,0.1813,0.0,1.0,0.5141,2,Aprovado
Camila Souza,Português,7º Fundamental B,6,0.81,0.79,0.95,0.87,0.858,0.8735,0.102,0.1245,0.0,1.0,0.5981,2,Aprovado
Carla Freitas,Arte,7º Fundamental B,6,0.58,0.61,0.61,0.47,0.562,0.4739,-0.099,0.1152,0.0,0.0,0.6619,1,Recuperação
Carla Freitas,Ciências,7º Fundamental B,6,0.4,0.24,0.32,,0.3143,0.4739,-0.08,0.1306,0.0,0.0,0.5813,0,Reprovado
Carla Freitas,Educação Física,7º Fundamental B,6,0.53,0.52,0.72,,0.5943,0.4739,0.19,0.184,0.0,0.0,0.7176,1,Recuperação
Carla Freitas,Geografia,7º Fundamental B,6,0.62,0.53,0.48,0.42,0.5025,0.4739,-0.195,0.1465,0.0,0.0,0.5985,1,Recuperação
Carla Freitas,História,7º Fundamental B,6,0.43,0.47,0.39,0.5,0.451,0.4739,0.039,0.0829,0.0,0.0,0.5854,0,Reprovado
Carla Freitas,Inglês,7º Fundamental B,6,0.57,0.51,0.44,0.35,0.4565,0.4739,-0.219,0.1639,0.0,0.0,0.5603,0,Reprovado
Carla Freitas,Matemática,7º Fundamental B,6,0.43,0.47,0.49,0.42,0.452,0.4739,-0.003,0.0572,0.0,0.0,0.5141,0,Reprovado
Carla Freitas,Português,7º Fundamental B,6,0.53,0.41,0.45,,0.4586,0.4739,-0.08,0.0998,0.0,0.0,0.5981,0,Reprovado
Carlos Costa,Arte,7º Fundamental B,6,0.35,0.16,0.33,,0.275,0.247,-0.02,0.1705,0.0,0.0,0.6619,0,Reprovado
Carlos Costa,Ciências,7º Fundamental B,6,0.29,0.18,0.29,,0.2507,0.247,0.0,0.1037,0.0,0.0,0.5813,0,Reprovado
Carlos Costa,Educação Física,7º Fundamental B,6,0.63,0.3,0.46,0.32,0.412,0.247,-0.231,0.2643,0.0,0.0,0.7176,0,Reprovado
Carlos Costa,Geografia,7º Fundamental B,6,0.29,0.26,0.23,0.21,0.2435,0.247,-0.081,0.0606,0.0,0.0,0.5985,0,Reprovado
Carlos Costa,História,7º Fundamental B,6,0.35,0.13,0.24,0.3,0.2525,0.247,-0.012,0.164,0.0,0.0,0.5854,0,Reprovado
Carlos Costa,Inglês,7º Fundamental B,6,0.21,0.28,0.15,,0.2136,0.247,-0.06,0.1062,0.0,0.0,0.5603,0,Reprovado
Carlos Costa,Matemática,7º Fundamental B,6,0.11,0.0,0.13,0.13,0.0935,0.247,0.057,0.1081,0.0,0.0,0.5141,0,Reprovado
Carlos Costa,Português,7º Fundamental B,6,0.19,0.32,0.18,0.24,0.235,0.247,0.003,0.1108,0.0,0.0,0.5981,0,Reprovado
Daniel Teixeira,Arte,7º Fundamental B,6,0.33,0.38,0.34,0.47,0.387,0.2848,0.114,0.1105,0.0,0.0,0.6619,0,Reprovado
Daniel Teixeira,Ciências,7º Fundamental B,6,0.33,0.25,0.16,0.2,0.2285,0.2848,-0.144,0.1269,0.0,0.0,0.5813,0,Reprovado
Daniel Teixeira,Educação Física,7º Fundamental B,6,0.37,0.49,0.5,0.52,0.4775,0.2848,0.138,0.1175,0.0,0.0,0.7176,0,Reprovado
Daniel Teixeira,Geografia,7º Fundamental B,6,0.43,0.34,0.21,0.24,0.2955,0.2848,-0.21,0.1735,0.0,0.0,0.5985,0,Reprovado
Daniel Teixeira,História,7º Fundamental B,6,0.13,0.22,0.26,0.14,0.188,0.2848,0.021,0.109,0.0,0.0,0.5854,0,Reprovado
Daniel Teixeira,Inglês,7º Fundamental B,6,0.22,0.28,0.25,0.1,0.2065,0.2848,-0.117,0.1367,0.0,0.0,0.5603,0,Reprovado
Daniel Teixeira,Matemática,7º Fundamental B,6,0.18,0.41,0.13,0.17,0.222,0.2848,-0.093,0.2197,0.0,0.0,0.5141,0,Reprovado
Daniel Teixeira,Português,7º Fundamental B,6,0.23,0.36,0.32,0.19,0.273,0.2848,-0.048,0.136,0.0,0.0,0.5981,0,Reprovado
Diana Almeida,Arte,7º Fundamental B,6,0.65,0.56,0.53,0.71,0.6155,0.6324,0.045,0.1431,0.0,0.75,0.6619,2,Aprovado
Diana Almeida,Ciências,7º Fundamental B,6,0.63,0.62,0.52,,0.5871,0.6324,-0.11,0.0993,0.0,0.75,0.5813,1,Recuperação
Diana Almeida,Educação Física,7º Fundamental B,6,0.72,0.54,0.84,0.9,0.759,0.6324,0.252,0.275,0.0,0.75,0.7176,2,Aprovado
Diana Almeida,Geografia,7º Fundamental B,6,0.57,0.67,0.59,,0.6129,0.6324,0.02,0.0864,0.0,0.75,0.5985,2,Aprovado
Diana Almeida,História,7º Fundamental B,6,0.44,0.68,0.69,0.69,0.6375,0.6324,0.228,0.2138,0.0,0.75,0.5854,2,Aprovado
Diana Almeida,Inglês,7º Fundamental B,6,0.65,0.65,0.67,0.58,0.634,0.6324,-0.057,0.0684,0.0,0.75,0.5603,2,Aprovado
Diana Almeida,Matemática,7º Fundamental B,6,0.56,0.68,0.41,0.56,0.5525,0.6324,-0.081,0.1915,0.0,0.75,0.5141,1,Recuperação
Diana Almeida,Português,7º Fundamental B,6,0.65,0.65,0.68,,0.6607,0.6324,0.03,0.0283,0.0,0.75,0.5981,2,Aprovado
Diana Nascimento,Arte,7º Fundamental B,6,0.96,0.8,0.98,1.0,0.937,0.8317,0.09,0.1584,0.0,1.0,0.6619,2,Aprovado
Diana Nascimento,Ciências,7º Fundamental B,6,0.81,0.79,0.7,,0.7636,0.8317,-0.11,0.0957,0.0,1.0,0.5813,2,Aprovado
Diana Nascimento,Educação Física,7º Fundamental B,6,1.0,0.87,0.82,0.95,0.9075,0.8317,-0.06,0.1393,0.0,1.0,0.7176,2,Aprovado
Diana Nascimento,Geografia,7º Fundamental B,6,0.96,0.86,0.73,0.75,0.8145,0.8317,-0.228,0.1847,0.0,1.0,0.5985,2,Aprovado
Diana Nascimento,História,7º Fundamental B,6,0.71,0.8,0.64,,0.7171,0.8317,-0.07,0.131,0.0,1.0,0.5854,2,Aprovado
Diana Nascimento,Inglês,7º Fundamental B,6,0.85,0.76,0.78,0.9,0.825,0.8317,0.051,0.1117,0.0,1.0,0.5603,2,Aprovado
Diana Nascimento,Matemática,7º Fundamental B,6,0.8,0.66,0.99,0.71,0.7855,0.8317,0.018,0.2518,0.0,1.0,0.5141,2,Aprovado
Diana Nascimento,Português,7º Fundamental B,6,1.0,0.96,0.94,0.76,0.903,0.8317,-0.222,0.1841,0.0,1.0,0.5981,2,Aprovado
Felipe Ribeiro,Arte,7º Fundamental B,6,0.68,0.6,0.72,,0.6657,0.6437,0.04,0.0998,0.0,0.625,0.6619,2,Aprovado
Felipe Ribeiro,Ciências,7º Fundamental B,6,0.5,0.61,0.57,0.58,0.569,0.6437,0.06,0.0806,0.0,0.625,0.5813,1,Recuperação
Felipe Ribeiro,Educação Física,7º Fundamental B,6,0.81,0.78,0.76,,0.7814,0.6437,-0.05,0.0411,0.0,0.625,0.7176,2,Aprovado
Felipe Ribeiro,Geografia,7º Fundamental B,6,0.64,0.77,0.53,0.68,0.657,0.6437,-0.036,0.1723,0.0,0.625,0.5985,2,Aprovado
Felipe Ribeiro,História,7º Fundamental B,6,0.79,0.67,0.71,0.65,0.698,0.6437,-0.114,0.1072,0.0,0.625,0.5854,2,Aprovado
Felipe Ribeiro,Inglês,7º Fundamental B,6,0.58,0.49,0.48,,0.5121,0.6437,-0.1,0.0899,0.0,0.625,0.5603,1,Recuperação
Felipe Ribeiro,Matemática,7º Fundamental B,6,0.55,0.58,0.52,0.58,0.559,0.6437,0.009,0.0497,0.0,0.625,0.5141,1,Recuperação
Felipe Ribeiro,Português,7º Fundamental B,6,0.65,0.72,0.7,0.74,0.707,0.6437,0.075,0.0669,0.0,0.625,0.5981,2,Aprovado
Fernanda Araújo,Arte,7º Fundamental B,6,0.5,0.56,0.33,0.48,0.4665,0.3715,-0.087,0.1693,0.0,0.0,0.6619,0,Reprovado
Fernanda Araújo,Ciências,7º Fundamental B,6,0.2,0.43,0.34,,0.3321,0.3715,0.14,0.1893,0.0,0.0,0.5813,0,Reprovado
Fernanda Araújo,Educação Física,7º Fundamental B,6,0.37,0.58,0.64,,0.5414,0.3715,0.27,0.2315,0.0,0.0,0.7176,1,Recuperação
Fernanda Araújo,Geografia,7º Fundamental B,6,0.42,0.41,0.37,0.25,0.354,0.3715,-0.165,0.1352,0.0,0.0,0.5985,0,Reprovado
Fernanda Araújo,História,7º Fundamental B,6,0.3,0.34,0.31,0.19,0.2795,0.3715,-0.108,0.1136,0.0,0.0,0.5854,0,Reprovado
Fernanda Araújo,Inglês,7º Fundamental B,6,0.29,0.32,0.35,,0.3221,0.3715,0.06,0.049,0.0,0.0,0.5603,0,Reprovado
Fernanda Araújo,Matemática,7º Fundamental B,6,0.34,0.28,0.26,0.33,0.302,0.3715,-0.015,0.0669,0.0,0.0,0.5141,0,Reprovado
Fernanda Araújo,Português,7º Fundamental B,6,0.37,0.4,0.38,0.35,0.374,0.3715,-0.024,0.0361,0.0,0.0,0.5981,0,Reprovado
Fernanda Cunha,Arte,7º Fundamental B,6,0.35,0.4,0.41,,0.3893,0.2735,0.06,0.0525,0.0,0.0,0.6619,0,Reprovado
Fernanda Cunha,Ciências,7º Fundamental B,6,0.24,0.23,0.13,0.24,0.21,0.2735,-0.03,0.0927,0.0,0.0,0.5813,0,Reprovado
Fernanda Cunha,Educação Física,7º Fundamental B,6,0.49,0.26,0.39,0.2,0.3205,0.2735,-0.222,0.2256,0.0,0.0,0.7176,0,Reprovado
Fernanda Cunha,Geografia,7º Fundamental B,6,0.32,0.35,0.3,0.12,0.2625,0.2735,-0.195,0.1797,0.0,0.0,0.5985,0,Reprovado
Fernanda Cunha,História,7º Fundamental B,6,0.41,0.4,0.21,0.27,0.3155,0.2735,-0.183,0.1705,0.0,0.0,0.5854,0,Reprovado
Fernanda Cunha,Inglês,7º Fundamental B,6,0.12,0.1,0.23,0.23,0.1755,0.2735,0.138,0.1208,0.0,0.0,0.5603,0,Reprovado
Fernanda Cunha,Matemática,7º Fundamental B,6,0.17,0.27,0.32,0.2,0.2415,0.2735,0.042,0.1175,0.0,0.0,0.5141,0,Reprovado
Fernanda Cunha,Português,7º Fundamental B,6,0.38,0.35,0.2,0.2,0.2735,0.2735,-0.207,0.1664,0.0,0.0,0.5981,0,Reprovado
Gabriel Marques,Arte,7º Fundamental B,6,0.72,0.71,0.77,0.68,0.718,0.6187,-0.018,0.0648,0.0,0.625,0.6619,2,Aprovado
Gabriel Marques,Ciências,7º Fundamental B,6,0.56,0.64,0.54,0.42,0.533,0.6187,-0.156,0.1575,0.0,0.625,0.5813,1,Recuperação
Gabriel Marques,Educação Física,7º Fundamental B,6,0.7,0.71,0.91,0.6,0.725,0.6187,-0.03,0.2249,0.0,0.625,0.7176,2,Aprovado
Gabriel Marques,Geografia,7º Fundamental B,6,0.53,0.65,0.71,,0.6371,0.6187,0.18,0.1497,0.0,0.625,0.5985,2,Aprovado
Gabriel Marques,História,7º Fundamental B,6,0.63,0.67,0.72,0.62,0.6595,0.6187,0.006,0.0787,0.0,0.625,0.5854,2,Aprovado
Gabriel Marques,Inglês,7º Fundamental B,6,0.64,0.56,0.57,0.34,0.5125,0.6187,-0.267,0.2251,0.0,0.625,0.5603,1,Recuperação
Gabriel Marques,Matemática,7º Fundamental B,6,0.36,0.5,0.57,0.55,0.5045,0.6187,0.192,0.164,0.0,0.625,0.5141,1,Recuperação
Gabriel Marques,Português,7º Fundamental B,6,0.68,0.65,0.57,0.73,0.66,0.6187,0.021,0.1161,0.0,0.625,0.5981,2,Aprovado
Giovanna Andrade,Arte,7º Fundamental B,6,0.49,0.48,0.42,0.49,0.47,0.4412,-0.018,0.0583,0.0,0.0,0.6619,0,Reprovado
Giovanna Andrade,Ciências,7º Fundamental B,6,0.47,0.42,0.54,0.57,0.505,0.4412,0.126,0.1175,0.0,0.0,0.5813,1,Recuperação
Giovanna Andrade,Educação Física,7º Fundamental B,6,0.49,0.52,0.7,,0.5757,0.4412,0.21,0.1855,0.0,0.0,0.7176,1,Recuperação
Giovanna Andrade,Geografia,7º Fundamental B,6,0.51,0.56,0.39,,0.485,0.4412,-0.12,0.1427,0.0,0.0,0.5985,0,Reprovado
Giovanna Andrade,História,7º Fundamental B,6,0.37,0.44,0.42,,0.4129,0.4412,0.05,0.0589,0.0,0.0,0.5854,0,Reprovado
Giovanna Andrade,Inglês,7º Fundamental B,6,0.38,0.36,0.37,0.28,0.3425,0.4412,-0.087,0.0792,0.0,0.0,0.5603,0,Reprovado
Giovanna Andrade,Matemática,7º Fundamental B,6,0.35,0.25,0.43,,0.3429,0.4412,0.08,0.1473,0.0,0.0,0.5141,0,Reprovado
Giovanna Andrade,Português,7º Fundamental B,6,0.38,0.35,0.46,0.39,0.3955,0.4412,0.042,0.0806,0.0,0.0,0.5981,0,Reprovado
Iris Tavares,Arte,7º Fundamental B,6,1.0,0.99,0.85,,0.9429,0.9387,-0.15,0.137,0.0,1.0,0.6619,2,Aprovado
Iris Tavares,Ciências,7º Fundamental B,6,0.97,1.0,0.92,0.96,0.962,0.9387,-0.033,0.0572,0.0,1.0,0.5813,2,Aprovado
Iris Tavares,Educação Física,7º Fundamental B,6,1.0,0.94,1.0,0.97,0.976,0.9387,-0.009,0.0497,0.0,1.0,0.7176,2,Aprovado
Iris Tavares,Geografia,7º Fundamental B,6,1.0,0.9,0.86,0.98,0.934,0.9387,-0.03,0.1145,0.0,1.0,0.5985,2,Aprovado
Iris Tavares,História,7º Fundamental B,6,1.0,0.93,0.99,1.0,0.98,0.9387,0.018,0.0583,0.0,1.0,0.5854,2,Aprovado
Iris Tavares,Inglês,7º Fundamental B,6,0.97,1.0,0.88,,0.9486,0.9387,-0.09,0.102,0.0,1.0,0.5603,2,Aprovado
Iris Tavares,Matemática,7º Fundamental B,6,0.9,0.78,0.85,0.84,0.8395,0.9387,-0.033,0.0853,0.0,1.0,0.5141,2,Aprovado
Iris Tavares,Português,7º Fundamental B,6,0.88,1.0,0.89,,0.9264,0.9387,0.01,0.1087,0.0,1.0,0.5981,2,Aprovado
Isabela Pereira,Arte,7º Fundamental B,6,0.84,0.91,0.83,0.56,0.771,0.7832,-0.276,0.267,0.0,1.0,0.6619,2,Aprovado
Isabela Pereira,Ciências,7º Fundamental B,6,0.81,0.69,0.76,0.77,0.7555,0.7832,-0.015,0.0865,0.0,1.0,0.5813,2,Aprovado
Isabela Pereira,Educação Física,7º Fundamental B,6,0.96,0.96,0.94,0.94,0.949,0.7832,-0.024,0.02,0.0,1.0,0.7176,2,Aprovado
Isabela Pereira,Geografia,7º Fundamental B,6,0.72,0.78,0.85,0.87,0.8125,0.7832,0.156,0.1187,0.0,1.0,0.5985,2,Aprovado
Isabela Pereira,História,7º Fundamental B,6,0.82,0.66,0.7,1.0,0.804,0.7832,0.174,0.2644,0.0,1.0,0.5854,2,Aprovado
Isabela Pereira,Inglês,7º Fundamental B,6,0.76,0.67,0.8,0.61,0.7025,0.7832,-0.096,0.149,0.0,1.0,0.5603,2,Aprovado
Isabela Pereira,Matemática,7º Fundamental B,6,0.56,0.74,0.59,0.72,0.6605,0.7832,0.099,0.1571,0.0,1.0,0.5141,2,Aprovado
Isabela Pereira,Português,7º Fundamental B,6,0.8,0.75,0.76,0.91,0.8105,0.7832,0.102,0.1269,0.0,1.0,0.5981,2,Aprovado
Jessica Castro,Arte,7º Fundamental B,6,0.61,0.62,0.43,0.64,0.5765,0.5301,-0.03,0.1688,0.0,0.125,0.6619,1,Recuperação
Jessica Castro,Ciências,7º Fundamental B,6,0.67,0.42,0.55,,0.5379,0.5301,-0.12,0.2042,0.0,0.125,0.5813,1,Recuperação
Jessica Castro,Educação Física,7º Fundamental B,6,0.73,0.59,0.69,0.79,0.703,0.5301,0.084,0.1456,0.0,0.125,0.7176,2,Aprovado
Jessica Castro,Geografia,7º Fundamental B,6,0.31,0.51,0.36,,0.3993,0.5301,0.05,0.17,0.0,0.125,0.5985,0,Reprovado
Jessica Castro,História,7º Fundamental B,6,0.58,0.6,0.43,,0.5336,0.5301,-0.15,0.1517,0.0,0.125,0.5854,1,Recuperação
Jessica Castro,Inglês,7º Fundamental B,6,0.5,0.52,0.57,0.46,0.5105,0.5301,-0.021,0.0792,0.0,0.125,0.5603,1,Recuperação
Jessica Castro,Matemática,7º Fundamental B,6,0.36,0.62,0.34,,0.4457,0.5301,-0.02,0.2551,0.0,0.125,0.5141,0,Reprovado
Jessica Castro,Português,7º Fundamental B,6,0.44,0.61,0.49,0.57,0.534,0.5301,0.081,0.1329,0.0,0.125,0.5981,1,Recuperação
João Cunha,Arte,7º Fundamental B,6,0.96,0.9,0.95,1.0,0.9545,0.8685,0.051,0.0712,0.0,1.0,0.6619,2,Aprovado
João Cunha,Ciências,7º Fundamental B,6,0.88,0.81,0.87,0.95,0.881,0.8685,0.081,0.0994,0.0,1.0,0.5813,2,Aprovado
João Cunha,Educação Física,7º Fundamental B,6,0.9,1.0,0.96,1.0,0.97,0.8685,0.078,0.0819,0.0,1.0,0.7176,2,Aprovado
João Cunha,Geografia,7º Fundamental B,6,0.95,0.8,0.92,0.75,0.845,0.8685,-0.144,0.1652,0.0,1.0,0.5985,2,Aprovado
João Cunha,História,7º Fundamental B,6,0.88,0.81,0.78,0.86,0.8315,0.8685,-0.027,0.0792,0.0,1.0,0.5854,2,Aprovado
João Cunha,Inglês,7º Fundamental B,6,0.95,0.9,0.8,,0.8786,0.8685,-0.15,0.1247,0.0,1.0,0.5603,2,Aprovado
João Cunha,Matemática,7º Fundamental B,6,0.71,0.81,0.74,,0.7564,0.8685,0.03,0.0838,0.0,1.0,0.5141,2,Aprovado
João Cunha,Português,7º Fundamental B,6,0.82,0.95,0.72,,0.8307,0.8685,-0.1,0.1883,0.0,1.0,0.5981,2,Aprovado
João Teixeira,Arte,7º Fundamental B,6,0.79,0.77,0.9,0.87,0.8365,0.7587,0.111,0.1081,0.0,1.0,0.6619,2,Aprovado
João Teixeira,Ciências,7º Fundamental B,6,0.82,0.76,0.69,0.76,0.7545,0.7587,-0.075,0.0921,0.0,1.0,0.5813,2,Aprovado
João Teixeira,Educação Física,7º Fundamental B,6,0.78,0.95,0.86,,0.8693,0.7587,0.08,0.1389,0.0,1.0,0.7176,2,Aprovado
João Teixeira,Geografia,7º Fundamental B,6,0.77,0.76,0.7,0.76,0.747,0.7587,-0.027,0.0555,0.0,1.0,0.5985,2,Aprovado
João Teixeira,História,7º Fundamental B,6,0.7,0.79,0.75,,0.75,0.7587,0.05,0.0736,0.0,1.0,0.5854,2,Aprovado
João Teixeira,Inglês,7º Fundamental B,6,0.75,0.81,0.67,0.76,0.748,0.7587,-0.033,0.1004,0.0,1.0,0.5603,2,Aprovado
João Teixeira,Matemática,7º Fundamental B,6,0.7,0.72,0.62,0.67,0.676,0.7587,-0.057,0.0753,0.0,1.0,0.5141,2,Aprovado
João Teixeira,Português,7º Fundamental B,6,0.62,0.66,0.66,0.78,0.688,0.7587,0.144,0.12,0.0,1.0,0.5981,2,Aprovado
Larissa Oliveira,Arte,7º Fundamental B,6,0.43,0.43,0.4,0.54,0.4555,0.4344,0.09,0.1068,0.0,0.0,0.6619,0,Reprovado
Larissa Oliveira,Ciências,7º Fundamental B,6,0.31,0.41,0.48,0.33,0.3835,0.4344,0.039,0.1352,0.0,0.0,0.5813,0,Reprovado
Larissa Oliveira,Educação Física,7º Fundamental B,6,0.57,0.4,0.46,0.47,0.47,0.4344,-0.072,0.1221,0.0,0.0,0.7176,0,Reprovado
Larissa Oliveira,Geografia,7º Fundamental B,6,0.34,0.43,0.37,0.46,0.406,0.4344,0.09,0.0949,0.0,0.0,0.5985,0,Reprovado
Larissa Oliveira,História,7º Fundamental B,6,0.44,0.36,0.49,,0.4293,0.4344,0.05,0.1071,0.0,0.0,0.5854,0,Reprovado
Larissa Oliveira,Inglês,7º Fundamental B,6,0.48,0.36,0.48,,0.4371,0.4344,0.0,0.1131,0.0,0.0,0.5603,0,Reprovado
Larissa Oliveira,Matemática,7º Fundamental B,6,0.33,0.42,0.53,0.34,0.4055,0.4344,0.042,0.1603,0.0,0.0,0.5141,0,Reprovado
Larissa Oliveira,Português,7º Fundamental B,6,0.46,0.49,0.52,0.48,0.4885,0.4344,0.027,0.0433,0.0,0.0,0.5981,0,Reprovado
Laura Moreira,Arte,7º Fundamental B,6,0.45,0.52,0.71,0.51,0.5505,0.4743,0.111,0.1951,0.0,0.0,0.6619,1,Recuperação
Laura Moreira,Ciências,7º Fundamental B,6,0.53,0.47,0.33,,0.4371,0.4743,-0.2,0.1676,0.0,0.0,0.5813,0,Reprovado
Laura Moreira,Educação Física,7º Fundamental B,6,0.55,0.75,0.43,,0.5786,0.4743,-0.12,0.264,0.0,0.0,0.7176,1,Recuperação
Laura Moreira,Geografia,7º Fundamental B,6,0.51,0.31,0.33,0.46,0.4,0.4743,-0.039,0.1693,0.0,0.0,0.5985,0,Reprovado
Laura Moreira,História,7º Fundamental B,6,0.6,0.46,0.53,0.59,0.5445,0.4743,0.012,0.1118,0.0,0.0,0.5854,1,Recuperação
Laura Moreira,Inglês,7º Fundamental B,6,0.45,0.27,0.48,0.48,0.4215,0.4743,0.09,0.1749,0.0,0.0,0.5603,0,Reprovado
Laura Moreira,Matemática,7º Fundamental B,6,0.38,0.53,0.32,,0.4121,0.4743,-0.06,0.1766,0.0,0.0,0.5141,0,Reprovado
Laura Moreira,Português,7º Fundamental B,6,0.45,0.52,0.38,,0.45,0.4743,-0.07,0.1143,0.0,0.0,0.5981,0,Reprovado
Luiz Pinto,Arte,7º Fundamental B,6,0.92,0.77,0.9,,0.8593,0.7862,-0.02,0.133,0.0,1.0,0.6619,2,Aprovado
Luiz Pinto,Ciências,7º Fundamental B,6,0.85,0.87,0.73,,0.8143,0.7862,-0.12,0.1236,0.0,1.0,0.5813,2,Aprovado
Luiz Pinto,Educação Física,7º Fundamental B,6,0.99,0.91,0.82,,0.9007,0.7862,-0.17,0.1389,0.0,1.0,0.7176,2,Aprovado
Luiz Pinto,Geografia,7º Fundamental B,6,0.75,0.84,0.75,0.78,0.7815,0.7862,0.0,0.0735,0.0,1.0,0.5985,2,Aprovado
Luiz Pinto,História,7º Fundamental B,6,0.69,0.68,0.78,0.83,0.752,0.7862,0.156,0.1253,0.0,1.0,0.5854,2,Aprovado
Luiz Pinto,Inglês,7º Fundamental B,6,0.72,0.85,0.66,0.7,0.7315,0.7862,-0.075,0.1424,0.0,1.0,0.5603,2,Aprovado
Luiz Pinto,Matemática,7º Fundamental B,6,0.77,0.65,0.73,0.68,0.703,0.7862,-0.057,0.0921,0.0,1.0,0.5141,2,Aprovado
Luiz Pinto,Português,7º Fundamental B,6,0.64,0.8,0.8,0.73,0.747,0.7862,0.081,0.1314,0.0,1.0,0.5981,2,Aprovado
Marcos Lima,Arte,7º Fundamental B,6,0.78,0.57,0.55,0.61,0.619,0.5639,-0.159,0.1813,0.0,0.25,0.6619,2,Aprovado
Marcos Lima,Ciências,7º Fundamental B,6,0.44,0.45,0.59,0.65,0.543,0.5639,0.231,0.1802,0.0,0.25,0.5813,1,Recuperação
Marcos Lima,Educação Física,7º Fundamental B,6,0.74,0.76,0.53,0.82,0.7165,0.5639,0.003,0.2188,0.0,0.25,0.7176,2,Aprovado
Marcos Lima,Geografia,7º Fundamental B,6,0.67,0.53,0.55,0.56,0.572,0.5639,-0.093,0.109,0.0,0.25,0.5985,1,Recuperação
Marcos Lima,História,7º Fundamental B,6,0.44,0.56,0.59,,0.5364,0.5639,0.15,0.1296,0.0,0.25,0.5854,1,Recuperação
Marcos Lima,Inglês,7º Fundamental B,6,0.72,0.5,0.51,0.54,0.5585,0.5639,-0.159,0.1785,0.0,0.25,0.5603,1,Recuperação
Marcos Lima,Matemática,7º Fundamental B,6,0.46,0.3,0.49,,0.4136,0.5639,0.03,0.1668,0.0,0.25,0.5141,0,Reprovado
Marcos Lima,Português,7º Fundamental B,6,0.57,0.55,0.41,0.66,0.552,0.5639,0.039,0.1791,0.0,0.25,0.5981,1,Recuperação
Maria Teixeira,Arte,7º Fundamental B,6,0.88,0.99,0.83,,0.9014,0.7974,-0.05,0.1337,0.0,1.0,0.6619,2,Aprovado
Maria Teixeira,Ciências,7º Fundamental B,6,0.76,0.78,0.69,0.63,0.7085,0.7974,-0.144,0.1187,0.0,1.0,0.5813,2,Aprovado
Maria Teixeira,Educação Física,7º Fundamental B,6,0.92,0.8,0.85,0.95,0.8815,0.7974,0.042,0.1175,0.0,1.0,0.7176,2,Aprovado
Maria Teixeira,Geografia,7º Fundamental B,6,0.84,0.82,0.76,,0.8043,0.7974,-0.08,0.068,0.0,1.0,0.5985,2,Aprovado
Maria Teixeira,História,7º Fundamental B,6,0.66,0.77,0.79,0.89,0.789,0.7974,0.213,0.1633,0.0,1.0,0.5854,2,Aprovado
Maria Teixeira,Inglês,7º Fundamental B,6,0.69,0.71,0.78,0.82,0.7565,0.7974,0.138,0.1049,0.0,1.0,0.5603,2,Aprovado
Maria Teixeira,Matemática,7º Fundamental B,6,0.79,0.71,0.73,,0.74,0.7974,-0.06,0.068,0.0,1.0,0.5141,2,Aprovado
Maria Teixeira,Português,7º Fundamental B,6,1.0,0.89,0.77,0.61,0.798,0.7974,-0.387,0.2896,0.0,1.0,0.5981,2,Aprovado
Matheus Barbosa,Arte,7º Fundamental B,6,0.65,0.78,0.81,0.79,0.7645,0.6887,0.135,0.126,0.0,0.875,0.6619,2,Aprovado
Matheus Barbosa,Ciências,7º Fundamental B,6,0.79,0.56,0.7,0.66,0.671,0.6887,-0.075,0.1652,0.0,0.875,0.5813,2,Aprovado
Matheus Barbosa,Educação Física,7º Fundamental B,6,0.8,0.74,0.94,0.81,0.823,0.6887,0.069,0.1459,0.0,0.875,0.7176,2,Aprovado
Matheus Barbosa,Geografia,7º Fundamental B,6,0.66,0.69,0.74,0.56,0.6575,0.6887,-0.075,0.1314,0.0,0.875,0.5985,2,Aprovado
Matheus Barbosa,História,7º Fundamental B,6,0.67,0.62,0.8,0.6,0.669,0.6887,-0.009,0.1558,0.0,0.875,0.5854,2,Aprovado
Matheus Barbosa,Inglês,7º Fundamental B,6,0.59,0.81,0.65,0.54,0.645,0.6887,-0.093,0.2032,0.0,0.875,0.5603,2,Aprovado
Matheus Barbosa,Matemática,7º Fundamental B,6,0.74,0.52,0.49,0.66,0.5985,0.6887,-0.081,0.2041,0.0,0.875,0.5141,1,Recuperação
Matheus Barbosa,Português,7º Fundamental B,6,0.81,0.67,0.59,,0.6814,0.6887,-0.22,0.1818,0.0,0.875,0.5981,2,Aprovado
Miguel Cunha,Arte,7º Fundamental B,6,0.84,0.94,0.86,0.73,0.837,0.7677,-0.123,0.1499,0.0,1.0,0.6619,2,Aprovado
Miguel Cunha,Ciências,7º Fundamental B,6,0.87,0.64,0.67,0.81,0.7445,0.7677,-0.045,0.191,0.0,1.0,0.5813,2,Aprovado
Miguel Cunha,Educação Física,7º Fundamental B,6,0.7,1.0,0.85,,0.8607,0.7677,0.15,0.2449,0.0,1.0,0.7176,2,Aprovado
Miguel Cunha,Geografia,7º Fundamental B,6,0.7,0.73,0.73,,0.7214,0.7677,0.03,0.0283,0.0,1.0,0.5985,2,Aprovado
Miguel Cunha,História,7º Fundamental B,6,0.88,0.8,0.65,1.0,0.8385,0.7677,0.063,0.2543,0.0,1.0,0.5854,2,Aprovado
Miguel Cunha,Inglês,7º Fundamental B,6,0.79,0.64,0.75,0.75,0.7305,0.7677,-0.003,0.1117,0.0,1.0,0.5603,2,Aprovado
Miguel Cunha,Matemática,7º Fundamental B,6,0.8,0.57,0.7,,0.6821,0.7677,-0.1,0.1883,0.0,1.0,0.5141,2,Aprovado
Miguel Cunha,Português,7º Fundamental B,6,0.68,0.68,0.81,,0.7264,0.7677,0.13,0.1226,0.0,1.0,0.5981,2,Aprovado
Miguel Freitas,Arte,7º Fundamental B,6,0.37,0.61,0.62,0.6,0.5615,0.5086,0.21,0.2083,0.0,0.0,0.6619,1,Recuperação
Miguel Freitas,Ciências,7º Fundamental B,6,0.43,0.53,0.54,0.52,0.5095,0.5086,0.084,0.0877,0.0,0.0,0.5813,1,Recuperação
Miguel Freitas,Educação Física,7º Fundamental B,6,0.49,0.46,0.66,0.63,0.567,0.5086,0.186,0.1726,0.0,0.0,0.7176,1,Recuperação
Miguel Freitas,Geografia,7º Fundamental B,6,0.53,0.59,0.55,,0.5586,0.5086,0.02,0.0499,0.0,0.0,0.5985,1,Recuperação
Miguel Freitas,História,7º Fundamental B,6,0.46,0.38,0.45,,0.4279,0.5086,-0.01,0.0712,0.0,0.0,0.5854,0,Reprovado
Miguel Freitas,Inglês,7º Fundamental B,6,0.42,0.5,0.5,0.59,0.511,0.5086,0.153,0.1203,0.0,0.0,0.5603,1,Recuperação
Miguel Freitas,Matemática,7º Fundamental B,6,0.36,0.41,0.5,0.42,0.4255,0.5086,0.081,0.1004,0.0,0.0,0.5141,0,Reprovado
Miguel Freitas,Português,7º Fundamental B,6,0.63,0.49,0.45,0.49,0.508,0.5086,-0.138,0.1367,0.0,0.0,0.5981,1,Recuperação
Paula Pereira,Arte,7º Fundamental B,6,0.54,0.65,0.68,0.6,0.6205,0.5736,0.063,0.1062,0.0,0.375,0.6619,2,Aprovado
Paula Pereira,Ciências,7º Fundamental B,6,0.61,0.5,0.63,,0.5779,0.5736,0.02,0.1143,0.0,0.375,0.5813,1,Recuperação
Paula Pereira,Educação Física,7º Fundamental B,6,0.68,0.76,0.69,0.7,0.7085,0.5736,-0.003,0.0622,0.0,0.375,0.7176,2,Aprovado
Paula Pereira,Geografia,7º Fundamental B,6,0.64,0.58,0.63,0.7,0.6405,0.5736,0.069,0.0853,0.0,0.375,0.5985,2,Aprovado
Paula Pereira,História,7º Fundamental B,6,0.51,0.59,0.52,0.6,0.5595,0.5736,0.06,0.0806,0.0,0.375,0.5854,1,Recuperação
Paula Pereira,Inglês,7º Fundamental B,6,0.63,0.44,0.48,,0.5086,0.5736,-0.15,0.1636,0.0,0.375,0.5603,1,Recuperação
Paula Pereira,Matemática,7º Fundamental B,6,0.38,0.57,0.43,0.44,0.458,0.5736,0.012,0.1404,0.0,0.375,0.5141,0,Reprovado
Paula Pereira,Português,7º Fundamental B,6,0.53,0.57,0.45,,0.5157,0.5736,-0.08,0.0998,0.0,0.375,0.5981,1,Recuperação
Paulo Martins,Arte,7º Fundamental B,6,0.46,0.54,0.6,0.56,0.545,0.5431,0.108,0.102,0.0,0.25,0.6619,1,Recuperação
Paulo Martins,Ciências,7º Fundamental B,6,0.46,0.49,0.53,0.54,0.509,0.5431,0.084,0.064,0.0,0.25,0.5813,1,Recuperação
Paulo Martins,Educação Física,7º Fundamental B,6,0.74,0.86,0.54,0.73,0.717,0.5431,-0.105,0.2291,0.0,0.25,0.7176,2,Aprovado
Paulo Martins,Geografia,7º Fundamental B,6,0.6,0.6,0.69,,0.6321,0.5431,0.09,0.0849,0.0,0.25,0.5985,2,Aprovado
Paulo Martins,História,7º Fundamental B,6,0.6,0.45,0.42,0.46,0.4755,0.5431,-0.135,0.1388,0.0,0.25,0.5854,0,Reprovado
Paulo Martins,Inglês,7º Fundamental B,6,0.47,0.46,0.37,0.48,0.4455,0.5431,-0.018,0.0877,0.0,0.25,0.5603,0,Reprovado
Paulo Martins,Matemática,7º Fundamental B,6,0.4,0.52,0.45,,0.4607,0.5431,0.05,0.0984,0.0,0.25,0.5141,0,Reprovado
Paulo Martins,Português,7º Fundamental B,6,0.46,0.45,0.75,,0.56,0.5431,0.29,0.2782,0.0,0.25,0.5981,1,Recuperação
Ricardo Tavares,Arte,7º Fundamental B,6,0.74,0.55,0.83,0.67,0.694,0.6312,0.021,0.2046,0.0,0.625,0.6619,2,Aprovado
Ricardo Tavares,Ciências,7º Fundamental B,6,0.56,0.71,0.65,0.65,0.647,0.6312,0.063,0.1071,0.0,0.625,0.5813,2,Aprovado
Ricardo Tavares,Educação Física,7º Fundamental B,6,0.76,0.73,0.68,0.76,0.7325,0.6312,-0.015,0.0654,0.0,0.625,0.7176,2,Aprovado
Ricardo Tavares,Geografia,7º Fundamental B,6,0.54,0.63,0.67,0.53,0.592,0.6312,0.003,0.1186,0.0,0.625,0.5985,1,Recuperação
Ricardo Tavares,História,7º Fundamental B,6,0.57,0.58,0.64,0.58,0.593,0.6312,0.027,0.0555,0.0,0.625,0.5854,1,Recuperação
Ricardo Tavares,Inglês,7º Fundamental B,6,0.58,0.67,0.63,0.62,0.627,0.6312,0.024,0.064,0.0,0.625,0.5603,2,Aprovado
Ricardo Tavares,Matemática,7º Fundamental B,6,0.59,0.62,0.46,0.44,0.52,0.6312,-0.183,0.1571,0.0,0.625,0.5141,1,Recuperação
Ricardo Tavares,Português,7º Fundamental B,6,0.72,0.57,0.65,0.65,0.644,0.6312,-0.039,0.1062,0.0,0.625,0.5981,2,Aprovado
Thaís Ramos,Arte,7º Fundamental B,6,0.39,0.31,0.32,,0.3364,0.2136,-0.07,0.0712,0.0,0.0,0.6619,0,Reprovado
Thaís Ramos,Ciências,7º Fundamental B,6,0.19,0.17,0.12,,0.1579,0.2136,-0.07,0.0589,0.0,0.0,0.5813,0,Reprovado
Thaís Ramos,Educação Física,7º Fundamental B,6,0.24,0.32,0.39,,0.3221,0.2136,0.15,0.1226,0.0,0.0,0.7176,0,Reprovado
Thaís Ramos,Geografia,7º Fundamental B,6,0.31,0.2,0.21,0.21,0.2275,0.2136,-0.087,0.0899,0.0,0.0,0.5985,0,Reprovado
Thaís Ramos,História,7º Fundamental B,6,0.34,0.28,0.12,,0.24,0.2136,-0.22,0.1857,0.0,0.0,0.5854,0,Reprovado
Thaís Ramos,Inglês,7º Fundamental B,6,0.23,0.21,0.07,0.06,0.134,0.2136,-0.195,0.1558,0.0,0.0,0.5603,0,Reprovado
Thaís Ramos,Matemática,7º Fundamental B,6,0.2,0.13,0.1,0.08,0.1215,0.2136,-0.117,0.091,0.0,0.0,0.5141,0,Reprovado
Thaís Ramos,Português,7º Fundamental B,6,0.16,0.26,0.17,0.1,0.1695,0.2136,-0.081,0.1143,0.0,0.0,0.5981,0,Reprovado
Victor Dias,Arte,7º Fundamental B,6,0.81,0.6,0.6,0.5,0.612,0.5812,-0.279,0.226,0.0,0.25,0.6619,2,Aprovado
Victor Dias,Ciências,7º Fundamental B,6,0.46,0.58,0.63,0.62,0.5805,0.5812,0.159,0.1352,0.0,0.25,0.5813,1,Recuperação
Victor Dias,Educação Física,7º Fundamental B,6,0.76,0.8,0.67,0.73,0.7385,0.5812,-0.066,0.0949,0.0,0.25,0.7176,2,Aprovado
Victor Dias,Geografia,7º Fundamental B,6,0.57,0.46,0.57,0.61,0.5545,0.5812,0.069,0.1117,0.0,0.25,0.5985,1,Recuperação
Victor Dias,História,7º Fundamental B,6,0.56,0.56,0.55,0.6,0.5695,0.5812,0.033,0.0384,0.0,0.25,0.5854,1,Recuperação
Victor Dias,Inglês,7º Fundamental B,6,0.63,0.5,0.5,0.44,0.508,0.5812,-0.171,0.1388,0.0,0.25,0.5603,1,Recuperação
Victor Dias,Matemática,7º Fundamental B,6,0.45,0.56,0.63,,0.5536,0.5812,0.18,0.1482,0.0,0.25,0.5141,1,Recuperação
Victor Dias,Português,7º Fundamental B,6,0.39,0.58,0.6,,0.5329,0.5812,0.21,0.1893,0.0,0.25,0.5981,1,Recuperação
Victor Gomes,Arte,7º Fundamental B,6,0.48,0.68,0.69,0.57,0.6095,0.6078,0.084,0.1723,0.0,0.625,0.6619,2,Aprovado
Victor Gomes,Ciências,7º Fundamental B,6,0.58,0.5,0.62,,0.5657,0.6078,0.04,0.0998,0.0,0.625,0.5813,1,Recuperação
Victor Gomes,Educação Física,7º Fundamental B,6,0.66,0.69,0.88,,0.7493,0.6078,0.22,0.1948,0.0,0.625,0.7176,2,Aprovado
Victor Gomes,Geografia,7º Fundamental B,6,0.73,0.59,0.67,0.62,0.647,0.6078,-0.075,0.1062,0.0,0.625,0.5985,2,Aprovado
Victor Gomes,História,7º Fundamental B,6,0.52,0.59,0.54,,0.5521,0.6078,0.02,0.0589,0.0,0.625,0.5854,1,Recuperação
Victor Gomes,Inglês,7º Fundamental B,6,0.7,0.59,0.63,0.59,0.622,0.6078,-0.087,0.0899,0.0,0.625,0.5603,2,Aprovado
Victor Gomes,Matemática,7º Fundamental B,6,0.43,0.45,0.57,,0.4871,0.6078,0.14,0.1236,0.0,0.625,0.5141,0,Reprovado
Victor Gomes,Português,7º Fundamental B,6,0.71,0.59,0.7,0.55,0.6295,0.6078,-0.111,0.1381,0.0,0.625,0.5981,2,Aprovado
Alexandre Lima,Arte,8º Fundamental A,6,0.51,0.66,0.67,,0.6207,0.5379,0.16,0.1464,0.0,0.375,0.6658,2,Aprovado
Alexandre Lima,Ciências,8º Fundamental A,6,0.47,0.54,0.48,,0.4986,0.5379,0.01,0.0618,0.0,0.375,0.5616,0,Reprovado
Alexandre Lima,Educação Física,8º Fundamental A,6,0.63,0.62,0.65,0.59,0.6205,0.5379,-0.027,0.0433,0.0,0.375,0.7234,2,Aprovado
Alexandre Lima,Geografia,8º Fundamental A,6,0.46,0.53,0.46,0.46,0.4775,0.5379,-0.021,0.0606,0.0,0.375,0.5975,0,Reprovado
Alexandre Lima,História,8º Fundamental A,6,0.44,0.47,0.51,,0.4757,0.5379,0.07,0.0573,0.0,0.375,0.5957,0,Reprovado
Alexandre Lima,Inglês,8º Fundamental A,6,0.59,0.53,0.57,0.54,0.555,0.5379,-0.033,0.0477,0.0,0.375,0.5568,1,Recuperação
Alexandre Lima,Matemática,8º Fundamental A,6,0.36,0.38,0.48,,0.41,0.5379,0.12,0.105,0.0,0.375,0.5238,0,Reprovado
Alexandre Lima,Português,8º Fundamental A,6,0.62,0.71,0.6,,0.645,0.5379,-0.02,0.0957,0.0,0.375,0.6067,2,Aprovado
Alexandre Lopes,Arte,8º Fundamental A,6,0.22,0.41,0.45,0.46,0.397,0.3159,0.228,0.1942,0.0,0.0,0.6658,0,Reprovado
Alexandre Lopes,Ciências,8º Fundamental A,6,0.33,0.4,0.29,,0.3407,0.3159,-0.04,0.0909,0.0,0.0,0.5616,0,Reprovado
Alexandre Lopes,Educação Física,8º Fundamental A,6,0.32,0.46,0.44,,0.4129,0.3159,0.12,0.1236,0.0,0.0,0.7234,0,Reprovado
Alexandre Lopes,Geografia,8º Fundamental A,6,0.25,0.23,0.4,,0.2964,0.3159,0.15,0.1517,0.0,0.0,0.5975,0,Reprovado
Alexandre Lopes,História,8º Fundamental A,6,0.46,0.39,0.23,0.18,0.301,0.3159,-0.3,0.2283,0.0,0.0,0.5957,0,Reprovado
Alexandre Lopes,Inglês,8º Fundamental A,6,0.28,0.43,0.13,0.34,0.298,0.3159,-0.036,0.2184,0.0,0.0,0.5568,0,Reprovado
Alexandre Lopes,Matemática,8º Fundamental A,6,0.47,0.19,0.12,0.14,0.2135,0.3159,-0.318,0.2818,0.0,0.0,0.5238,0,Reprovado
Alexandre Lopes,Português,8º Fundamental A,6,0.33,0.25,0.33,0.19,0.268,0.3159,-0.102,0.1179,0.0,0.0,0.6067,0,Reprovado
André Ramos,Arte,8º Fundamental A,6,0.91,0.85,0.83,,0.86,0.7427,-0.08,0.068,0.0,0.875,0.6658,2,Aprovado
André Ramos,Ciências,8º Fundamental A,6,0.69,0.69,0.72,0.72,0.7065,0.7427,0.036,0.03,0.0,0.875,0.5616,2,Aprovado
André Ramos,Educação Física,8º Fundamental A,6,1.0,0.79,0.9,0.87,0.8835,0.7427,-0.084,0.1503,0.0,0.875,0.7234,2,Aprovado
André Ramos,Geografia,8º Fundamental A,6,0.7,0.72,0.72,0.81,0.743,0.7427,0.099,0.0853,0.0,0.875,0.5975,2,Aprovado
André Ramos,História,8º Fundamental A,6,0.68,0.64,0.72,0.7,0.686,0.7427,0.042,0.0592,0.0,0.875,0.5957,2,Aprovado
André Ramos,Inglês,8º Fundamental A,6,0.56,0.63,0.53,,0.5743,0.7427,-0.03,0.0838,0.0,0.875,0.5568,1,Recuperação
André Ramos,Matemática,8º Fundamental A,6,0.61,0.72,0.79,,0.7136,0.7427,0.18,0.1482,0.0,0.875,0.5238,2,Aprovado
André Ramos,Português,8º Fundamental A,6,0.85,0.61,0.88,,0.775,0.7427,0.03,0.2417,0.0,0.875,0.6067,2,Aprovado
Carla Nunes,Arte,8º Fundamental A,6,0.89,0.78,0.94,0.79,0.845,0.7375,-0.042,0.1349,0.0,1.0,0.6658,2,Aprovado
Carla Nunes,Ciências,8º Fundamental A,6,0.59,0.8,0.75,,0.7221,0.7375,0.16,0.1791,0.0,1.0,0.5616,2,Aprovado
Carla Nunes,Educação Física,8º Fundamental A,6,0.87,0.93,0.87,0.8,0.864,0.7375,-0.081,0.0921,0.0,1.0,0.7234,2,Aprovado
Carla Nunes,Geografia,8º Fundamental A,6,0.76,0.84,0.67,,0.7564,0.7375,-0.09,0.1389,0.0,1.0,0.5975,2,Aprovado
Carla Nunes,História,8º Fundamental A,6,0.72,0.66,0.74,0.7,0.704,0.7375,0.006,0.0592,0.0,1.0,0.5957,2,Aprovado
Carla Nunes,Inglês,8º Fundamental A,6,0.51,0.68,0.74,0.53,0.616,0.7375,0.036,0.1952,0.0,1.0,0.5568,2,Aprovado
Carla Nunes,Matemática,8º Fundamental A,6,0.73,0.68,0.66,,0.6871,0.7375,-0.07,0.0589,0.0,1.0,0.5238,2,Aprovado
Carla Nunes,Português,8º Fundamental A,6,0.73,0.78,0.64,0.68,0.705,0.7375,-0.087,0.1052,0.0,1.0,0.6067,2,Aprovado
Fernando Melo,Arte,8º Fundamental A,6,0.4,0.42,0.39,0.37,0.3935,0.3997,-0.036,0.0361,0.0,0.0,0.6658,0,Reprovado
Fernando Melo,Ciências,8º Fundamental A,6,0.41,0.21,0.52,0.38,0.3785,0.3997,0.066,0.2223,0.0,0.0,0.5616,0,Reprovado
Fernando Melo,Educação Física,8º Fundamental A,6,0.41,0.55,0.45,0.6,0.512,0.3997,0.141,0.1519,0.0,0.0,0.7234,1,Recuperação
Fernando Melo,Geografia,8º Fundamental A,6,0.42,0.56,0.47,0.41,0.4645,0.3997,-0.036,0.1187,0.0,0.0,0.5975,0,Reprovado
Fernando Melo,História,8º Fundamental A,6,0.51,0.41,0.21,0.46,0.395,0.3997,-0.105,0.2278,0.0,0.0,0.5957,0,Reprovado
Fernando Melo,Inglês,8º Fundamental A,6,0.31,0.46,0.35,,0.3779,0.3997,0.04,0.1268,0.0,0.0,0.5568,0,Reprovado
Fernando Melo,Matemática,8º Fundamental A,6,0.3,0.26,0.34,0.37,0.321,0.3997,0.087,0.0829,0.0,0.0,0.5238,0,Reprovado
Fernando Melo,Português,8º Fundamental A,6,0.33,0.34,0.35,0.39,0.3555,0.3997,0.057,0.0456,0.0,0.0,0.6067,0,Reprovado
Flavia Ferreira,Arte,8º Fundamental A,6,0.9,1.0,1.0,0.95,0.965,0.899,0.045,0.0829,0.0,1.0,0.6658,2,Aprovado
Flavia Ferreira,Ciências,8º Fundamental A,6,0.95,0.91,0.86,0.83,0.8815,0.899,-0.123,0.0921,0.0,1.0,0.5616,2,Aprovado
Flavia Ferreira,Educação Física,8º Fundamental A,6,1.0,1.0,1.0,1.0,1.0,0.899,0.0,0.0,0.0,1.0,0.7234,2,Aprovado
Flavia Ferreira,Geografia,8º Fundamental A,6,0.82,0.83,0.84,,0.8307,0.899,0.02,0.0163,0.0,1.0,0.5975,2,Aprovado
Flavia Ferreira,História,8º Fundamental A,6,0.87,0.89,0.92,,0.895,0.899,0.05,0.0411,0.0,1.0,0.5957,2,Aprovado
Flavia Ferreira,Inglês,8º Fundamental A,6,0.87,0.9,0.93,0.88,0.8955,0.899,0.018,0.0458,0.0,1.0,0.5568,2,Aprovado
Flavia Ferreira,Matemática,8º Fundamental A,6,0.89,0.71,0.89,0.78,0.812,0.899,-0.045,0.1532,0.0,1.0,0.5238,2,Aprovado
Flavia Ferreira,Português,8º Fundamental A,6,0.82,0.91,0.92,0.97,0.9125,0.899,0.138,0.1082,0.0,1.0,0.6067,2,Aprovado
Gabriel Ribeiro,Arte,8º Fundamental A,6,0.85,0.96,0.79,0.7,0.8175,0.7554,-0.186,0.1889,0.0,1.0,0.6658,2,Aprovado
Gabriel Ribeiro,Ciências,8º Fundamental A,6,0.65,0.7,0.71,0.74,0.7045,0.7554,0.084,0.0648,0.0,1.0,0.5616,2,Aprovado
Gabriel Ribeiro,Educação Física,8º Fundamental A,6,0.99,0.96,0.91,0.88,0.9295,0.7554,-0.114,0.0854,0.0,1.0,0.7234,2,Aprovado
Gabriel Ribeiro,Geografia,8º Fundamental A,6,0.76,0.76,0.73,0.7,0.7345,0.7554,-0.063,0.0497,0.0,1.0,0.5975,2,Aprovado
Gabriel Ribeiro,História,8º Fundamental A,6,0.72,0.69,0.82,,0.745,0.7554,0.1,0.1112,0.0,1.0,0.5957,2,Aprovado
Gabriel Ribeiro,Inglês,8º Fundamental A,6,0.8,0.65,0.59,0.65,0.665,0.7554,-0.153,0.1552,0.0,1.0,0.5568,2,Aprovado
Gabriel Ribeiro,Matemática,8º Fundamental A,6,0.58,0.55,0.76,0.75,0.6685,0.7554,0.216,0.1913,0.0,1.0,0.5238,2,Aprovado
Gabriel Ribeiro,Português,8º Fundamental A,6,0.95,0.7,0.72,,0.7786,0.7554,-0.23,0.2269,0.0,1.0,0.6067,2,Aprovado
Hugo Moreira,Arte,8º Fundamental A,6,0.94,1.0,0.97,0.91,0.9535,0.9019,-0.036,0.0671,0.0,1.0,0.6658,2,Aprovado
Hugo Moreira,Ciências,8º Fundamental A,6,1.0,0.82,0.92,0.8,0.875,0.9019,-0.15,0.1609,0.0,1.0,0.5616,2,Aprovado
Hugo Moreira,Educação Física,8º Fundamental A,6,1.0,1.0,1.0,1.0,1.0,0.9019,0.0,0.0,0.0,1.0,0.7234,2,Aprovado
Hugo Moreira,Geografia,8º Fundamental A,6,0.75,0.91,0.94,,0.875,0.9019,0.19,0.1668,0.0,1.0,0.5975,2,Aprovado
Hugo Moreira,História,8º Fundamental A,6,0.83,0.99,0.96,0.91,0.9265,0.9019,0.063,0.1211,0.0,1.0,0.5957,2,Aprovado
Hugo Moreira,Inglês,8º Fundamental A,6,0.83,0.73,0.88,,0.8121,0.9019,0.05,0.1247,0.0,1.0,0.5568,2,Aprovado
Hugo Moreira,Matemática,8º Fundamental A,6,0.79,0.78,0.93,0.77,0.8165,0.9019,0.027,0.1307,0.0,1.0,0.5238,2,Aprovado
Hugo Moreira,Português,8º Fundamental A,6,0.96,1.0,0.91,,0.9564,0.9019,-0.05,0.0736,0.0,1.0,0.6067,2,Aprovado
Iris Carvalho,Arte,8º Fundamental A,6,0.47,0.74,0.83,,0.695,0.5545,0.36,0.3059,0.0,0.25,0.6658,2,Aprovado
Iris Carvalho,Ciências,8º Fundamental A,6,0.57,0.53,0.44,,0.5093,0.5545,-0.13,0.1087,0.0,0.25,0.5616,1,Recuperação
Iris Carvalho,Educação Física,8º Fundamental A,6,0.56,0.72,0.69,0.82,0.7105,0.5545,0.225,0.1857,0.0,0.25,0.7234,2,Aprovado
Iris Carvalho,Geografia,8º Fundamental A,6,0.59,0.45,0.66,0.66,0.5935,0.5545,0.126,0.1715,0.0,0.25,0.5975,1,Recuperação
Iris Carvalho,História,8º Fundamental A,6,0.69,0.37,0.53,,0.5186,0.5545,-0.16,0.2613,0.0,0.25,0.5957,1,Recuperação
Iris Carvalho,Inglês,8º Fundamental A,6,0.37,0.52,0.34,0.46,0.427,0.5545,0.027,0.1431,0.0,0.25,0.5568,0,Reprovado
Iris Carvalho,Matemática,8º Fundamental A,6,0.52,0.46,0.31,,0.4236,0.5545,-0.21,0.1766,0.0,0.25,0.5238,0,Reprovado
Iris Carvalho,Português,8º Fundamental A,6,0.58,0.61,0.49,,0.5586,0.5545,-0.09,0.102,0.0,0.25,0.6067,1,Recuperação
João Cavalcanti,Arte,8º Fundamental A,6,0.72,0.75,0.81,0.64,0.726,0.6433,-0.054,0.1225,0.0,0.625,0.6658,2,Aprovado
João Cavalcanti,Ciências,8º Fundamental A,6,0.66,0.44,0.64,0.46,0.54,0.6433,-0.12,0.201,0.0,0.625,0.5616,1,Recuperação
João Cavalcanti,Educação Física,8º Fundamental A,6,0.62,0.81,0.84,,0.7664,0.6433,0.22,0.1948,0.0,0.625,0.7234,2,Aprovado
João Cavalcanti,Geografia,8º Fundamental A,6,0.66,0.58,0.56,0.79,0.654,0.6433,0.111,0.1808,0.0,0.625,0.5975,2,Aprovado
João Cavalcanti,História,8º Fundamental A,6,0.72,0.67,0.64,0.75,0.6965,0.6433,0.018,0.0854,0.0,0.625,0.5957,2,Aprovado
João Cavalcanti,Inglês,8º Fundamental A,6,0.56,0.53,0.62,0.52,0.5555,0.6433,-0.009,0.0779,0.0,0.625,0.5568,1,Recuperação
João Cavalcanti,Matemática,8º Fundamental A,6,0.64,0.65,0.63,0.6,0.628,0.6433,-0.042,0.0374,0.0,0.625,0.5238,2,Aprovado
João Cavalcanti,Português,8º Fundamental A,6,0.56,0.52,0.62,0.61,0.58,0.6433,0.075,0.0805,0.0,0.625,0.6067,1,Recuperação
Karen Rodrigues,Arte,8º Fundamental A,6,0.67,0.55,0.53,,0.5771,0.5551,-0.14,0.1236,0.0,0.125,0.6658,1,Recuperação
Karen Rodrigues,Ciências,8º Fundamental A,6,0.43,0.46,0.38,0.49,0.443,0.5551,0.03,0.0812,0.0,0.125,0.5616,0,Reprovado
Karen Rodrigues,Educação Física,8º Fundamental A,6,0.63,0.87,0.61,0.76,0.724,0.5551,0.039,0.2104,0.0,0.125,0.7234,2,Aprovado
Karen Rodrigues,Geografia,8º Fundamental A,6,0.59,0.51,0.57,,0.5543,0.5551,-0.02,0.068,0.0,0.125,0.5975,1,Recuperação
Karen Rodrigues,História,8º Fundamental A,6,0.66,0.42,0.57,0.62,0.5655,0.5551,0.009,0.1819,0.0,0.125,0.5957,1,Recuperação
Karen Rodrigues,Inglês,8º Fundamental A,6,0.47,0.45,0.6,0.55,0.5215,0.5551,0.117,0.1211,0.0,0.125,0.5568,1,Recuperação
Karen Rodrigues,Matemática,8º Fundamental A,6,0.49,0.53,0.37,,0.4614,0.5551,-0.12,0.136,0.0,0.125,0.5238,0,Reprovado
Karen Rodrigues,Português,8º Fundamental A,6,0.54,0.47,0.76,,0.5936,0.5551,0.22,0.2471,0.0,0.125,0.6067,1,Recuperação
Laura Santos,Arte,8º Fundamental A,6,0.75,0.75,0.69,0.71,0.723,0.6125,-0.054,0.052,0.0,0.5,0.6658,2,Aprovado
Laura Santos,Ciências,8º Fundamental A,6,0.47,0.57,0.55,,0.5343,0.6125,0.08,0.0864,0.0,0.5,0.5616,1,Recuperação
Laura Santos,Educação Física,8º Fundamental A,6,0.85,0.84,0.6,0.69,0.737,0.6125,-0.216,0.21,0.0,0.5,0.7234,2,Aprovado
Laura Santos,Geografia,8º Fundamental A,6,0.78,0.67,0.71,0.64,0.693,0.6125,-0.114,0.1049,0.0,0.5,0.5975,2,Aprovado
Laura Santos,História,8º Fundamental A,6,0.63,0.57,0.55,0.65,0.601,0.6125,0.012,0.0825,0.0,0.5,0.5957,2,Aprovado
Laura Santos,Inglês,8º Fundamental A,6,0.5,0.55,0.67,,0.5786,0.6125,0.17,0.1427,0.0,0.5,0.5568,1,Recuperação
Laura Santos,Matemática,8º Fundamental A,6,0.61,0.5,0.6,0.34,0.499,0.6125,-0.213,0.217,0.0,0.5,0.5238,0,Reprovado
Laura Santos,Português,8º Fundamental A,6,0.48,0.6,0.66,0.41,0.534,0.6125,-0.045,0.1962,0.0,0.5,0.6067,1,Recuperação
Leonardo Melo,Arte,8º Fundamental A,6,0.91,0.82,0.73,,0.8136,0.7956,-0.18,0.147,0.0,1.0,0.6658,2,Aprovado
Leonardo Melo,Ciências,8º Fundamental A,6,0.75,0.8,0.82,0.75,0.78,0.7956,0.006,0.0616,0.0,1.0,0.5616,2,Aprovado
Leonardo Melo,Educação Física,8º Fundamental A,6,0.88,0.94,0.84,0.86,0.879,0.7956,-0.048,0.0748,0.0,1.0,0.7234,2,Aprovado
Leonardo Melo,Geografia,8º Fundamental A,6,0.78,0.78,0.93,0.79,0.8205,0.7956,0.054,0.1273,0.0,1.0,0.5975,2,Aprovado
Leonardo Melo,História,8º Fundamental A,6,0.69,0.89,0.79,0.81,0.801,0.7956,0.078,0.1425,0.0,1.0,0.5957,2,Aprovado
Leonardo Melo,Inglês,8º Fundamental A,6,0.75,0.81,0.67,,0.7429,0.7956,-0.08,0.1147,0.0,1.0,0.5568,2,Aprovado
Leonardo Melo,Matemática,8º Fundamental A,6,0.57,0.8,0.77,0.73,0.7255,0.7956,0.135,0.1774,0.0,1.0,0.5238,2,Aprovado
Leonardo Melo,Português,8º Fundamental A,6,0.91,0.62,0.9,0.8,0.802,0.7956,-0.015,0.233,0.0,1.0,0.6067,2,Aprovado
Miguel Andrade,Arte,8º Fundamental A,6,0.52,0.5,0.57,,0.5307,0.5266,0.05,0.0589,0.0,0.125,0.6658,1,Recuperação
Miguel Andrade,Ciências,8º Fundamental A,6,0.44,0.48,0.57,0.53,0.5095,0.5266,0.108,0.0985,0.0,0.125,0.5616,1,Recuperação
Miguel Andrade,Educação Física,8º Fundamental A,6,0.56,0.59,0.73,0.66,0.64,0.5266,0.132,0.1315,0.0,0.125,0.7234,2,Aprovado
Miguel Andrade,Geografia,8º Fundamental A,6,0.62,0.36,0.51,0.45,0.4765,0.5266,-0.108,0.1889,0.0,0.125,0.5975,0,Reprovado
Miguel Andrade,História,8º Fundamental A,6,0.55,0.45,0.58,,0.525,0.5266,0.03,0.1112,0.0,0.125,0.5957,1,Recuperação
Miguel Andrade,Inglês,8º Fundamental A,6,0.41,0.61,0.5,0.6,0.5395,0.5266,0.138,0.1631,0.0,0.125,0.5568,1,Recuperação
Miguel Andrade,Matemática,8º Fundamental A,6,0.36,0.51,0.44,,0.4421,0.5266,0.08,0.1226,0.0,0.125,0.5238,0,Reprovado
Miguel Andrade,Português,8º Fundamental A,6,0.62,0.53,0.68,0.41,0.5495,0.5266,-0.144,0.2035,0.0,0.125,0.6067,1,Recuperação
Miguel Souza,Arte,8º Fundamental A,6,0.97,1.0,0.94,,0.97,0.8698,-0.03,0.049,0.0,1.0,0.6658,2,Aprovado
Miguel Souza,Ciências,8º Fundamental A,6,1.0,0.76,0.8,0.79,0.827,0.8698,-0.177,0.1899,0.0,1.0,0.5616,2,Aprovado
Miguel Souza,Educação Física,8º Fundamental A,6,1.0,1.0,0.93,1.0,0.9825,0.8698,-0.021,0.0606,0.0,1.0,0.7234,2,Aprovado
Miguel Souza,Geografia,8º Fundamental A,6,0.88,0.85,0.94,,0.8907,0.8698,0.06,0.0748,0.0,1.0,0.5975,2,Aprovado
Miguel Souza,História,8º Fundamental A,6,0.91,0.87,0.77,,0.8457,0.8698,-0.14,0.1178,0.0,1.0,0.5957,2,Aprovado
Miguel Souza,Inglês,8º Fundamental A,6,0.9,0.89,0.87,0.61,0.803,0.8698,-0.267,0.2406,0.0,1.0,0.5568,2,Aprovado
Miguel Souza,Matemática,8º Fundamental A,6,0.89,0.82,0.74,0.84,0.82,0.8698,-0.069,0.1081,0.0,1.0,0.5238,2,Aprovado
Miguel Souza,Português,8º Fundamental A,6,0.83,0.79,0.78,0.87,0.8195,0.8698,0.033,0.0712,0.0,1.0,0.6067,2,Aprovado
Nicolas Lima,Arte,8º Fundamental A,6,0.41,0.25,0.29,0.19,0.274,0.3065,-0.186,0.1609,0.0,0.0,0.6658,0,Reprovado
Nicolas Lima,Ciências,8º Fundamental A,6,0.36,0.24,0.19,0.25,0.2545,0.3065,-0.114,0.1241,0.0,0.0,0.5616,0,Reprovado
Nicolas Lima,Educação Física,8º Fundamental A,6,0.35,0.26,0.33,0.49,0.3645,0.3065,0.147,0.167,0.0,0.0,0.7234,0,Reprovado
Nicolas Lima,Geografia,8º Fundamental A,6,0.21,0.45,0.36,,0.3493,0.3065,0.15,0.198,0.0,0.0,0.5975,0,Reprovado
Nicolas Lima,História,8º Fundamental A,6,0.33,0.34,0.35,0.4,0.3585,0.3065,0.066,0.0539,0.0,0.0,0.5957,0,Reprovado
Nicolas Lima,Inglês,8º Fundamental A,6,0.26,0.24,0.28,0.34,0.284,0.3065,0.084,0.0748,0.0,0.0,0.5568,0,Reprovado
Nicolas Lima,Matemática,8º Fundamental A,6,0.23,0.25,0.35,0.21,0.259,0.3065,0.012,0.1077,0.0,0.0,0.5238,0,Reprovado
Nicolas Lima,Português,8º Fundamental A,6,0.36,0.28,0.33,0.28,0.3085,0.3065,-0.057,0.0684,0.0,0.0,0.6067,0,Reprovado
Olivia Melo,Arte,8º Fundamental A,6,0.63,0.48,0.4,0.57,0.517,0.4597,-0.078,0.1749,0.0,0.0,0.6658,1,Recuperação
Olivia Melo,Ciências,8º Fundamental A,6,0.48,0.37,0.45,0.41,0.424,0.4597,-0.039,0.0829,0.0,0.0,0.5616,0,Reprovado
Olivia Melo,Educação Física,8º Fundamental A,6,0.63,0.45,0.45,,0.5014,0.4597,-0.18,0.1697,0.0,0.0,0.7234,1,Recuperação
Olivia Melo,Geografia,8º Fundamental A,6,0.39,0.49,0.33,0.53,0.442,0.4597,0.078,0.1584,0.0,0.0,0.5975,0,Reprovado
Olivia Melo,História,8º Fundamental A,6,0.48,0.36,0.43,0.4,0.4135,0.4597,-0.051,0.0876,0.0,0.0,0.5957,0,Reprovado
Olivia Melo,Inglês,8º Fundamental A,6,0.61,0.42,0.44,0.52,0.493,0.4597,-0.075,0.1499,0.0,0.0,0.5568,0,Reprovado
Olivia Melo,Matemática,8º Fundamental A,6,0.34,0.4,0.4,0.45,0.403,0.4597,0.099,0.0779,0.0,0.0,0.5238,0,Reprovado
Olivia Melo,Português,8º Fundamental A,6,0.42,0.48,0.46,0.55,0.484,0.4597,0.111,0.0942,0.0,0.0,0.6067,0,Reprovado
Olivia Santos,Arte,8º Fundamental A,6,0.4,0.43,0.43,0.3,0.385,0.3489,-0.09,0.1068,0.0,0.0,0.6658,0,Reprovado
Olivia Santos,Ciências,8º Fundamental A,6,0.13,0.34,0.36,,0.2871,0.3489,0.23,0.2081,0.0,0.0,0.5616,0,Reprovado
Olivia Santos,Educação Física,8º Fundamental A,6,0.29,0.65,0.52,0.59,0.5275,0.3489,0.231,0.2729,0.0,0.0,0.7234,1,Recuperação
Olivia Santos,Geografia,8º Fundamental A,6,0.34,0.43,0.26,,0.3436,0.3489,-0.08,0.1389,0.0,0.0,0.5975,0,Reprovado
Olivia Santos,História,8º Fundamental A,6,0.37,0.29,0.47,,0.3771,0.3489,0.1,0.1473,0.0,0.0,0.5957,0,Reprovado
Olivia Santos,Inglês,8º Fundamental A,6,0.2,0.38,0.37,0.38,0.3415,0.3489,0.159,0.1532,0.0,0.0,0.5568,0,Reprovado
Olivia Santos,Matemática,8º Fundamental A,6,0.28,0.12,0.28,0.26,0.234,0.3489,0.03,0.1338,0.0,0.0,0.5238,0,Reprovado
Olivia Santos,Português,8º Fundamental A,6,0.32,0.26,0.16,0.42,0.295,0.3489,0.06,0.1887,0.0,0.0,0.6067,0,Reprovado
Patricia Ramos,Arte,8º Fundamental A,6,0.42,0.19,0.37,0.13,0.263,0.2561,-0.207,0.2414,0.0,0.0,0.6658,0,Reprovado
Patricia Ramos,Ciências,8º Fundamental A,6,0.16,0.23,0.26,0.17,0.2055,0.2561,0.018,0.0831,0.0,0.0,0.5616,0,Reprovado
Patricia Ramos,Educação Física,8º Fundamental A,6,0.42,0.42,0.31,0.56,0.4345,0.2561,0.093,0.1774,0.0,0.0,0.7234,0,Reprovado
Patricia Ramos,Geografia,8º Fundamental A,6,0.06,0.24,0.35,0.15,0.2045,0.2561,0.114,0.2149,0.0,0.0,0.5975,0,Reprovado
Patricia Ramos,História,8º Fundamental A,6,0.3,0.09,0.32,0.36,0.2705,0.2561,0.123,0.2095,0.0,0.0,0.5957,0,Reprovado
Patricia Ramos,Inglês,8º Fundamental A,6,0.14,0.13,0.27,0.25,0.203,0.2561,0.141,0.126,0.0,0.0,0.5568,0,Reprovado
Patricia Ramos,Matemática,8º Fundamental A,6,0.22,0.22,0.28,0.24,0.241,0.2561,0.036,0.049,0.0,0.0,0.5238,0,Reprovado
Patricia Ramos,Português,8º Fundamental A,6,0.13,0.29,0.24,,0.2264,0.2561,0.11,0.1337,0.0,0.0,0.6067,0,Reprovado
Patrick Costa,Arte,8º Fundamental A,6,0.43,0.43,0.48,0.36,0.4215,0.3683,-0.048,0.0854,0.0,0.0,0.6658,0,Reprovado
Patrick Costa,Ciências,8º Fundamental A,6,0.33,0.26,0.42,,0.3371,0.3683,0.09,0.131,0.0,0.0,0.5616,0,Reprovado
Patrick Costa,Educação Física,8º Fundamental A,6,0.46,0.5,0.6,0.51,0.52,0.3683,0.075,0.1023,0.0,0.0,0.7234,1,Recuperação
Patrick Costa,Geografia,8º Fundamental A,6,0.38,0.36,0.28,,0.3371,0.3683,-0.1,0.0864,0.0,0.0,0.5975,0,Reprovado
Patrick Costa,História,8º Fundamental A,6,0.28,0.18,0.3,0.25,0.251,0.3683,0.009,0.091,0.0,0.0,0.5957,0,Reprovado
Patrick Costa,Inglês,8º Fundamental A,6,0.33,0.38,0.27,0.28,0.3125,0.3683,-0.078,0.0877,0.0,0.0,0.5568,0,Reprovado
Patrick Costa,Matemática,8º Fundamental A,6,0.31,0.36,0.35,0.39,0.3565,0.3683,0.069,0.0572,0.0,0.0,0.5238,0,Reprovado
Patrick Costa,Português,8º Fundamental A,6,0.42,0.32,0.41,0.48,0.4105,0.3683,0.081,0.1143,0.0,0.0,0.6067,0,Reprovado
Patrick Nascimento,Arte,8º Fundamental A,6,0.97,0.86,0.9,0.64,0.826,0.8224,-0.285,0.2467,0.0,1.0,0.6658,2,Aprovado
Patrick Nascimento,Ciências,8º Fundamental A,6,0.76,0.68,0.79,,0.7421,0.8224,0.03,0.0929,0.0,1.0,0.5616,2,Aprovado
Patrick Nascimento,Educação Física,8º Fundamental A,6,0.99,0.91,1.0,1.0,0.9755,0.8224,0.036,0.0755,0.0,1.0,0.7234,2,Aprovado
Patrick Nascimento,Geografia,8º Fundamental A,6,0.82,0.7,0.85,0.9,0.8215,0.8224,0.117,0.1472,0.0,1.0,0.5975,2,Aprovado
Patrick Nascimento,História,8º Fundamental A,6,0.76,0.88,0.97,0.93,0.8935,0.8224,0.18,0.1578,0.0,1.0,0.5957,2,Aprovado
Patrick Nascimento,Inglês,8º Fundamental A,6,0.79,0.82,0.62,,0.74,0.8224,-0.17,0.1761,0.0,1.0,0.5568,2,Aprovado
Patrick Nascimento,Matemática,8º Fundamental A,6,0.73,0.58,0.65,0.76,0.6815,0.8224,0.048,0.1407,0.0,1.0,0.5238,2,Aprovado
Patrick Nascimento,Português,8º Fundamental A,6,0.92,0.96,0.88,0.85,0.899,0.8224,-0.087,0.0829,0.0,1.0,0.6067,2,Aprovado
Pedro Rocha,Arte,8º Fundamental A,6,0.41,0.73,0.75,,0.6457,0.5724,0.34,0.3116,0.0,0.25,0.6658,2,Aprovado
Pedro Rocha,Ciências,8º Fundamental A,6,0.47,0.49,0.52,0.56,0.5145,0.5724,0.09,0.0678,0.0,0.25,0.5616,1,Recuperação
Pedro Rocha,Educação Física,8º Fundamental A,6,0.74,0.67,0.66,0.58,0.6545,0.5724,-0.147,0.1135,0.0,0.25,0.7234,2,Aprovado
Pedro Rocha,Geografia,8º Fundamental A,6,0.51,0.63,0.55,0.47,0.538,0.5724,-0.06,0.1183,0.0,0.25,0.5975,1,Recuperação
Pedro Rocha,História,8º Fundamental A,6,0.63,0.61,0.49,,0.5729,0.5724,-0.14,0.1236,0.0,0.25,0.5957,1,Recuperação
Pedro Rocha,Inglês,8º Fundamental A,6,0.53,0.53,0.44,0.64,0.5405,0.5724,0.072,0.1418,0.0,0.25,0.5568,1,Recuperação
Pedro Rocha,Matemática,8º Fundamental A,6,0.57,0.51,0.57,0.51,0.537,0.5724,-0.036,0.06,0.0,0.25,0.5238,1,Recuperação
Pedro Rocha,Português,8º Fundamental A,6,0.63,0.52,0.56,0.6,0.576,0.5724,-0.015,0.0829,0.0,0.25,0.6067,1,Recuperação
Rodrigo Castro,Arte,8º Fundamental A,6,1.0,1.0,0.89,,0.9607,0.9007,-0.11,0.1037,0.0,1.0,0.6658,2,Aprovado
Rodrigo Castro,Ciências,8º Fundamental A,6,0.94,0.88,0.76,0.86,0.856,0.9007,-0.108,0.1296,0.0,1.0,0.5616,2,Aprovado
Rodrigo Castro,Educação Física,8º Fundamental A,6,1.0,0.91,1.0,,0.9679,0.9007,0.0,0.0849,0.0,1.0,0.7234,2,Aprovado
Rodrigo Castro,Geografia,8º Fundamental A,6,1.0,0.92,0.91,0.91,0.9305,0.9007,-0.084,0.0755,0.0,1.0,0.5975,2,Aprovado
Rodrigo Castro,História,8º Fundamental A,6,0.86,0.96,0.92,0.79,0.879,0.9007,-0.075,0.1284,0.0,1.0,0.5957,2,Aprovado
Rodrigo Castro,Inglês,8º Fundamental A,6,0.86,0.84,0.83,,0.8421,0.9007,-0.03,0.0249,0.0,1.0,0.5568,2,Aprovado
Rodrigo Castro,Matemática,8º Fundamental A,6,0.81,0.89,0.96,0.66,0.8225,0.9007,-0.114,0.2232,0.0,1.0,0.5238,2,Aprovado
Rodrigo Castro,Português,8º Fundamental A,6,1.0,0.88,0.98,0.94,0.947,0.9007,-0.024,0.0917,0.0,1.0,0.6067,2,Aprovado
Sabrina Araújo,Arte,8º Fundamental A,6,0.75,0.78,0.71,0.8,0.7625,0.6555,0.024,0.0678,0.0,0.75,0.6658,2,Aprovado
Sabrina Araújo,Ciências,8º Fundamental A,6,0.65,0.61,0.63,,0.6286,0.6555,-0.02,0.0327,0.0,0.75,0.5616,2,Aprovado
Sabrina Araújo,Educação Física,8º Fundamental A,6,0.71,0.91,0.63,,0.7529,0.6555,-0.08,0.2355,0.0,0.75,0.7234,2,Aprovado
Sabrina Araújo,Geografia,8º Fundamental A,6,0.63,0.65,0.66,,0.6479,0.6555,0.03,0.0249,0.0,0.75,0.5975,2,Aprovado
Sabrina Araújo,História,8º Fundamental A,6,0.74,0.65,0.69,,0.69,0.6555,-0.05,0.0736,0.0,0.75,0.5957,2,Aprovado
Sabrina Araújo,Inglês,8º Fundamental A,6,0.69,0.67,0.56,0.47,0.5865,0.6555,-0.231,0.1774,0.0,0.75,0.5568,1,Recuperação
Sabrina Araújo,Matemática,8º Fundamental A,6,0.62,0.61,0.51,0.5,0.554,0.6555,-0.138,0.1105,0.0,0.75,0.5238,1,Recuperação
Sabrina Araújo,Português,8º Fundamental A,6,0.66,0.65,0.6,0.59,0.6215,0.6555,-0.078,0.0608,0.0,0.75,0.6067,2,Aprovado
Samuel Oliveira,Arte,8º Fundamental A,6,0.48,0.58,0.44,,0.5014,0.4446,-0.04,0.1178,0.0,0.125,0.6658,1,Recuperação
Samuel Oliveira,Ciências,8º Fundamental A,6,0.35,0.41,0.47,,0.4143,0.4446,0.12,0.098,0.0,0.125,0.5616,0,Reprovado
Samuel Oliveira,Educação Física,8º Fundamental A,6,0.68,0.56,0.61,,0.6121,0.4446,-0.07,0.0984,0.0,0.125,0.7234,2,Aprovado
Samuel Oliveira,Geografia,8º Fundamental A,6,0.56,0.35,0.28,0.5,0.4195,0.4446,-0.075,0.2247,0.0,0.125,0.5975,0,Reprovado
Samuel Oliveira,História,8º Fundamental A,6,0.41,0.52,0.41,,0.4493,0.4446,0.0,0.1037,0.0,0.125,0.5957,0,Reprovado
Samuel Oliveira,Inglês,8º Fundamental A,6,0.47,0.32,0.38,0.33,0.368,0.4446,-0.108,0.1187,0.0,0.125,0.5568,0,Reprovado
Samuel Oliveira,Matemática,8º Fundamental A,6,0.31,0.42,0.45,,0.3993,0.4446,0.14,0.1204,0.0,0.125,0.5238,0,Reprovado
Samuel Oliveira,Português,8º Fundamental A,6,0.51,0.46,0.38,0.27,0.393,0.4446,-0.24,0.1814,0.0,0.125,0.6067,0,Reprovado
Samuel Ribeiro,Arte,8º Fundamental A,6,0.55,0.49,0.57,0.72,0.591,0.488,0.177,0.1693,0.0,0.125,0.6658,1,Recuperação
Samuel Ribeiro,Ciências,8º Fundamental A,6,0.28,0.44,0.4,,0.38,0.488,0.12,0.136,0.0,0.125,0.5616,0,Reprovado
Samuel Ribeiro,Educação Física,8º Fundamental A,6,0.66,0.56,0.65,0.79,0.6715,0.488,0.144,0.164,0.0,0.125,0.7234,2,Aprovado
Samuel Ribeiro,Geografia,8º Fundamental A,6,0.45,0.43,0.43,,0.4357,0.488,-0.02,0.0189,0.0,0.125,0.5975,0,Reprovado
Samuel Ribeiro,História,8º Fundamental A,6,0.47,0.41,0.44,0.49,0.4535,0.488,0.027,0.0606,0.0,0.125,0.5957,0,Reprovado
Samuel Ribeiro,Inglês,8º Fundamental A,6,0.47,0.53,0.43,0.45,0.469,0.488,-0.048,0.0748,0.0,0.125,0.5568,0,Reprovado
Samuel Ribeiro,Matemática,8º Fundamental A,6,0.42,0.34,0.45,0.44,0.4135,0.488,0.051,0.0865,0.0,0.125,0.5238,0,Reprovado
Samuel Ribeiro,Português,8º Fundamental A,6,0.58,0.4,0.46,0.53,0.49,0.488,-0.027,0.1367,0.0,0.125,0.6067,0,Reprovado
Sofia Barbosa,Arte,8º Fundamental A,6,0.81,0.88,0.87,1.0,0.8995,0.8276,0.168,0.1378,0.0,1.0,0.6658,2,Aprovado
Sofia Barbosa,Ciências,8º Fundamental A,6,0.89,0.9,0.75,0.71,0.8035,0.8276,-0.207,0.1676,0.0,1.0,0.5616,2,Aprovado
Sofia Barbosa,Educação Física,8º Fundamental A,6,0.76,0.91,1.0,0.93,0.9085,0.8276,0.18,0.1749,0.0,1.0,0.7234,2,Aprovado
Sofia Barbosa,Geografia,8º Fundamental A,6,0.98,0.78,0.87,0.95,0.8935,0.8276,0.0,0.1552,0.0,1.0,0.5975,2,Aprovado
Sofia Barbosa,História,8º Fundamental A,6,0.72,0.75,0.91,0.77,0.79,0.8276,0.093,0.1459,0.0,1.0,0.5957,2,Aprovado
Sofia Barbosa,Inglês,8º Fundamental A,6,0.78,0.81,0.81,0.92,0.837,0.8276,0.126,0.1068,0.0,1.0,0.5568,2,Aprovado
Sofia Barbosa,Matemática,8º Fundamental A,6,0.59,0.72,0.7,,0.6757,0.8276,0.11,0.1143,0.0,1.0,0.5238,2,Aprovado
Sofia Barbosa,Português,8º Fundamental A,6,0.83,0.76,0.82,0.84,0.813,0.8276,0.027,0.0622,0.0,1.0,0.6067,2,Aprovado
Tatiane Teixeira,Arte,8º Fundamental A,6,0.66,0.55,0.5,0.62,0.5805,0.5114,-0.051,0.1236,0.0,0.0,0.6658,1,Recuperação
Tatiane Teixeira,Ciências,8º Fundamental A,6,0.48,0.58,0.59,,0.555,0.5114,0.11,0.0993,0.0,0.0,0.5616,1,Recuperação
Tatiane Teixeira,Educação Física,8º Fundamental A,6,0.38,0.64,0.57,0.67,0.5795,0.5114,0.24,0.2256,0.0,0.0,0.7234,1,Recuperação
Tatiane Teixeira,Geografia,8º Fundamental A,6,0.51,0.44,0.4,0.39,0.429,0.5114,-0.12,0.0943,0.0,0.0,0.5975,0,Reprovado
Tatiane Teixeira,História,8º Fundamental A,6,0.61,0.5,0.36,,0.4814,0.5114,-0.25,0.2046,0.0,0.0,0.5957,0,Reprovado
Tatiane Teixeira,Inglês,8º Fundamental A,6,0.46,0.43,0.53,0.35,0.437,0.5114,-0.069,0.1291,0.0,0.0,0.5568,0,Reprovado
Tatiane Teixeira,Matemática,8º Fundamental A,6,0.53,0.41,0.44,0.43,0.4475,0.5114,-0.081,0.0921,0.0,0.0,0.5238,0,Reprovado
Tatiane Teixeira,Português,8º Fundamental A,6,0.61,0.51,0.63,,0.5814,0.5114,0.02,0.105,0.0,0.0,0.6067,1,Recuperação
Thaís Correia,Arte,8º Fundamental A,6,0.67,0.61,0.65,0.55,0.614,0.5497,-0.096,0.0917,0.0,0.25,0.6658,2,Aprovado
Thaís Correia,Ciências,8º Fundamental A,6,0.39,0.51,0.57,0.55,0.513,0.5497,0.162,0.1396,0.0,0.25,0.5616,1,Recuperação
Thaís Correia,Educação Física,8º Fundamental A,6,0.77,0.72,0.72,0.64,0.706,0.5497,-0.117,0.0931,0.0,0.25,0.7234,2,Aprovado
Thaís Correia,Geografia,8º Fundamental A,6,0.47,0.61,0.39,0.44,0.476,0.5497,-0.093,0.1633,0.0,0.25,0.5975,0,Reprovado
Thaís Correia,História,8º Fundamental A,6,0.6,0.57,0.52,,0.5607,0.5497,-0.08,0.066,0.0,0.25,0.5957,1,Recuperação
Thaís Correia,Inglês,8º Fundamental A,6,0.55,0.48,0.6,0.59,0.557,0.5497,0.072,0.0943,0.0,0.25,0.5568,1,Recuperação
Thaís Correia,Matemática,8º Fundamental A,6,0.51,0.41,0.4,,0.435,0.5497,-0.11,0.0993,0.0,0.25,0.5238,0,Reprovado
Thaís Correia,Português,8º Fundamental A,6,0.71,0.51,0.55,0.43,0.536,0.5497,-0.24,0.204,0.0,0.25,0.6067,1,Recuperação
Thiago Dias,Arte,8º Fundamental A,6,0.82,0.93,0.65,0.95,0.844,0.7583,0.033,0.2381,0.0,1.0,0.6658,2,Aprovado
Thiago Dias,Ciências,8º Fundamental A,6,0.7,0.65,0.67,0.71,0.683,0.7583,0.015,0.0477,0.0,1.0,0.5616,2,Aprovado
Thiago Dias,Educação Física,8º Fundamental A,6,0.92,0.8,0.88,0.87,0.865,0.7583,-0.021,0.0865,0.0,1.0,0.7234,2,Aprovado
Thiago Dias,Geografia,8º Fundamental A,6,0.87,0.85,0.68,,0.795,0.7583,-0.19,0.1705,0.0,1.0,0.5975,2,Aprovado
Thiago Dias,História,8º Fundamental A,6,0.77,0.76,0.72,,0.7486,0.7583,-0.05,0.0432,0.0,1.0,0.5957,2,Aprovado
Thiago Dias,Inglês,8º Fundamental A,6,0.66,0.73,0.79,,0.7314,0.7583,0.13,0.1062,0.0,1.0,0.5568,2,Aprovado
Thiago Dias,Matemática,8º Fundamental A,6,0.5,0.62,0.76,0.56,0.613,0.7583,0.096,0.1929,0.0,1.0,0.5238,2,Aprovado
Thiago Dias,Português,8º Fundamental A,6,0.89,0.74,0.75,,0.7864,0.7583,-0.14,0.137,0.0,1.0,0.6067,2,Aprovado
Ana Guimarães,Arte,8º Fundamental B,6,0.82,0.41,0.64,,0.6093,0.5905,-0.18,0.3356,0.0,0.625,0.7069,2,Aprovado
Ana Guimarães,Ciências,8º Fundamental B,6,0.68,0.58,0.6,,0.6157,0.5905,-0.08,0.0864,0.0,0.625,0.6232,2,Aprovado
Ana Guimarães,Educação Física,8º Fundamental B,6,0.69,0.6,0.68,0.79,0.695,0.5905,0.114,0.1349,0.0,0.625,0.7611,2,Aprovado
Ana Guimarães,Geografia,8º Fundamental B,6,0.52,0.63,0.6,0.64,0.6035,0.5905,0.099,0.0942,0.0,0.625,0.6468,2,Aprovado
Ana Guimarães,História,8º Fundamental B,6,0.52,0.61,0.46,0.52,0.5275,0.5905,-0.045,0.1071,0.0,0.625,0.6397,1,Recuperação
Ana Guimarães,Inglês,8º Fundamental B,6,0.43,0.64,0.55,,0.5479,0.5905,0.12,0.172,0.0,0.625,0.604,1,Recuperação
Ana Guimarães,Matemática,8º Fundamental B,6,0.63,0.55,0.44,0.42,0.4995,0.5905,-0.222,0.1703,0.0,0.625,0.5625,0,Reprovado
Ana Guimarães,Português,8º Fundamental B,6,0.55,0.75,0.63,0.57,0.626,0.5905,-0.018,0.1559,0.0,0.625,0.622,2,Aprovado
Ana Tavares,Arte,8º Fundamental B,6,0.65,0.67,0.61,0.48,0.594,0.5048,-0.171,0.1479,0.0,0.0,0.7069,1,Recuperação
Ana Tavares,Ciências,8º Fundamental B,6,0.59,0.5,0.56,0.44,0.515,0.5048,-0.117,0.1152,0.0,0.0,0.6232,1,Recuperação
Ana Tavares,Educação Física,8º Fundamental B,6,0.56,0.57,0.49,0.57,0.548,0.5048,-0.015,0.0669,0.0,0.0,0.7611,1,Recuperação
Ana Tavares,Geografia,8º Fundamental B,6,0.38,0.56,0.51,0.48,0.4875,0.5048,0.075,0.1314,0.0,0.0,0.6468,0,Reprovado
Ana Tavares,História,8º Fundamental B,6,0.57,0.51,0.52,0.68,0.5755,0.5048,0.102,0.1349,0.0,0.0,0.6397,1,Recuperação
Ana Tavares,Inglês,8º Fundamental B,6,0.41,0.34,0.5,0.47,0.433,0.5048,0.102,0.1225,0.0,0.0,0.604,0,Reprovado
Ana Tavares,Matemática,8º Fundamental B,6,0.44,0.53,0.39,,0.4543,0.5048,-0.05,0.1159,0.0,0.0,0.5625,0,Reprovado
Ana Tavares,Português,8º Fundamental B,6,0.51,0.35,0.45,,0.4314,0.5048,-0.06,0.132,0.0,0.0,0.622,0,Reprovado
André Martins,Arte,8º Fundamental B,6,0.89,0.71,0.74,0.75,0.7655,0.6183,-0.117,0.1388,0.0,0.5,0.7069,2,Aprovado
André Martins,Ciências,8º Fundamental B,6,0.58,0.65,0.49,0.6,0.581,0.6183,-0.03,0.1158,0.0,0.5,0.6232,1,Recuperação
André Martins,Educação Física,8º Fundamental B,6,0.81,0.6,0.69,0.83,0.7335,0.6183,0.045,0.1867,0.0,0.5,0.7611,2,Aprovado
André Martins,Geografia,8º Fundamental B,6,0.59,0.55,0.54,0.55,0.5555,0.6183,-0.039,0.0384,0.0,0.5,0.6468,1,Recuperação
André Martins,História,8º Fundamental B,6,0.63,0.66,0.59,0.55,0.6035,0.6183,-0.093,0.0829,0.0,0.5,0.6397,2,Aprovado
André Martins,Inglês,8º Fundamental B,6,0.59,0.53,0.58,,0.565,0.6183,-0.01,0.0525,0.0,0.5,0.604,1,Recuperação
André Martins,Matemática,8º Fundamental B,6,0.52,0.61,0.54,0.38,0.5055,0.6183,-0.147,0.167,0.0,0.5,0.5625,1,Recuperação
André Martins,Português,8º Fundamental B,6,0.68,0.55,0.69,,0.6371,0.6183,0.01,0.1275,0.0,0.5,0.622,2,Aprovado
Beatriz Guimarães,Arte,8º Fundamental B,6,0.46,0.33,0.19,0.4,0.342,0.3202,-0.096,0.2012,0.0,0.0,0.7069,0,Reprovado
Beatriz Guimarães,Ciências,8º Fundamental B,6,0.31,0.25,0.26,0.24,0.2615,0.3202,-0.06,0.0539,0.0,0.0,0.6232,0,Reprovado
Beatriz Guimarães,Educação Física,8º Fundamental B,6,0.52,0.38,0.52,,0.47,0.3202,0.0,0.132,0.0,0.0,0.7611,0,Reprovado
Beatriz Guimarães,Geografia,8º Fundamental B,6,0.39,0.49,0.28,0.32,0.3665,0.3202,-0.126,0.1594,0.0,0.0,0.6468,0,Reprovado
Beatriz Guimarães,História,8º Fundamental B,6,0.35,0.35,0.29,0.35,0.335,0.3202,-0.018,0.052,0.0,0.0,0.6397,0,Reprovado
Beatriz Guimarães,Inglês,8º Fundamental B,6,0.3,0.14,0.33,0.28,0.2615,0.3202,0.039,0.1459,0.0,0.0,0.604,0,Reprovado
Beatriz Guimarães,Matemática,8º Fundamental B,6,0.24,0.32,0.15,,0.2364,0.3202,-0.09,0.1389,0.0,0.0,0.5625,0,Reprovado
Beatriz Guimarães,Português,8º Fundamental B,6,0.32,0.33,0.28,0.24,0.2885,0.3202,-0.087,0.0712,0.0,0.0,0.622,0,Reprovado
Bruno Campos,Arte,8º Fundamental B,6,0.89,0.89,0.8,1.0,0.9005,0.8645,0.072,0.1418,0.0,1.0,0.7069,2,Aprovado
Bruno Campos,Ciências,8º Fundamental B,6,1.0,0.75,0.85,0.77,0.831,0.8645,-0.177,0.1967,0.0,1.0,0.6232,2,Aprovado
Bruno Campos,Educação Física,8º Fundamental B,6,1.0,0.92,0.98,,0.9643,0.8645,-0.02,0.068,0.0,1.0,0.7611,2,Aprovado
Bruno Campos,Geografia,8º Fundamental B,6,0.92,0.77,1.0,,0.895,0.8645,0.08,0.1907,0.0,1.0,0.6468,2,Aprovado
Bruno Campos,História,8º Fundamental B,6,0.83,0.84,0.96,0.94,0.898,0.8645,0.135,0.1161,0.0,1.0,0.6397,2,Aprovado
Bruno Campos,Inglês,8º Fundamental B,6,0.91,0.83,0.81,0.86,0.85,0.8645,-0.051,0.0753,0.0,1.0,0.604,2,Aprovado
Bruno Campos,Matemática,8º Fundamental B,6,0.68,0.83,0.62,,0.7121,0.8645,-0.06,0.1766,0.0,1.0,0.5625,2,Aprovado
Bruno Campos,Português,8º Fundamental B,6,0.8,0.8,1.0,0.85,0.865,0.8645,0.105,0.1639,0.0,1.0,0.622,2,Aprovado
Bruno Silva,Arte,8º Fundamental B,6,0.79,0.74,0.9,0.78,0.802,0.7846,0.039,0.1186,0.0,1.0,0.7069,2,Aprovado
Bruno Silva,Ciências,8º Fundamental B,6,0.77,0.87,0.81,0.69,0.781,0.7846,-0.09,0.1308,0.0,1.0,0.6232,2,Aprovado
Bruno Silva,Educação Física,8º Fundamental B,6,0.83,1.0,0.92,,0.9229,0.7846,0.09,0.1389,0.0,1.0,0.7611,2,Aprovado
Bruno Silva,Geografia,8º Fundamental B,6,1.0,0.81,0.8,0.72,0.8185,0.7846,-0.255,0.2056,0.0,1.0,0.6468,2,Aprovado
Bruno Silva,História,8º Fundamental B,6,0.64,0.66,0.78,0.73,0.707,0.7846,0.117,0.1117,0.0,1.0,0.6397,2,Aprovado
Bruno Silva,Inglês,8º Fundamental B,6,0.63,0.74,0.8,,0.73,0.7846,0.17,0.1408,0.0,1.0,0.604,2,Aprovado
Bruno Silva,Matemática,8º Fundamental B,6,0.7,0.76,0.87,0.68,0.7515,0.7846,0.015,0.1479,0.0,1.0,0.5625,2,Aprovado
Bruno Silva,Português,8º Fundamental B,6,0.85,0.73,0.77,0.73,0.764,0.7846,-0.096,0.098,0.0,1.0,0.622,2,Aprovado
Caio Cunha,Arte,8º Fundamental B,6,0.75,0.71,0.61,0.73,0.699,0.6346,-0.048,0.1077,0.0,0.625,0.7069,2,Aprovado
Caio Cunha,Ciências,8º Fundamental B,6,0.61,0.63,0.69,0.48,0.596,0.6346,-0.099,0.1532,0.0,0.625,0.6232,1,Recuperação
Caio Cunha,Educação Física,8º Fundamental B,6,0.64,0.76,0.82,,0.7471,0.6346,0.18,0.1497,0.0,0.625,0.7611,2,Aprovado
Caio Cunha,Geografia,8º Fundamental B,6,0.73,0.63,0.65,0.6,0.646,0.6346,-0.111,0.0963,0.0,0.625,0.6468,2,Aprovado
Caio Cunha,História,8º Fundamental B,6,0.68,0.68,0.78,0.6,0.681,0.6346,-0.042,0.1277,0.0,0.625,0.6397,2,Aprovado
Caio Cunha,Inglês,8º Fundamental B,6,0.77,0.71,0.76,0.51,0.6745,0.6346,-0.219,0.2099,0.0,0.625,0.604,2,Aprovado
Caio Cunha,Matemática,8º Fundamental B,6,0.5,0.48,0.35,,0.4393,0.6346,-0.15,0.133,0.0,0.625,0.5625,0,Reprovado
Caio Cunha,Português,8º Fundamental B,6,0.6,0.73,0.53,0.53,0.594,0.6346,-0.123,0.1633,0.0,0.625,0.622,1,Recuperação
Carla Ramos,Arte,8º Fundamental B,6,0.67,0.77,0.54,,0.6593,0.6209,-0.13,0.1883,0.0,0.625,0.7069,2,Aprovado
Carla Ramos,Ciências,8º Fundamental B,6,0.58,0.66,0.69,0.72,0.6695,0.6209,0.135,0.1043,0.0,0.625,0.6232,2,Aprovado
Carla Ramos,Educação Física,8º Fundamental B,6,0.67,0.76,0.87,,0.7736,0.6209,0.2,0.1636,0.0,0.625,0.7611,2,Aprovado
Carla Ramos,Geografia,8º Fundamental B,6,0.52,0.55,0.63,0.59,0.576,0.6209,0.087,0.0829,0.0,0.625,0.6468,1,Recuperação
Carla Ramos,História,8º Fundamental B,6,0.65,0.82,0.61,0.59,0.6645,0.6209,-0.117,0.1813,0.0,0.625,0.6397,2,Aprovado
Carla Ramos,Inglês,8º Fundamental B,6,0.62,0.42,0.47,0.71,0.5595,0.6209,0.096,0.2317,0.0,0.625,0.604,1,Recuperação
Carla Ramos,Matemática,8º Fundamental B,6,0.39,0.55,0.53,0.38,0.462,0.6209,-0.015,0.1558,0.0,0.625,0.5625,0,Reprovado
Carla Ramos,Português,8º Fundamental B,6,0.46,0.67,0.65,,0.6029,0.6209,0.19,0.1893,0.0,0.625,0.622,2,Aprovado
Carlos Correia,Arte,8º Fundamental B,6,0.66,0.74,0.79,0.78,0.7485,0.7084,0.123,0.1023,0.0,1.0,0.7069,2,Aprovado
Carlos Correia,Ciências,8º Fundamental B,6,0.59,0.63,0.72,0.66,0.6535,0.7084,0.09,0.0949,0.0,1.0,0.6232,2,Aprovado
Carlos Correia,Educação Física,8º Fundamental B,6,0.84,0.71,0.81,0.93,0.827,0.7084,0.111,0.1571,0.0,1.0,0.7611,2,Aprovado
Carlos Correia,Geografia,8º Fundamental B,6,0.66,0.76,0.68,,0.7029,0.7084,0.02,0.0864,0.0,1.0,0.6468,2,Aprovado
Carlos Correia,História,8º Fundamental B,6,0.76,0.67,0.7,0.69,0.7015,0.7084,-0.054,0.0671,0.0,1.0,0.6397,2,Aprovado
Carlos Correia,Inglês,8º Fundamental B,6,0.78,0.53,0.71,,0.6657,0.7084,-0.07,0.2106,0.0,1.0,0.604,2,Aprovado
Carlos Correia,Matemática,8º Fundamental B,6,0.73,0.6,0.61,0.67,0.6495,0.7084,-0.051,0.1043,0.0,1.0,0.5625,2,Aprovado
Carlos Correia,Português,8º Fundamental B,6,0.79,0.69,0.69,,0.7186,0.7084,-0.1,0.0943,0.0,1.0,0.622,2,Aprovado
Felipe Oliveira,Arte,8º Fundamental B,6,0.92,0.76,0.92,0.82,0.85,0.8193,-0.042,0.1367,0.0,1.0,0.7069,2,Aprovado
Felipe Oliveira,Ciências,8º Fundamental B,6,0.81,0.74,0.83,0.85,0.8095,0.8193,0.063,0.0829,0.0,1.0,0.6232,2,Aprovado
Felipe Oliveira,Educação Física,8º Fundamental B,6,0.94,0.88,0.96,0.99,0.945,0.8193,0.069,0.0805,0.0,1.0,0.7611,2,Aprovado
Felipe Oliveira,Geografia,8º Fundamental B,6,0.76,0.9,0.76,0.9,0.837,0.8193,0.084,0.14,0.0,1.0,0.6468,2,Aprovado
Felipe Oliveira,História,8º Fundamental B,6,0.81,0.79,0.8,0.69,0.7665,0.8193,-0.105,0.0963,0.0,1.0,0.6397,2,Aprovado
Felipe Oliveira,Inglês,8º Fundamental B,6,0.84,0.68,0.91,0.83,0.8145,0.8193,0.06,0.1676,0.0,1.0,0.604,2,Aprovado
Felipe Oliveira,Matemática,8º Fundamental B,6,0.68,0.82,0.71,0.65,0.7135,0.8193,-0.06,0.1285,0.0,1.0,0.5625,2,Aprovado
Felipe Oliveira,Português,8º Fundamental B,6,0.79,0.87,0.79,,0.8186,0.8193,0.0,0.0754,0.0,1.0,0.622,2,Aprovado
Felipe Santos,Arte,8º Fundamental B,6,0.79,0.62,0.58,0.51,0.611,0.5108,-0.264,0.2062,0.0,0.25,0.7069,2,Aprovado
Felipe Santos,Ciências,8º Fundamental B,6,0.42,0.38,0.43,0.47,0.4275,0.5108,0.06,0.064,0.0,0.25,0.6232,0,Reprovado
Felipe Santos,Educação Física,8º Fundamental B,6,0.64,0.68,0.73,,0.6864,0.5108,0.09,0.0736,0.0,0.25,0.7611,2,Aprovado
Felipe Santos,Geografia,8º Fundamental B,6,0.48,0.44,0.47,0.43,0.4525,0.5108,-0.036,0.0412,0.0,0.25,0.6468,0,Reprovado
Felipe Santos,História,8º Fundamental B,6,0.51,0.63,0.5,0.48,0.5285,0.5108,-0.066,0.1175,0.0,0.25,0.6397,1,Recuperação
Felipe Santos,Inglês,8º Fundamental B,6,0.28,0.33,0.49,0.42,0.387,0.5108,0.174,0.1619,0.0,0.25,0.604,0,Reprovado
Felipe Santos,Matemática,8º Fundamental B,6,0.51,0.49,0.5,,0.4993,0.5108,-0.01,0.0163,0.0,0.25,0.5625,0,Reprovado
Felipe Santos,Português,8º Fundamental B,6,0.46,0.57,0.44,0.5,0.4945,0.5108,-0.003,0.0994,0.0,0.25,0.622,0,Reprovado
Gabriel Dias,Arte,8º Fundamental B,6,0.52,0.66,0.6,0.52,0.575,0.5611,-0.018,0.1179,0.0,0.25,0.7069,1,Recuperação
Gabriel Dias,Ciências,8º Fundamental B,6,0.5,0.61,0.57,,0.5643,0.5611,0.07,0.0909,0.0,0.25,0.6232,1,Recuperação
Gabriel Dias,Educação Física,8º Fundamental B,6,0.7,0.68,0.69,0.65,0.6775,0.5611,-0.042,0.0374,0.0,0.25,0.7611,2,Aprovado
Gabriel Dias,Geografia,8º Fundamental B,6,0.62,0.64,0.64,0.72,0.66,0.5611,0.09,0.0768,0.0,0.25,0.6468,2,Aprovado
Gabriel Dias,História,8º Fundamental B,6,0.59,0.52,0.59,0.6,0.5755,0.5611,0.03,0.064,0.0,0.25,0.6397,1,Recuperação
Gabriel Dias,Inglês,8º Fundamental B,6,0.59,0.5,0.42,,0.4971,0.5611,-0.17,0.1389,0.0,0.25,0.604,0,Reprovado
Gabriel Dias,Matemática,8º Fundamental B,6,0.42,0.45,0.4,,0.4236,0.5611,-0.02,0.0411,0.0,0.25,0.5625,0,Reprovado
Gabriel Dias,Português,8º Fundamental B,6,0.53,0.54,0.5,0.5,0.516,0.5611,-0.039,0.0357,0.0,0.25,0.622,1,Recuperação
Helena Cavalcanti,Arte,8º Fundamental B,6,0.91,0.9,1.0,,0.9386,0.8388,0.09,0.0899,0.0,1.0,0.7069,2,Aprovado
Helena Cavalcanti,Ciências,8º Fundamental B,6,0.82,0.97,0.83,,0.8771,0.8388,0.01,0.137,0.0,1.0,0.6232,2,Aprovado
Helena Cavalcanti,Educação Física,8º Fundamental B,6,1.0,0.91,0.94,1.0,0.9625,0.8388,0.009,0.0779,0.0,1.0,0.7611,2,Aprovado
Helena Cavalcanti,Geografia,8º Fundamental B,6,0.62,0.73,0.79,0.68,0.708,0.8388,0.072,0.1253,0.0,1.0,0.6468,2,Aprovado
Helena Cavalcanti,História,8º Fundamental B,6,0.66,0.73,0.83,0.91,0.795,0.8388,0.255,0.1905,0.0,1.0,0.6397,2,Aprovado
Helena Cavalcanti,Inglês,8º Fundamental B,6,0.78,0.8,0.89,0.82,0.8245,0.8388,0.063,0.0829,0.0,1.0,0.604,2,Aprovado
Helena Cavalcanti,Matemática,8º Fundamental B,6,0.8,0.67,0.68,0.96,0.7855,0.8388,0.147,0.2343,0.0,1.0,0.5625,2,Aprovado
Helena Cavalcanti,Português,8º Fundamental B,6,0.88,0.83,0.7,0.87,0.8195,0.8388,-0.048,0.1435,0.0,1.0,0.622,2,Aprovado
Helena Marques,Arte,8º Fundamental B,6,0.99,0.82,0.78,,0.8543,0.8541,-0.21,0.1821,0.0,1.0,0.7069,2,Aprovado
Helena Marques,Ciências,8º Fundamental B,6,0.83,0.89,0.77,0.77,0.812,0.8541,-0.09,0.0995,0.0,1.0,0.6232,2,Aprovado
Helena Marques,Educação Física,8º Fundamental B,6,1.0,1.0,0.85,,0.9464,0.8541,-0.15,0.1414,0.0,1.0,0.7611,2,Aprovado
Helena Marques,Geografia,8º Fundamental B,6,1.0,0.95,0.87,0.86,0.913,0.8541,-0.15,0.1158,0.0,1.0,0.6468,2,Aprovado
Helena Marques,História,8º Fundamental B,6,0.75,0.92,0.86,,0.85,0.8541,0.11,0.1408,0.0,1.0,0.6397,2,Aprovado
Helena Marques,Inglês,8º Fundamental B,6,0.62,0.77,1.0,,0.8093,0.8541,0.38,0.3126,0.0,1.0,0.604,2,Aprovado
Helena Marques,Matemática,8º Fundamental B,6,0.75,0.74,0.76,0.86,0.783,0.8541,0.105,0.0963,0.0,1.0,0.5625,2,Aprovado
Helena Marques,Português,8º Fundamental B,6,1.0,0.87,0.9,0.74,0.8645,0.8541,-0.225,0.1857,0.0,1.0,0.622,2,Aprovado
Heloisa Oliveira,Arte,8º Fundamental B,6,0.51,0.53,0.49,0.48,0.501,0.482,-0.039,0.0384,0.0,0.0,0.7069,1,Recuperação
Heloisa Oliveira,Ciências,8º Fundamental B,6,0.39,0.4,0.48,0.43,0.427,0.482,0.06,0.07,0.0,0.0,0.6232,0,Reprovado
Heloisa Oliveira,Educação Física,8º Fundamental B,6,0.68,0.61,0.54,0.49,0.5705,0.482,-0.192,0.1435,0.0,0.0,0.7611,1,Recuperação
Heloisa Oliveira,Geografia,8º Fundamental B,6,0.37,0.54,0.54,,0.4914,0.482,0.17,0.1603,0.0,0.0,0.6468,0,Reprovado
Heloisa Oliveira,História,8º Fundamental B,6,0.45,0.48,0.51,0.59,0.5145,0.482,0.135,0.1043,0.0,0.0,0.6397,1,Recuperação
Heloisa Oliveira,Inglês,8º Fundamental B,6,0.42,0.59,0.46,0.48,0.4905,0.482,0.015,0.126,0.0,0.0,0.604,0,Reprovado
Heloisa Oliveira,Matemática,8º Fundamental B,6,0.59,0.28,0.31,,0.3793,0.482,-0.28,0.2792,0.0,0.0,0.5625,0,Reprovado
Heloisa Oliveira,Português,8º Fundamental B,6,0.46,0.54,0.43,0.49,0.4815,0.482,-0.006,0.0812,0.0,0.0,0.622,0,Reprovado
Henrique Pinto,Arte,8º Fundamental B,6,1.0,0.97,0.94,1.0,0.9775,0.8917,-0.009,0.0497,0.0,1.0,0.7069,2,Aprovado
Henrique Pinto,Ciências,8º Fundamental B,6,0.88,0.92,0.82,0.89,0.878,0.8917,-0.021,0.0726,0.0,1.0,0.6232,2,Aprovado
Henrique Pinto,Educação Física,8º Fundamental B,6,0.95,1.0,0.87,,0.9393,0.8917,-0.08,0.1071,0.0,1.0,0.7611,2,Aprovado
Henrique Pinto,Geografia,8º Fundamental B,6,0.98,0.95,0.77,,0.8943,0.8917,-0.21,0.1855,0.0,1.0,0.6468,2,Aprovado
Henrique Pinto,História,8º Fundamental B,6,0.92,0.83,0.86,0.81,0.8495,0.8917,-0.09,0.0831,0.0,1.0,0.6397,2,Aprovado
Henrique Pinto,Inglês,8º Fundamental B,6,0.78,0.94,0.83,,0.855,0.8917,0.05,0.1337,0.0,1.0,0.604,2,Aprovado
Henrique Pinto,Matemática,8º Fundamental B,6,0.89,0.95,0.79,,0.8757,0.8917,-0.1,0.132,0.0,1.0,0.5625,2,Aprovado
Henrique Pinto,Português,8º Fundamental B,6,0.8,0.83,0.95,,0.8643,0.8917,0.15,0.1296,0.0,1.0,0.622,2,Aprovado
Hugo Tavares,Arte,8º Fundamental B,6,0.57,0.65,0.71,0.8,0.694,0.681,0.225,0.1682,0.0,0.875,0.7069,2,Aprovado
Hugo Tavares,Ciências,8º Fundamental B,6,0.78,0.52,0.71,0.64,0.6555,0.681,-0.069,0.192,0.0,0.875,0.6232,2,Aprovado
Hugo Tavares,Educação Física,8º Fundamental B,6,0.79,0.83,1.0,0.77,0.8465,0.681,0.033,0.1813,0.0,0.875,0.7611,2,Aprovado
Hugo Tavares,Geografia,8º Fundamental B,6,0.49,0.73,0.63,,0.6257,0.681,0.14,0.1969,0.0,0.875,0.6468,2,Aprovado
Hugo Tavares,História,8º Fundamental B,6,0.69,0.72,0.72,0.75,0.723,0.681,0.054,0.0424,0.0,0.875,0.6397,2,Aprovado
Hugo Tavares,Inglês,8º Fundamental B,6,0.45,0.81,0.67,,0.6571,0.681,0.22,0.2963,0.0,0.875,0.604,2,Aprovado
Hugo Tavares,Matemática,8º Fundamental B,6,0.69,0.55,0.51,0.61,0.586,0.681,-0.084,0.1356,0.0,0.875,0.5625,1,Recuperação
Hugo Tavares,Português,8º Fundamental B,6,0.69,0.78,0.59,0.6,0.6605,0.681,-0.138,0.1539,0.0,0.875,0.622,2,Aprovado
Igor Pinto,Arte,8º Fundamental B,6,0.44,0.5,0.54,,0.4971,0.4314,0.1,0.0822,0.0,0.0,0.7069,0,Reprovado
Igor Pinto,Ciências,8º Fundamental B,6,0.33,0.29,0.47,0.41,0.379,0.4314,0.126,0.1396,0.0,0.0,0.6232,0,Reprovado
Igor Pinto,Educação Física,8º Fundamental B,6,0.43,0.5,0.68,0.66,0.579,0.4314,0.261,0.2114,0.0,0.0,0.7611,1,Recuperação
Igor Pinto,Geografia,8º Fundamental B,6,0.32,0.47,0.45,,0.42,0.4314,0.13,0.133,0.0,0.0,0.6468,0,Reprovado
Igor Pinto,História,8º Fundamental B,6,0.35,0.4,0.33,0.42,0.3785,0.4314,0.042,0.0728,0.0,0.0,0.6397,0,Reprovado
Igor Pinto,Inglês,8º Fundamental B,6,0.3,0.33,0.43,,0.3571,0.4314,0.13,0.1112,0.0,0.0,0.604,0,Reprovado
Igor Pinto,Matemática,8º Fundamental B,6,0.27,0.47,0.46,0.42,0.4125,0.4314,0.132,0.1603,0.0,0.0,0.5625,0,Reprovado
Igor Pinto,Português,8º Fundamental B,6,0.23,0.45,0.55,0.44,0.428,0.4314,0.219,0.233,0.0,0.0,0.622,0,Reprovado
Iris Cunha,Arte,8º Fundamental B,6,0.84,0.72,0.88,,0.8114,0.7148,0.04,0.136,0.0,0.875,0.7069,2,Aprovado
Iris Cunha,Ciências,8º Fundamental B,6,0.7,0.65,0.83,0.79,0.747,0.7148,0.135,0.1424,0.0,0.875,0.6232,2,Aprovado
Iris Cunha,Educação Física,8º Fundamental B,6,0.91,0.87,0.82,,0.8636,0.7148,-0.09,0.0736,0.0,0.875,0.7611,2,Aprovado
Iris Cunha,Geografia,8º Fundamental B,6,0.61,0.64,0.78,0.73,0.696,0.7148,0.15,0.1364,0.0,0.875,0.6468,2,Aprovado
Iris Cunha,História,8º Fundamental B,6,0.72,0.86,0.55,0.85,0.7515,0.7148,0.024,0.2508,0.0,0.875,0.6397,2,Aprovado
Iris Cunha,Inglês,8º Fundamental B,6,0.85,0.62,0.74,0.6,0.69,0.7148,-0.189,0.2012,0.0,0.875,0.604,2,Aprovado
Iris Cunha,Matemática,8º Fundamental B,6,0.68,0.42,0.49,,0.5193,0.7148,-0.19,0.2197,0.0,0.875,0.5625,1,Recuperação
Iris Cunha,Português,8º Fundamental B,6,0.55,0.67,0.68,,0.6393,0.7148,0.13,0.1181,0.0,0.875,0.622,2,Aprovado
Isabela Oliveira,Arte,8º Fundamental B,6,0.71,0.76,0.66,0.77,0.728,0.6185,0.024,0.0877,0.0,0.625,0.7069,2,Aprovado
Isabela Oliveira,Ciências,8º Fundamental B,6,0.79,0.64,0.64,,0.6829,0.6185,-0.15,0.1414,0.0,0.625,0.6232,2,Aprovado
Isabela Oliveira,Educação Física,8º Fundamental B,6,0.66,0.69,0.7,0.79,0.7165,0.6185,0.12,0.097,0.0,0.625,0.7611,2,Aprovado
Isabela Oliveira,Geografia,8º Fundamental B,6,0.6,0.62,0.76,,0.6643,0.6185,0.16,0.1424,0.0,0.625,0.6468,2,Aprovado
Isabela Oliveira,História,8º Fundamental B,6,0.63,0.67,0.7,0.56,0.6365,0.6185,-0.054,0.1049,0.0,0.625,0.6397,2,Aprovado
Isabela Oliveira,Inglês,8º Fundamental B,6,0.62,0.46,0.49,,0.5164,0.6185,-0.13,0.1389,0.0,0.625,0.604,1,Recuperação
Isabela Oliveira,Matemática,8º Fundamental B,6,0.45,0.38,0.55,0.47,0.4635,0.6185,0.069,0.1211,0.0,0.625,0.5625,0,Reprovado
Isabela Oliveira,Português,8º Fundamental B,6,0.74,0.45,0.47,,0.54,0.6185,-0.27,0.2645,0.0,0.625,0.622,1,Recuperação
Jessica Costa,Arte,8º Fundamental B,6,0.44,0.34,0.45,,0.4079,0.3546,0.01,0.0993,0.0,0.0,0.7069,0,Reprovado
Jessica Costa,Ciências,8º Fundamental B,6,0.32,0.26,0.28,0.4,0.319,0.3546,0.078,0.1072,0.0,0.0,0.6232,0,Reprovado
Jessica Costa,Educação Física,8º Fundamental B,6,0.63,0.46,0.68,0.47,0.552,0.3546,-0.078,0.1934,0.0,0.0,0.7611,1,Recuperação
Jessica Costa,Geografia,8º Fundamental B,6,0.4,0.35,0.4,0.32,0.3635,0.3546,-0.057,0.0684,0.0,0.0,0.6468,0,Reprovado
Jessica Costa,História,8º Fundamental B,6,0.47,0.37,0.31,,0.3771,0.3546,-0.16,0.132,0.0,0.0,0.6397,0,Reprovado
Jessica Costa,Inglês,8º Fundamental B,6,0.37,0.27,0.31,0.4,0.339,0.3546,0.039,0.1014,0.0,0.0,0.604,0,Reprovado
Jessica Costa,Matemática,8º Fundamental B,6,0.32,0.17,0.13,0.22,0.205,0.3546,-0.102,0.1421,0.0,0.0,0.5625,0,Reprovado
Jessica Costa,Português,8º Fundamental B,6,0.23,0.31,0.25,0.29,0.273,0.3546,0.036,0.0632,0.0,0.0,0.622,0,Reprovado
João Lopes,Arte,8º Fundamental B,6,0.94,0.94,0.96,,0.9471,0.8617,0.02,0.0189,0.0,1.0,0.7069,2,Aprovado
João Lopes,Ciências,8º Fundamental B,6,0.88,0.9,0.87,0.85,0.8735,0.8617,-0.036,0.0361,0.0,1.0,0.6232,2,Aprovado
João Lopes,Educação Física,8º Fundamental B,6,0.9,0.94,1.0,,0.95,0.8617,0.1,0.0822,0.0,1.0,0.7611,2,Aprovado
João Lopes,Geografia,8º Fundamental B,6,0.8,0.81,0.83,0.89,0.837,0.8617,0.087,0.0698,0.0,1.0,0.6468,2,Aprovado
João Lopes,História,8º Fundamental B,6,0.83,0.9,0.77,,0.8336,0.8617,-0.06,0.1062,0.0,1.0,0.6397,2,Aprovado
João Lopes,Inglês,8º Fundamental B,6,0.89,0.76,0.75,0.95,0.8405,0.8617,0.051,0.1705,0.0,1.0,0.604,2,Aprovado
João Lopes,Matemática,8º Fundamental B,6,0.75,0.8,0.75,,0.7679,0.8617,0.0,0.0471,0.0,1.0,0.5625,2,Aprovado
João Lopes,Português,8º Fundamental B,6,0.78,0.83,0.91,,0.8443,0.8617,0.13,0.1071,0.0,1.0,0.622,2,Aprovado
Júlia Moreira,Arte,8º Fundamental B,6,0.7,0.9,0.88,,0.8357,0.7332,0.18,0.1799,0.0,0.875,0.7069,2,Aprovado
Júlia Moreira,Ciências,8º Fundamental B,6,0.73,0.63,0.73,0.6,0.666,0.7332,-0.087,0.1169,0.0,0.875,0.6232,2,Aprovado
Júlia Moreira,Educação Física,8º Fundamental B,6,0.68,0.97,0.71,1.0,0.856,0.7332,0.21,0.2915,0.0,0.875,0.7611,2,Aprovado
Júlia Moreira,Geografia,8º Fundamental B,6,0.76,0.65,0.66,0.67,0.6805,0.7332,-0.078,0.0877,0.0,0.875,0.6468,2,Aprovado
Júlia Moreira,História,8º Fundamental B,6,0.67,0.56,0.53,,0.5807,0.7332,-0.14,0.1204,0.0,0.875,0.6397,1,Recuperação
Júlia Moreira,Inglês,8º Fundamental B,6,0.84,0.82,0.66,0.7,0.748,0.7332,-0.174,0.1533,0.0,0.875,0.604,2,Aprovado
Júlia Moreira,Matemática,8º Fundamental B,6,0.8,0.86,0.74,0.73,0.779,0.7332,-0.099,0.1043,0.0,0.875,0.5625,2,Aprovado
Júlia Moreira,Português,8º Fundamental B,6,0.68,0.72,0.86,0.63,0.72,0.7332,-0.003,0.1711,0.0,0.875,0.622,2,Aprovado
Karen Ribeiro,Arte,8º Fundamental B,6,0.59,0.54,0.59,0.68,0.6045,0.5533,0.096,0.101,0.0,0.375,0.7069,2,Aprovado
Karen Ribeiro,Ciências,8º Fundamental B,6,0.43,0.48,0.48,0.49,0.473,0.5533,0.054,0.0469,0.0,0.375,0.6232,0,Reprovado
Karen Ribeiro,Educação Física,8º Fundamental B,6,0.5,0.59,0.76,,0.625,0.5533,0.26,0.2156,0.0,0.375,0.7611,2,Aprovado
Karen Ribeiro,Geografia,8º Fundamental B,6,0.4,0.48,0.53,0.62,0.5185,0.5533,0.213,0.1596,0.0,0.375,0.6468,1,Recuperação
Karen Ribeiro,História,8º Fundamental B,6,0.47,0.66,0.55,0.7,0.6065,0.5533,0.174,0.1814,0.0,0.375,0.6397,2,Aprovado
Karen Ribeiro,Inglês,8º Fundamental B,6,0.54,0.42,0.54,0.75,0.573,0.5533,0.225,0.2376,0.0,0.375,0.604,1,Recuperação
Karen Ribeiro,Matemática,8º Fundamental B,6,0.33,0.39,0.56,0.55,0.4685,0.5533,0.249,0.1997,0.0,0.375,0.5625,0,Reprovado
Karen Ribeiro,Português,8º Fundamental B,6,0.62,0.55,0.62,0.47,0.5575,0.5533,-0.114,0.1237,0.0,0.375,0.622,1,Recuperação
Laura Oliveira,Arte,8º Fundamental B,6,0.99,1.0,0.98,0.98,0.987,0.9001,-0.015,0.0166,0.0,1.0,0.7069,2,Aprovado
Laura Oliveira,Ciências,8º Fundamental B,6,0.95,0.92,0.97,,0.9464,0.9001,0.02,0.0411,0.0,1.0,0.6232,2,Aprovado
Laura Oliveira,Educação Física,8º Fundamental B,6,1.0,1.0,1.0,0.91,0.973,0.9001,-0.081,0.0779,0.0,1.0,0.7611,2,Aprovado
Laura Oliveira,Geografia,8º Fundamental B,6,0.76,0.99,0.79,0.93,0.876,0.9001,0.093,0.191,0.0,1.0,0.6468,2,Aprovado
Laura Oliveira,História,8º Fundamental B,6,0.9,0.81,0.8,0.95,0.8675,0.9001,0.042,0.1253,0.0,1.0,0.6397,2,Aprovado
Laura Oliveira,Inglês,8º Fundamental B,6,0.85,0.82,0.84,0.82,0.831,0.9001,-0.021,0.026,0.0,1.0,0.604,2,Aprovado
Laura Oliveira,Matemática,8º Fundamental B,6,0.85,0.86,0.67,0.93,0.8315,0.9001,0.015,0.192,0.0,1.0,0.5625,2,Aprovado
Laura Oliveira,Português,8º Fundamental B,6,0.86,0.91,0.79,0.97,0.888,0.9001,0.063,0.1322,0.0,1.0,0.622,2,Aprovado
Luiz Ferreira,Arte,8º Fundamental B,6,1.0,1.0,0.96,0.95,0.975,0.9301,-0.057,0.0456,0.0,1.0,0.7069,2,Aprovado
Luiz Ferreira,Ciências,8º Fundamental B,6,1.0,0.92,0.86,,0.9214,0.9301,-0.14,0.1147,0.0,1.0,0.6232,2,Aprovado
Luiz Ferreira,Educação Física,8º Fundamental B,6,1.0,1.0,0.93,1.0,0.9825,0.9301,-0.021,0.0606,0.0,1.0,0.7611,2,Aprovado
Luiz Ferreira,Geografia,8º Fundamental B,6,0.92,0.85,1.0,0.97,0.9375,0.9301,0.09,0.1136,0.0,1.0,0.6468,2,Aprovado
Luiz Ferreira,História,8º Fundamental B,6,1.0,0.78,0.89,0.91,0.8905,0.9301,-0.048,0.1565,0.0,1.0,0.6397,2,Aprovado
Luiz Ferreira,Inglês,8º Fundamental B,6,1.0,0.79,0.89,,0.8857,0.9301,-0.11,0.1715,0.0,1.0,0.604,2,Aprovado
Luiz Ferreira,Matemática,8º Fundamental B,6,0.94,0.98,0.86,,0.9257,0.9301,-0.08,0.0998,0.0,1.0,0.5625,2,Aprovado
Luiz Ferreira,Português,8º Fundamental B,6,0.85,0.96,0.85,1.0,0.9225,0.9301,0.102,0.133,0.0,1.0,0.622,2,Aprovado
Luiz Nunes,Arte,8º Fundamental B,6,0.48,0.41,0.32,0.42,0.4045,0.3513,-0.081,0.1143,0.0,0.0,0.7069,0,Reprovado
Luiz Nunes,Ciências,8º Fundamental B,6,0.32,0.17,0.26,,0.245,0.3513,-0.06,0.1233,0.0,0.0,0.6232,0,Reprovado
Luiz Nunes,Educação Física,8º Fundamental B,6,0.39,0.41,0.47,0.57,0.469,0.3513,0.18,0.14,0.0,0.0,0.7611,0,Reprovado
Luiz Nunes,Geografia,8º Fundamental B,6,0.27,0.39,0.37,0.52,0.4,0.3513,0.219,0.178,0.0,0.0,0.6468,0,Reprovado
Luiz Nunes,História,8º Fundamental B,6,0.44,0.49,0.32,0.22,0.3565,0.3513,-0.249,0.2104,0.0,0.0,0.6397,0,Reprovado
Luiz Nunes,Inglês,8º Fundamental B,6,0.41,0.34,0.39,,0.3779,0.3513,-0.02,0.0589,0.0,0.0,0.604,0,Reprovado
Luiz Nunes,Matemática,8º Fundamental B,6,0.27,0.17,0.41,0.25,0.274,0.3513,0.054,0.1729,0.0,0.0,0.5625,0,Reprovado
Luiz Nunes,Português,8º Fundamental B,6,0.33,0.34,0.35,0.15,0.2835,0.3513,-0.159,0.1652,0.0,0.0,0.622,0,Reprovado
Olivia Almeida,Arte,8º Fundamental B,6,0.92,0.92,1.0,0.9,0.934,0.8814,0.006,0.0768,0.0,1.0,0.7069,2,Aprovado
Olivia Almeida,Ciências,8º Fundamental B,6,0.7,0.99,0.93,0.84,0.872,0.8814,0.108,0.2184,0.0,1.0,0.6232,2,Aprovado
Olivia Almeida,Educação Física,8º Fundamental B,6,0.91,1.0,0.95,0.85,0.9245,0.8814,-0.069,0.1099,0.0,1.0,0.7611,2,Aprovado
Olivia Almeida,Geografia,8º Fundamental B,6,0.67,1.0,0.89,0.8,0.8465,0.8814,0.084,0.2421,0.0,1.0,0.6468,2,Aprovado
Olivia Almeida,História,8º Fundamental B,6,0.95,0.83,1.0,0.9,0.9175,0.8814,0.006,0.1257,0.0,1.0,0.6397,2,Aprovado
Olivia Almeida,Inglês,8º Fundamental B,6,0.8,0.87,0.82,0.97,0.8735,0.8814,0.138,0.1315,0.0,1.0,0.604,2,Aprovado
Olivia Almeida,Matemática,8º Fundamental B,6,0.9,0.77,0.88,0.82,0.8385,0.8814,-0.039,0.1023,0.0,1.0,0.5625,2,Aprovado
Olivia Almeida,Português,8º Fundamental B,6,0.82,0.75,0.96,,0.845,0.8814,0.14,0.1746,0.0,1.0,0.622,2,Aprovado
Pedro Marques,Arte,8º Fundamental B,6,0.77,0.69,0.72,,0.7236,0.6184,-0.05,0.066,0.0,0.5,0.7069,2,Aprovado
Pedro Marques,Ciências,8º Fundamental B,6,0.42,0.69,0.57,0.5,0.549,0.6184,0.036,0.1982,0.0,0.5,0.6232,1,Recuperação
Pedro Marques,Educação Física,8º Fundamental B,6,0.71,0.67,0.86,0.88,0.7885,0.6184,0.21,0.1828,0.0,0.5,0.7611,2,Aprovado
Pedro Marques,Geografia,8º Fundamental B,6,0.56,0.65,0.63,,0.6171,0.6184,0.07,0.0772,0.0,0.5,0.6468,2,Aprovado
Pedro Marques,História,8º Fundamental B,6,0.43,0.67,0.56,0.74,0.6155,0.6184,0.246,0.2345,0.0,0.5,0.6397,2,Aprovado
Pedro Marques,Inglês,8º Fundamental B,6,0.37,0.52,0.51,0.55,0.4965,0.6184,0.159,0.1388,0.0,0.5,0.604,0,Reprovado
Pedro Marques,Matemática,8º Fundamental B,6,0.81,0.52,0.43,,0.5707,0.6184,-0.38,0.3243,0.0,0.5,0.5625,1,Recuperação
Pedro Marques,Português,8º Fundamental B,6,0.66,0.65,0.4,0.64,0.5865,0.6184,-0.093,0.217,0.0,0.5,0.622,1,Recuperação
Rafael Ferreira,Arte,8º Fundamental B,6,0.53,0.47,0.39,0.61,0.504,0.4365,0.048,0.1612,0.0,0.125,0.7069,1,Recuperação
Rafael Ferreira,Ciências,8º Fundamental B,6,0.4,0.42,0.41,,0.4107,0.4365,0.01,0.0163,0.0,0.125,0.6232,0,Reprovado
Rafael Ferreira,Educação Física,8º Fundamental B,6,0.6,0.76,0.64,0.46,0.608,0.4365,-0.162,0.2142,0.0,0.125,0.7611,2,Aprovado
Rafael Ferreira,Geografia,8º Fundamental B,6,0.58,0.66,0.49,0.48,0.5475,0.4365,-0.141,0.1465,0.0,0.125,0.6468,1,Recuperação
Rafael Ferreira,História,8º Fundamental B,6,0.38,0.34,0.37,0.39,0.3705,0.4365,0.018,0.0374,0.0,0.125,0.6397,0,Reprovado
Rafael Ferreira,Inglês,8º Fundamental B,6,0.31,0.4,0.4,,0.3743,0.4365,0.09,0.0849,0.0,0.125,0.604,0,Reprovado
Rafael Ferreira,Matemática,8º Fundamental B,6,0.3,0.22,0.42,,0.3143,0.4365,0.12,0.1644,0.0,0.125,0.5625,0,Reprovado
Rafael Ferreira,Português,8º Fundamental B,6,0.44,0.37,0.19,0.45,0.363,0.4365,-0.045,0.2085,0.0,0.125,0.622,0,Reprovado
Renata Freitas,Arte,8º Fundamental B,6,0.65,0.81,0.41,0.63,0.624,0.5261,-0.138,0.2848,0.0,0.25,0.7069,2,Aprovado
Renata Freitas,Ciências,8º Fundamental B,6,0.43,0.5,0.33,,0.4193,0.5261,-0.1,0.1395,0.0,0.25,0.6232,0,Reprovado
Renata Freitas,Educação Física,8º Fundamental B,6,0.62,0.75,0.76,,0.7164,0.5261,0.14,0.1275,0.0,0.25,0.7611,2,Aprovado
Renata Freitas,Geografia,8º Fundamental B,6,0.46,0.56,0.57,0.59,0.5515,0.5261,0.12,0.1005,0.0,0.25,0.6468,1,Recuperação
Renata Freitas,História,8º Fundamental B,6,0.45,0.51,0.63,0.56,0.543,0.5261,0.135,0.1322,0.0,0.25,0.6397,1,Recuperação
Renata Freitas,Inglês,8º Fundamental B,6,0.35,0.46,0.35,,0.3893,0.5261,0.0,0.1037,0.0,0.25,0.604,0,Reprovado
Renata Freitas,Matemática,8º Fundamental B,6,0.4,0.45,0.36,,0.4036,0.5261,-0.04,0.0736,0.0,0.25,0.5625,0,Reprovado
Renata Freitas,Português,8º Fundamental B,6,0.59,0.6,0.36,0.68,0.562,0.5261,0.009,0.2385,0.0,0.25,0.622,1,Recuperação
Thiago Moreira,Arte,8º Fundamental B,6,0.39,0.5,0.3,0.38,0.392,0.3795,-0.069,0.1424,0.0,0.0,0.7069,0,Reprovado
Thiago Moreira,Ciências,8º Fundamental B,6,0.25,0.38,0.46,0.53,0.419,0.3795,0.276,0.2081,0.0,0.0,0.6232,0,Reprovado
Thiago Moreira,Educação Física,8º Fundamental B,6,0.5,0.46,0.39,,0.4464,0.3795,-0.11,0.0909,0.0,0.0,0.7611,0,Reprovado
Thiago Moreira,Geografia,8º Fundamental B,6,0.38,0.49,0.36,0.47,0.4295,0.3795,0.042,0.1118,0.0,0.0,0.6468,0,Reprovado
Thiago Moreira,História,8º Fundamental B,6,0.41,0.37,0.38,0.37,0.3805,0.3795,-0.033,0.0328,0.0,0.0,0.6397,0,Reprovado
Thiago Moreira,Inglês,8º Fundamental B,6,0.38,0.24,0.31,0.33,0.3125,0.3795,-0.024,0.1005,0.0,0.0,0.604,0,Reprovado
Thiago Moreira,Matemática,8º Fundamental B,6,0.38,0.32,0.31,0.33,0.3325,0.3795,-0.048,0.0539,0.0,0.0,0.5625,0,Reprovado
Thiago Moreira,Português,8º Fundamental B,6,0.38,0.22,0.41,0.3,0.3235,0.3795,-0.015,0.1479,0.0,0.0,0.622,0,Reprovado
Victor Rocha,Arte,8º Fundamental B,6,0.9,0.93,0.8,0.73,0.8315,0.7343,-0.192,0.1594,0.0,1.0,0.7069,2,Aprovado
Victor Rocha,Ciências,8º Fundamental B,6,0.69,0.83,0.64,0.61,0.6885,0.7343,-0.129,0.1687,0.0,1.0,0.6232,2,Aprovado
Victor Rocha,Educação Física,8º Fundamental B,6,0.78,0.87,0.69,0.88,0.81,0.7343,0.036,0.1539,0.0,1.0,0.7611,2,Aprovado
Victor Rocha,Geografia,8º Fundamental B,6,0.88,0.65,0.68,,0.7264,0.7343,-0.2,0.2042,0.0,1.0,0.6468,2,Aprovado
Victor Rocha,História,8º Fundamental B,6,0.7,0.67,0.77,0.69,0.707,0.7343,0.021,0.0753,0.0,1.0,0.6397,2,Aprovado
Victor Rocha,Inglês,8º Fundamental B,6,0.66,0.64,0.77,0.74,0.7065,0.7343,0.111,0.1081,0.0,1.0,0.604,2,Aprovado
Victor Rocha,Matemática,8º Fundamental B,6,0.65,0.69,0.73,0.72,0.701,0.7343,0.075,0.0622,0.0,1.0,0.5625,2,Aprovado
Victor Rocha,Português,8º Fundamental B,6,0.65,0.72,0.73,,0.7036,0.7343,0.08,0.0712,0.0,1.0,0.622,2,Aprovado
Alexandre Freitas,Arte,9º Fundamental A,6,1.0,0.9,1.0,,0.9643,0.8639,0.0,0.0943,0.0,1.0,0.7069,2,Aprovado
Alexandre Freitas,Ciências,9º Fundamental A,6,0.97,0.83,0.83,,0.87,0.8639,-0.14,0.132,0.0,1.0,0.6079,2,Aprovado
Alexandre Freitas,Educação Física,9º Fundamental A,6,1.0,1.0,1.0,0.9,0.97,0.8639,-0.09,0.0866,0.0,1.0,0.7569,2,Aprovado
Alexandre Freitas,Geografia,9º Fundamental A,6,0.91,0.83,0.75,0.9,0.847,0.8639,-0.033,0.1284,0.0,1.0,0.6334,2,Aprovado
Alexandre Freitas,História,9º Fundamental A,6,0.87,0.8,0.89,,0.8521,0.8639,0.02,0.0772,0.0,1.0,0.6281,2,Aprovado
Alexandre Freitas,Inglês,9º Fundamental A,6,0.95,0.68,0.78,0.7,0.765,0.8639,-0.195,0.2128,0.0,1.0,0.5856,2,Aprovado
Alexandre Freitas,Matemática,9º Fundamental A,6,0.79,0.85,0.71,0.85,0.803,0.8639,0.012,0.1149,0.0,1.0,0.5575,2,Aprovado
Alexandre Freitas,Português,9º Fundamental A,6,0.89,0.85,0.91,0.74,0.84,0.8639,-0.117,0.1314,0.0,1.0,0.622,2,Aprovado
Ana Freitas,Arte,9º Fundamental A,6,0.6,0.52,0.54,0.69,0.592,0.5357,0.087,0.1322,0.0,0.125,0.7069,1,Recuperação
Ana Freitas,Ciências,9º Fundamental A,6,0.39,0.53,0.51,0.6,0.518,0.5357,0.183,0.1512,0.0,0.125,0.6079,1,Recuperação
Ana Freitas,Educação Física,9º Fundamental A,6,0.69,0.77,0.82,0.8,0.7755,0.5357,0.114,0.099,0.0,0.125,0.7569,2,Aprovado
Ana Freitas,Geografia,9º Fundamental A,6,0.43,0.58,0.53,,0.5193,0.5357,0.1,0.1247,0.0,0.125,0.6334,1,Recuperação
Ana Freitas,História,9º Fundamental A,6,0.49,0.4,0.38,0.51,0.446,0.5357,0.012,0.1118,0.0,0.125,0.6281,0,Reprovado
Ana Freitas,Inglês,9º Fundamental A,6,0.56,0.45,0.47,0.45,0.477,0.5357,-0.093,0.091,0.0,0.125,0.5856,0,Reprovado
Ana Freitas,Matemática,9º Fundamental A,6,0.36,0.42,0.43,0.51,0.4375,0.5357,0.138,0.1068,0.0,0.125,0.5575,0,Reprovado
Ana Freitas,Português,9º Fundamental A,6,0.49,0.38,0.66,0.54,0.52,0.5357,0.129,0.2012,0.0,0.125,0.622,1,Recuperação
Bruno Ramos,Arte,9º Fundamental A,6,0.84,0.65,0.67,0.66,0.696,0.6604,-0.156,0.1565,0.0,0.875,0.7069,2,Aprovado
Bruno Ramos,Ciências,9º Fundamental A,6,0.53,0.8,0.75,0.49,0.6405,0.6604,-0.051,0.2688,0.0,0.875,0.6079,2,Aprovado
Bruno Ramos,Educação Física,9º Fundamental A,6,0.87,0.73,0.76,0.75,0.7715,0.6604,-0.099,0.109,0.0,0.875,0.7569,2,Aprovado
Bruno Ramos,Geografia,9º Fundamental A,6,0.57,0.57,0.73,0.62,0.625,0.6604,0.093,0.1307,0.0,0.875,0.6334,2,Aprovado
Bruno Ramos,História,9º Fundamental A,6,0.73,0.67,0.59,,0.6586,0.6604,-0.14,0.1147,0.0,0.875,0.6281,2,Aprovado
Bruno Ramos,Inglês,9º Fundamental A,6,0.45,0.69,0.64,0.7,0.6325,0.6604,0.21,0.2015,0.0,0.875,0.5856,2,Aprovado
Bruno Ramos,Matemática,9º Fundamental A,6,0.52,0.63,0.54,,0.5664,0.6604,0.02,0.0957,0.0,0.875,0.5575,1,Recuperação
Bruno Ramos,Português,9º Fundamental A,6,0.72,0.62,0.71,0.72,0.6925,0.6604,0.027,0.0841,0.0,0.875,0.622,2,Aprovado
Bruno Tavares,Arte,9º Fundamental A,6,0.81,0.91,0.72,0.89,0.8365,0.7343,0.015,0.1499,0.0,0.875,0.7069,2,Aprovado
Bruno Tavares,Ciências,9º Fundamental A,6,0.53,0.66,0.52,0.61,0.584,0.7343,0.03,0.1158,0.0,0.875,0.6079,1,Recuperação
Bruno Tavares,Educação Física,9º Fundamental A,6,0.93,0.92,0.93,0.73,0.8675,0.7343,-0.177,0.1705,0.0,0.875,0.7569,2,Aprovado
Bruno Tavares,Geografia,9º Fundamental A,6,0.64,0.77,0.59,0.73,0.687,0.7343,0.027,0.1424,0.0,0.875,0.6334,2,Aprovado
Bruno Tavares,História,9º Fundamental A,6,0.86,0.71,0.95,0.63,0.776,0.7343,-0.135,0.2499,0.0,0.875,0.6281,2,Aprovado
Bruno Tavares,Inglês,9º Fundamental A,6,0.73,0.73,0.67,0.67,0.697,0.7343,-0.072,0.06,0.0,0.875,0.5856,2,Aprovado
Bruno Tavares,Matemática,9º Fundamental A,6,0.76,0.7,0.75,,0.735,0.7343,-0.01,0.0525,0.0,0.875,0.5575,2,Aprovado
Bruno Tavares,Português,9º Fundamental A,6,0.62,0.72,0.72,,0.6914,0.7343,0.1,0.0943,0.0,0.875,0.622,2,Aprovado
Caio Marques,Arte,9º Fundamental A,6,0.62,0.61,0.72,,0.6521,0.5905,0.1,0.0993,0.0,0.375,0.7069,2,Aprovado
Caio Marques,Ciências,9º Fundamental A,6,0.64,0.6,0.49,0.6,0.5805,0.5905,-0.069,0.1117,0.0,0.375,0.6079,1,Recuperação
Caio Marques,Educação Física,9º Fundamental A,6,0.79,0.67,0.66,0.85,0.7455,0.5905,0.051,0.1609,0.0,0.375,0.7569,2,Aprovado
Caio Marques,Geografia,9º Fundamental A,6,0.71,0.7,0.55,,0.6493,0.5905,-0.16,0.1464,0.0,0.375,0.6334,2,Aprovado
Caio Marques,História,9º Fundamental A,6,0.57,0.56,0.57,0.53,0.5555,0.5905,-0.033,0.0328,0.0,0.375,0.6281,1,Recuperação
Caio Marques,Inglês,9º Fundamental A,6,0.63,0.62,0.44,0.46,0.529,0.5905,-0.207,0.1757,0.0,0.375,0.5856,1,Recuperação
Caio Marques,Matemática,9º Fundamental A,6,0.5,0.52,0.5,0.5,0.505,0.5905,-0.006,0.0173,0.0,0.375,0.5575,1,Recuperação
Caio Marques,Português,9º Fundamental A,6,0.66,0.51,0.57,0.35,0.507,0.5905,-0.261,0.226,0.0,0.375,0.622,1,Recuperação
Daniel Moreira,Arte,9º Fundamental A,6,0.68,0.91,0.82,0.64,0.7605,0.6792,-0.063,0.2165,0.0,0.625,0.7069,2,Aprovado
Daniel Moreira,Ciências,9º Fundamental A,6,0.57,0.56,0.64,,0.5914,0.6792,0.07,0.0712,0.0,0.625,0.6079,1,Recuperação
Daniel Moreira,Educação Física,9º Fundamental A,6,0.91,0.89,0.87,,0.8886,0.6792,-0.04,0.0327,0.0,0.625,0.7569,2,Aprovado
Daniel Moreira,Geografia,9º Fundamental A,6,0.6,0.55,0.64,,0.5964,0.6792,0.04,0.0736,0.0,0.625,0.6334,1,Recuperação
Daniel Moreira,História,9º Fundamental A,6,0.73,0.72,0.79,0.81,0.7665,0.6792,0.093,0.0766,0.0,0.625,0.6281,2,Aprovado
Daniel Moreira,Inglês,9º Fundamental A,6,0.67,0.5,0.74,,0.6343,0.6792,0.07,0.2015,0.0,0.625,0.5856,2,Aprovado
Daniel Moreira,Matemática,9º Fundamental A,6,0.56,0.53,0.54,,0.5421,0.6792,-0.02,0.0249,0.0,0.625,0.5575,1,Recuperação
Daniel Moreira,Português,9º Fundamental A,6,0.63,0.76,0.57,0.65,0.6535,0.6792,-0.039,0.1374,0.0,0.625,0.622,2,Aprovado
Davi Carvalho,Arte,9º Fundamental A,6,0.82,0.74,0.65,0.87,0.7725,0.6852,0.018,0.1667,0.0,0.875,0.7069,2,Aprovado
Davi Carvalho,Ciências,9º Fundamental A,6,0.63,0.57,0.59,,0.5943,0.6852,-0.04,0.0499,0.0,0.875,0.6079,1,Recuperação
Davi Carvalho,Educação Física,9º Fundamental A,6,0.77,0.82,0.83,,0.8093,0.6852,0.06,0.0525,0.0,0.875,0.7569,2,Aprovado
Davi Carvalho,Geografia,9º Fundamental A,6,0.77,0.63,0.59,0.63,0.648,0.6852,-0.138,0.1367,0.0,0.875,0.6334,2,Aprovado
Davi Carvalho,História,9º Fundamental A,6,0.75,0.67,0.65,0.76,0.708,0.6852,0.003,0.0963,0.0,0.875,0.6281,2,Aprovado
Davi Carvalho,Inglês,9º Fundamental A,6,0.47,0.83,0.6,0.68,0.6555,0.6852,0.12,0.261,0.0,0.875,0.5856,2,Aprovado
Davi Carvalho,Matemática,9º Fundamental A,6,0.57,0.67,0.57,,0.6057,0.6852,0.0,0.0943,0.0,0.875,0.5575,2,Aprovado
Davi Carvalho,Português,9º Fundamental A,6,0.61,0.66,0.78,,0.6886,0.6852,0.17,0.1427,0.0,0.875,0.622,2,Aprovado
Davi Moreira,Arte,9º Fundamental A,6,0.97,0.91,0.96,1.0,0.9615,0.9094,0.042,0.0648,0.0,1.0,0.7069,2,Aprovado
Davi Moreira,Ciências,9º Fundamental A,6,0.88,0.94,0.79,,0.8693,0.9094,-0.09,0.1233,0.0,1.0,0.6079,2,Aprovado
Davi Moreira,Educação Física,9º Fundamental A,6,1.0,1.0,1.0,0.94,0.982,0.9094,-0.054,0.052,0.0,1.0,0.7569,2,Aprovado
Davi Moreira,Geografia,9º Fundamental A,6,0.79,0.96,1.0,,0.9257,0.9094,0.21,0.1821,0.0,1.0,0.6334,2,Aprovado
Davi Moreira,História,9º Fundamental A,6,0.93,0.76,0.91,0.88,0.8675,0.9094,0.0,0.1319,0.0,1.0,0.6281,2,Aprovado
Davi Moreira,Inglês,9º Fundamental A,6,0.76,1.0,0.86,,0.8814,0.9094,0.1,0.1969,0.0,1.0,0.5856,2,Aprovado
Davi Moreira,Matemática,9º Fundamental A,6,0.94,0.99,0.82,0.67,0.8415,0.9094,-0.294,0.2468,0.0,1.0,0.5575,2,Aprovado
Davi Moreira,Português,9º Fundamental A,6,0.88,0.89,0.99,1.0,0.946,0.9094,0.138,0.1105,0.0,1.0,0.622,2,Aprovado
Diana Marques,Arte,9º Fundamental A,6,0.8,0.82,0.77,0.98,0.8515,0.7669,0.147,0.1627,0.0,1.0,0.7069,2,Aprovado
Diana Marques,Ciências,9º Fundamental A,6,0.77,0.68,0.72,,0.72,0.7669,-0.05,0.0736,0.0,1.0,0.6079,2,Aprovado
Diana Marques,Educação Física,9º Fundamental A,6,0.7,0.88,1.0,0.83,0.859,0.7669,0.153,0.2151,0.0,1.0,0.7569,2,Aprovado
Diana Marques,Geografia,9º Fundamental A,6,0.8,0.78,0.79,0.83,0.8015,0.7669,0.03,0.0374,0.0,1.0,0.6334,2,Aprovado
Diana Marques,História,9º Fundamental A,6,0.87,0.82,0.81,0.77,0.8125,0.7669,-0.093,0.0712,0.0,1.0,0.6281,2,Aprovado
Diana Marques,Inglês,9º Fundamental A,6,0.7,0.64,0.57,,0.6321,0.7669,-0.13,0.1062,0.0,1.0,0.5856,2,Aprovado
Diana Marques,Matemática,9º Fundamental A,6,0.92,0.61,0.82,0.62,0.7275,0.7669,-0.207,0.2647,0.0,1.0,0.5575,2,Aprovado
Diana Marques,Português,9º Fundamental A,6,0.71,0.8,0.56,0.83,0.731,0.7669,0.036,0.21,0.0,1.0,0.622,2,Aprovado
Diego Andrade,Arte,9º Fundamental A,6,0.55,0.63,0.33,0.57,0.521,0.4129,-0.072,0.2272,0.0,0.0,0.7069,1,Recuperação
Diego Andrade,Ciências,9º Fundamental A,6,0.36,0.47,0.44,0.44,0.4315,0.4129,0.063,0.0817,0.0,0.0,0.6079,0,Reprovado
Diego Andrade,Educação Física,9º Fundamental A,6,0.6,0.45,0.51,,0.5143,0.4129,-0.09,0.1233,0.0,0.0,0.7569,1,Recuperação
Diego Andrade,Geografia,9º Fundamental A,6,0.48,0.48,0.39,,0.4479,0.4129,-0.09,0.0849,0.0,0.0,0.6334,0,Reprovado
Diego Andrade,História,9º Fundamental A,6,0.47,0.36,0.42,0.36,0.397,0.4129,-0.081,0.0921,0.0,0.0,0.6281,0,Reprovado
Diego Andrade,Inglês,9º Fundamental A,6,0.21,0.28,0.41,,0.3064,0.4129,0.2,0.1657,0.0,0.0,0.5856,0,Reprovado
Diego Andrade,Matemática,9º Fundamental A,6,0.16,0.26,0.32,0.42,0.303,0.4129,0.252,0.1887,0.0,0.0,0.5575,0,Reprovado
Diego Andrade,Português,9º Fundamental A,6,0.5,0.31,0.41,0.34,0.382,0.4129,-0.114,0.1463,0.0,0.0,0.622,0,Reprovado
Diego Lopes,Arte,9º Fundamental A,6,0.78,0.94,0.91,1.0,0.9185,0.8102,0.189,0.1609,0.0,1.0,0.7069,2,Aprovado
Diego Lopes,Ciências,9º Fundamental A,6,0.77,0.87,0.93,0.77,0.835,0.8102,0.018,0.1367,0.0,1.0,0.6079,2,Aprovado
Diego Lopes,Educação Física,9º Fundamental A,6,0.94,0.82,1.0,0.8,0.883,0.8102,-0.072,0.1661,0.0,1.0,0.7569,2,Aprovado
Diego Lopes,Geografia,9º Fundamental A,6,0.71,0.74,0.81,0.87,0.7905,0.8102,0.165,0.1244,0.0,1.0,0.6334,2,Aprovado
Diego Lopes,História,9º Fundamental A,6,0.82,0.84,0.84,0.96,0.872,0.8102,0.126,0.1109,0.0,1.0,0.6281,2,Aprovado
Diego Lopes,Inglês,9º Fundamental A,6,0.76,0.72,0.8,,0.76,0.8102,0.04,0.0653,0.0,1.0,0.5856,2,Aprovado
Diego Lopes,Matemática,9º Fundamental A,6,0.52,0.7,0.88,,0.7129,0.8102,0.36,0.2939,0.0,1.0,0.5575,2,Aprovado
Diego Lopes,Português,9º Fundamental A,6,0.81,0.64,0.7,,0.71,0.8102,-0.11,0.1408,0.0,1.0,0.622,2,Aprovado
Diego Ramos,Arte,9º Fundamental A,6,0.7,0.89,0.87,0.93,0.859,0.7666,0.201,0.1757,0.0,1.0,0.7069,2,Aprovado
Diego Ramos,Ciências,9º Fundamental A,6,0.71,0.8,0.84,0.86,0.81,0.7666,0.147,0.1152,0.0,1.0,0.6079,2,Aprovado
Diego Ramos,Educação Física,9º Fundamental A,6,0.77,0.94,0.85,0.79,0.8385,0.7666,-0.009,0.1322,0.0,1.0,0.7569,2,Aprovado
Diego Ramos,Geografia,9º Fundamental A,6,0.71,0.75,0.7,0.78,0.7385,0.7666,0.048,0.064,0.0,1.0,0.6334,2,Aprovado
Diego Ramos,História,9º Fundamental A,6,0.61,0.67,0.61,0.68,0.646,0.7666,0.045,0.0654,0.0,1.0,0.6281,2,Aprovado
Diego Ramos,Inglês,9º Fundamental A,6,0.7,0.76,0.64,,0.7,0.7666,-0.06,0.098,0.0,1.0,0.5856,2,Aprovado
Diego Ramos,Matemática,9º Fundamental A,6,0.77,0.72,0.75,0.73,0.7405,0.7666,-0.027,0.0384,0.0,1.0,0.5575,2,Aprovado
Diego Ramos,Português,9º Fundamental A,6,0.75,0.76,0.88,0.8,0.8,0.7666,0.081,0.1023,0.0,1.0,0.622,2,Aprovado
Eduardo Borges,Arte,9º Fundamental A,6,0.72,0.74,0.7,0.79,0.741,0.7069,0.051,0.0669,0.0,1.0,0.7069,2,Aprovado
Eduardo Borges,Ciências,9º Fundamental A,6,0.61,0.73,0.65,,0.6671,0.7069,0.04,0.0998,0.0,1.0,0.6079,2,Aprovado
Eduardo Borges,Educação Física,9º Fundamental A,6,0.97,0.79,0.74,0.87,0.8375,0.7069,-0.105,0.174,0.0,1.0,0.7569,2,Aprovado
Eduardo Borges,Geografia,9º Fundamental A,6,0.79,0.9,0.7,0.72,0.774,0.7069,-0.123,0.1564,0.0,1.0,0.6334,2,Aprovado
Eduardo Borges,História,9º Fundamental A,6,0.74,0.74,0.59,,0.6864,0.7069,-0.15,0.1414,0.0,1.0,0.6281,2,Aprovado
Eduardo Borges,Inglês,9º Fundamental A,6,0.66,0.66,0.59,0.54,0.6065,0.7069,-0.129,0.1014,0.0,1.0,0.5856,2,Aprovado
Eduardo Borges,Matemática,9º Fundamental A,6,0.64,0.6,0.56,0.7,0.628,0.7069,0.042,0.1034,0.0,1.0,0.5575,2,Aprovado
Eduardo Borges,Português,9º Fundamental A,6,0.8,0.73,0.63,,0.7143,0.7069,-0.17,0.1395,0.0,1.0,0.622,2,Aprovado
Enzo Almeida,Arte,9º Fundamental A,6,0.62,0.63,0.55,0.48,0.563,0.5204,-0.15,0.1208,0.0,0.125,0.7069,1,Recuperação
Enzo Almeida,Ciências,9º Fundamental A,6,0.54,0.53,0.36,0.51,0.4835,0.5204,-0.078,0.1459,0.0,0.125,0.6079,0,Reprovado
Enzo Almeida,Educação Física,9º Fundamental A,6,0.55,0.69,0.66,0.82,0.6935,0.5204,0.234,0.1924,0.0,0.125,0.7569,2,Aprovado
Enzo Almeida,Geografia,9º Fundamental A,6,0.53,0.46,0.46,0.54,0.498,0.5204,0.009,0.0753,0.0,0.125,0.6334,0,Reprovado
Enzo Almeida,História,9º Fundamental A,6,0.56,0.38,0.62,0.53,0.521,0.5204,0.045,0.1768,0.0,0.125,0.6281,1,Recuperação
Enzo Almeida,Inglês,9º Fundamental A,6,0.32,0.41,0.56,,0.4379,0.5204,0.24,0.198,0.0,0.125,0.5856,0,Reprovado
Enzo Almeida,Matemática,9º Fundamental A,6,0.28,0.57,0.61,0.37,0.462,0.5204,0.093,0.274,0.0,0.125,0.5575,0,Reprovado
Enzo Almeida,Português,9º Fundamental A,6,0.61,0.46,0.47,0.5,0.5045,0.5204,-0.096,0.1192,0.0,0.125,0.622,1,Recuperação
Gabriel Pinto,Arte,9º Fundamental A,6,0.34,0.48,0.47,0.61,0.4885,0.3882,0.24,0.191,0.0,0.0,0.7069,0,Reprovado
Gabriel Pinto,Ciências,9º Fundamental A,6,0.27,0.47,0.26,,0.3379,0.3882,-0.01,0.1934,0.0,0.0,0.6079,0,Reprovado
Gabriel Pinto,Educação Física,9º Fundamental A,6,0.41,0.38,0.63,0.52,0.4905,0.3882,0.174,0.1972,0.0,0.0,0.7569,0,Reprovado
Gabriel Pinto,Geografia,9º Fundamental A,6,0.36,0.41,0.37,,0.3814,0.3882,0.01,0.0432,0.0,0.0,0.6334,0,Reprovado
Gabriel Pinto,História,9º Fundamental A,6,0.35,0.39,0.36,,0.3679,0.3882,0.01,0.034,0.0,0.0,0.6281,0,Reprovado
Gabriel Pinto,Inglês,9º Fundamental A,6,0.19,0.39,0.25,0.44,0.33,0.3882,0.183,0.2027,0.0,0.0,0.5856,0,Reprovado
Gabriel Pinto,Matemática,9º Fundamental A,6,0.21,0.35,0.32,0.34,0.3115,0.3882,0.108,0.1118,0.0,0.0,0.5575,0,Reprovado
Gabriel Pinto,Português,9º Fundamental A,6,0.33,0.55,0.3,,0.3979,0.3882,-0.03,0.2229,0.0,0.0,0.622,0,Reprovado
Henrique Castro,Arte,9º Fundamental A,6,0.5,0.62,0.36,0.46,0.483,0.4035,-0.114,0.1863,0.0,0.0,0.7069,0,Reprovado
Henrique Castro,Ciências,9º Fundamental A,6,0.29,0.44,0.16,0.43,0.337,0.4035,0.042,0.2293,0.0,0.0,0.6079,0,Reprovado
Henrique Castro,Educação Física,9º Fundamental A,6,0.64,0.6,0.51,0.44,0.5375,0.4035,-0.207,0.1558,0.0,0.0,0.7569,1,Recuperação
Henrique Castro,Geografia,9º Fundamental A,6,0.34,0.35,0.37,,0.3543,0.4035,0.03,0.0249,0.0,0.0,0.6334,0,Reprovado
Henrique Castro,História,9º Fundamental A,6,0.3,0.37,0.41,0.45,0.39,0.4035,0.147,0.1108,0.0,0.0,0.6281,0,Reprovado
Henrique Castro,Inglês,9º Fundamental A,6,0.41,0.35,0.37,0.41,0.385,0.4035,0.006,0.052,0.0,0.0,0.5856,0,Reprovado
Henrique Castro,Matemática,9º Fundamental A,6,0.29,0.35,0.26,0.48,0.3545,0.4035,0.144,0.1688,0.0,0.0,0.5575,0,Reprovado
Henrique Castro,Português,9º Fundamental A,6,0.46,0.37,0.45,0.3,0.387,0.4035,-0.12,0.13,0.0,0.0,0.622,0,Reprovado
Henrique Freitas,Arte,9º Fundamental A,6,0.83,0.95,0.88,1.0,0.9235,0.9156,0.132,0.13,0.0,1.0,0.7069,2,Aprovado
Henrique Freitas,Ciências,9º Fundamental A,6,0.9,0.94,0.88,,0.9071,0.9156,-0.02,0.0499,0.0,1.0,0.6079,2,Aprovado
Henrique Freitas,Educação Física,9º Fundamental A,6,0.98,0.8,1.0,,0.9229,0.9156,0.02,0.1799,0.0,1.0,0.7569,2,Aprovado
Henrique Freitas,Geografia,9º Fundamental A,6,1.0,1.0,0.94,0.86,0.943,0.9156,-0.144,0.1149,0.0,1.0,0.6334,2,Aprovado
Henrique Freitas,História,9º Fundamental A,6,0.75,1.0,0.96,0.92,0.916,0.9156,0.141,0.1905,0.0,1.0,0.6281,2,Aprovado
Henrique Freitas,Inglês,9º Fundamental A,6,0.94,0.78,0.91,0.79,0.8475,0.9156,-0.096,0.1418,0.0,1.0,0.5856,2,Aprovado
Henrique Freitas,Matemática,9º Fundamental A,6,0.94,0.93,0.87,0.9,0.908,0.9156,-0.054,0.0548,0.0,1.0,0.5575,2,Aprovado
Henrique Freitas,Português,9º Fundamental A,6,0.96,0.91,1.0,,0.9564,0.9156,0.04,0.0736,0.0,1.0,0.622,2,Aprovado
Hugo Martins,Arte,9º Fundamental A,6,0.85,0.83,0.64,0.72,0.7535,0.6885,-0.174,0.1703,0.0,1.0,0.7069,2,Aprovado
Hugo Martins,Ciências,9º Fundamental A,6,0.54,0.79,0.76,0.79,0.7325,0.6885,0.216,0.2093,0.0,1.0,0.6079,2,Aprovado
Hugo Martins,Educação Física,9º Fundamental A,6,0.84,0.64,0.91,,0.7936,0.6885,0.07,0.2288,0.0,1.0,0.7569,2,Aprovado
Hugo Martins,Geografia,9º Fundamental A,6,0.72,0.64,0.65,0.53,0.6255,0.6885,-0.168,0.136,0.0,1.0,0.6334,2,Aprovado
Hugo Martins,História,9º Fundamental A,6,0.64,0.69,0.58,,0.6364,0.6885,-0.06,0.0899,0.0,1.0,0.6281,2,Aprovado
Hugo Martins,Inglês,9º Fundamental A,6,0.74,0.62,0.71,0.57,0.6515,0.6885,-0.126,0.1364,0.0,1.0,0.5856,2,Aprovado
Hugo Martins,Matemática,9º Fundamental A,6,0.61,0.69,0.65,0.64,0.649,0.6885,0.015,0.0572,0.0,1.0,0.5575,2,Aprovado
Hugo Martins,Português,9º Fundamental A,6,0.64,0.75,0.67,0.61,0.666,0.6885,-0.051,0.1043,0.0,1.0,0.622,2,Aprovado
Lucas Costa,Arte,9º Fundamental A,6,0.64,0.66,0.62,0.59,0.625,0.5963,-0.057,0.0517,0.0,0.5,0.7069,2,Aprovado
Lucas Costa,Ciências,9º Fundamental A,6,0.62,0.63,0.45,0.62,0.58,0.5963,-0.054,0.1503,0.0,0.5,0.6079,1,Recuperação
Lucas Costa,Educação Física,9º Fundamental A,6,0.6,0.73,0.62,,0.6536,0.5963,0.02,0.1143,0.0,0.5,0.7569,2,Aprovado
Lucas Costa,Geografia,9º Fundamental A,6,0.57,0.65,0.65,0.7,0.649,0.5963,0.117,0.0931,0.0,0.5,0.6334,2,Aprovado
Lucas Costa,História,9º Fundamental A,6,0.5,0.59,0.58,0.56,0.5605,0.5963,0.051,0.0698,0.0,0.5,0.6281,1,Recuperação
Lucas Costa,Inglês,9º Fundamental A,6,0.57,0.66,0.43,0.62,0.5725,0.5963,-0.024,0.1738,0.0,0.5,0.5856,1,Recuperação
Lucas Costa,Matemática,9º Fundamental A,6,0.61,0.51,0.45,,0.5171,0.5963,-0.16,0.132,0.0,0.5,0.5575,1,Recuperação
Lucas Costa,Português,9º Fundamental A,6,0.65,0.7,0.51,0.6,0.6125,0.5963,-0.102,0.1404,0.0,0.5,0.622,2,Aprovado
Lucas Cunha,Arte,9º Fundamental A,6,1.0,1.0,0.88,1.0,0.97,0.8944,-0.036,0.1039,0.0,1.0,0.7069,2,Aprovado
Lucas Cunha,Ciências,9º Fundamental A,6,0.8,0.76,0.62,0.83,0.754,0.8944,-0.015,0.1609,0.0,1.0,0.6079,2,Aprovado
Lucas Cunha,Educação Física,9º Fundamental A,6,1.0,1.0,1.0,1.0,1.0,0.8944,0.0,0.0,0.0,1.0,0.7569,2,Aprovado
Lucas Cunha,Geografia,9º Fundamental A,6,0.9,0.88,0.95,0.83,0.8865,0.8944,-0.042,0.086,0.0,1.0,0.6334,2,Aprovado
Lucas Cunha,História,9º Fundamental A,6,0.96,0.86,0.99,0.96,0.9425,0.8944,0.039,0.0984,0.0,1.0,0.6281,2,Aprovado
Lucas Cunha,Inglês,9º Fundamental A,6,0.98,0.91,0.96,0.92,0.9395,0.8944,-0.039,0.0572,0.0,1.0,0.5856,2,Aprovado
Lucas Cunha,Matemática,9º Fundamental A,6,0.82,0.73,0.93,0.77,0.81,0.8944,0.015,0.1499,0.0,1.0,0.5575,2,Aprovado
Lucas Cunha,Português,9º Fundamental A,6,0.76,0.87,0.91,,0.8529,0.8944,0.15,0.1268,0.0,1.0,0.622,2,Aprovado
Matheus Rodrigues,Arte,9º Fundamental A,6,0.49,0.32,0.39,0.44,0.4075,0.2564,-0.024,0.1257,0.0,0.0,0.7069,0,Reprovado
Matheus Rodrigues,Ciências,9º Fundamental A,6,0.08,0.18,0.14,0.13,0.135,0.2564,0.033,0.0712,0.0,0.0,0.6079,0,Reprovado
Matheus Rodrigues,Educação Física,9º Fundamental A,6,0.46,0.24,0.49,0.32,0.3705,0.2564,-0.051,0.2041,0.0,0.0,0.7569,0,Reprovado
Matheus Rodrigues,Geografia,9º Fundamental A,6,0.17,0.19,0.31,0.17,0.21,0.2564,0.036,0.1166,0.0,0.0,0.6334,0,Reprovado
Matheus Rodrigues,História,9º Fundamental A,6,0.3,0.23,0.15,,0.2214,0.2564,-0.15,0.1226,0.0,0.0,0.6281,0,Reprovado
Matheus Rodrigues,Inglês,9º Fundamental A,6,0.24,0.06,0.23,0.16,0.1685,0.2564,-0.021,0.1438,0.0,0.0,0.5856,0,Reprovado
Matheus Rodrigues,Matemática,9º Fundamental A,6,0.26,0.2,0.28,,0.2457,0.2564,0.02,0.068,0.0,0.0,0.5575,0,Reprovado
Matheus Rodrigues,Português,9º Fundamental A,6,0.3,0.27,0.31,,0.2929,0.2564,0.01,0.034,0.0,0.0,0.622,0,Reprovado
Natalia Nunes,Arte,9º Fundamental A,6,0.85,0.68,0.84,0.79,0.787,0.7506,-0.006,0.1349,0.0,1.0,0.7069,2,Aprovado
Natalia Nunes,Ciências,9º Fundamental A,6,0.87,0.87,0.65,,0.7914,0.7506,-0.22,0.2074,0.0,1.0,0.6079,2,Aprovado
Natalia Nunes,Educação Física,9º Fundamental A,6,0.97,0.89,1.0,0.91,0.9395,0.7506,-0.021,0.0887,0.0,1.0,0.7569,2,Aprovado
Natalia Nunes,Geografia,9º Fundamental A,6,0.81,0.9,0.6,0.72,0.753,0.7506,-0.171,0.222,0.0,1.0,0.6334,2,Aprovado
Natalia Nunes,História,9º Fundamental A,6,0.75,0.66,0.65,0.67,0.6785,0.7506,-0.075,0.0792,0.0,1.0,0.6281,2,Aprovado
Natalia Nunes,Inglês,9º Fundamental A,6,0.76,0.62,0.67,0.59,0.6515,0.7506,-0.138,0.1288,0.0,1.0,0.5856,2,Aprovado
Natalia Nunes,Matemática,9º Fundamental A,6,0.61,0.61,0.54,0.74,0.6315,0.7506,0.096,0.1446,0.0,1.0,0.5575,2,Aprovado
Natalia Nunes,Português,9º Fundamental A,6,0.59,0.76,0.92,0.78,0.772,0.7506,0.219,0.2343,0.0,1.0,0.622,2,Aprovado
Nathalia Melo,Arte,9º Fundamental A,6,0.28,0.41,0.3,0.42,0.3595,0.3104,0.093,0.126,0.0,0.0,0.7069,0,Reprovado
Nathalia Melo,Ciências,9º Fundamental A,6,0.33,0.44,0.29,0.34,0.3505,0.3104,-0.036,0.1105,0.0,0.0,0.6079,0,Reprovado
Nathalia Melo,Educação Física,9º Fundamental A,6,0.46,0.45,0.35,0.44,0.424,0.3104,-0.048,0.0877,0.0,0.0,0.7569,0,Reprovado
Nathalia Melo,Geografia,9º Fundamental A,6,0.26,0.3,0.32,0.21,0.27,0.3104,-0.039,0.0841,0.0,0.0,0.6334,0,Reprovado
Nathalia Melo,História,9º Fundamental A,6,0.34,0.32,0.29,0.39,0.3375,0.3104,0.036,0.0728,0.0,0.0,0.6281,0,Reprovado
Nathalia Melo,Inglês,9º Fundamental A,6,0.22,0.19,0.21,0.35,0.249,0.3104,0.123,0.126,0.0,0.0,0.5856,0,Reprovado
Nathalia Melo,Matemática,9º Fundamental A,6,0.23,0.21,0.09,0.25,0.196,0.3104,-0.018,0.1245,0.0,0.0,0.5575,0,Reprovado
Nathalia Melo,Português,9º Fundamental A,6,0.1,0.4,0.35,,0.2964,0.3104,0.25,0.2625,0.0,0.0,0.622,0,Reprovado
Patricia Campos,Arte,9º Fundamental A,6,0.79,0.7,0.88,0.74,0.775,0.7441,0.009,0.1344,0.0,1.0,0.7069,2,Aprovado
Patricia Campos,Ciências,9º Fundamental A,6,0.94,0.73,0.61,0.69,0.73,0.7441,-0.261,0.2439,0.0,1.0,0.6079,2,Aprovado
Patricia Campos,Educação Física,9º Fundamental A,6,0.6,0.92,0.93,0.94,0.8645,0.7441,0.309,0.2861,0.0,1.0,0.7569,2,Aprovado
Patricia Campos,Geografia,9º Fundamental A,6,0.69,0.84,0.88,0.81,0.811,0.7441,0.12,0.1418,0.0,1.0,0.6334,2,Aprovado
Patricia Campos,História,9º Fundamental A,6,0.72,0.89,0.56,0.74,0.7285,0.7441,-0.081,0.2338,0.0,1.0,0.6281,2,Aprovado
Patricia Campos,Inglês,9º Fundamental A,6,0.84,0.65,0.75,,0.74,0.7441,-0.09,0.1552,0.0,1.0,0.5856,2,Aprovado
Patricia Campos,Matemática,9º Fundamental A,6,0.5,0.67,0.68,,0.625,0.7441,0.18,0.1652,0.0,1.0,0.5575,2,Aprovado
Patricia Campos,Português,9º Fundamental A,6,0.58,0.68,0.73,0.7,0.6785,0.7441,0.123,0.1126,0.0,1.0,0.622,2,Aprovado
Patricia Marques,Arte,9º Fundamental A,6,0.46,0.32,0.29,0.36,0.3525,0.3027,-0.099,0.1284,0.0,0.0,0.7069,0,Reprovado
Patricia Marques,Ciências,9º Fundamental A,6,0.14,0.35,0.23,,0.2471,0.3027,0.09,0.172,0.0,0.0,0.6079,0,Reprovado
Patricia Marques,Educação Física,9º Fundamental A,6,0.46,0.45,0.48,,0.4636,0.3027,0.02,0.0249,0.0,0.0,0.7569,0,Reprovado
Patricia Marques,Geografia,9º Fundamental A,6,0.37,0.3,0.32,0.44,0.361,0.3027,0.069,0.1081,0.0,0.0,0.6334,0,Reprovado
Patricia Marques,História,9º Fundamental A,6,0.24,0.27,0.36,0.28,0.2895,0.3027,0.063,0.0887,0.0,0.0,0.6281,0,Reprovado
Patricia Marques,Inglês,9º Fundamental A,6,0.16,0.34,0.34,0.27,0.283,0.3027,0.099,0.1472,0.0,0.0,0.5856,0,Reprovado
Patricia Marques,Matemática,9º Fundamental A,6,0.01,0.3,0.23,0.16,0.1825,0.3027,0.114,0.2147,0.0,0.0,0.5575,0,Reprovado
Patricia Marques,Português,9º Fundamental A,6,0.26,0.24,0.23,,0.2421,0.3027,-0.03,0.0249,0.0,0.0,0.622,0,Reprovado
Pedro Nascimento,Arte,9º Fundamental A,6,0.72,0.76,0.61,,0.695,0.5295,-0.11,0.1268,0.0,0.125,0.7069,2,Aprovado
Pedro Nascimento,Ciências,9º Fundamental A,6,0.56,0.43,0.57,,0.5171,0.5295,0.01,0.1275,0.0,0.125,0.6079,1,Recuperação
Pedro Nascimento,Educação Física,9º Fundamental A,6,0.77,0.57,0.54,0.52,0.5875,0.5295,-0.234,0.1995,0.0,0.125,0.7569,1,Recuperação
Pedro Nascimento,Geografia,9º Fundamental A,6,0.37,0.55,0.52,,0.4879,0.5295,0.15,0.1575,0.0,0.125,0.6334,0,Reprovado
Pedro Nascimento,História,9º Fundamental A,6,0.49,0.42,0.44,0.57,0.484,0.5295,0.078,0.1158,0.0,0.125,0.6281,0,Reprovado
Pedro Nascimento,Inglês,9º Fundamental A,6,0.52,0.55,0.36,,0.4736,0.5295,-0.16,0.1668,0.0,0.125,0.5856,0,Reprovado
Pedro Nascimento,Matemática,9º Fundamental A,6,0.35,0.64,0.42,,0.4786,0.5295,0.07,0.2471,0.0,0.125,0.5575,0,Reprovado
Pedro Nascimento,Português,9º Fundamental A,6,0.58,0.49,0.59,0.42,0.512,0.5295,-0.114,0.1393,0.0,0.125,0.622,1,Recuperação
Renata Castro,Arte,9º Fundamental A,6,1.0,1.0,0.97,0.71,0.9055,0.8769,-0.27,0.2437,0.0,1.0,0.7069,2,Aprovado
Renata Castro,Ciências,9º Fundamental A,6,0.81,0.89,0.99,0.67,0.833,0.8769,-0.096,0.2341,0.0,1.0,0.6079,2,Aprovado
Renata Castro,Educação Física,9º Fundamental A,6,1.0,1.0,1.0,0.98,0.994,0.8769,-0.018,0.0173,0.0,1.0,0.7569,2,Aprovado
Renata Castro,Geografia,9º Fundamental A,6,0.71,0.97,0.87,1.0,0.902,0.8769,0.231,0.2264,0.0,1.0,0.6334,2,Aprovado
Renata Castro,História,9º Fundamental A,6,0.94,0.93,1.0,0.91,0.9435,0.8769,-0.006,0.0671,0.0,1.0,0.6281,2,Aprovado
Renata Castro,Inglês,9º Fundamental A,6,0.73,0.84,0.92,0.84,0.838,0.8769,0.123,0.1352,0.0,1.0,0.5856,2,Aprovado
Renata Castro,Matemática,9º Fundamental A,6,0.83,0.75,0.72,,0.7621,0.8769,-0.11,0.0929,0.0,1.0,0.5575,2,Aprovado
Renata Castro,Português,9º Fundamental A,6,0.83,0.8,0.88,,0.8371,0.8769,0.05,0.066,0.0,1.0,0.622,2,Aprovado
Thaís Andrade,Arte,9º Fundamental A,6,0.54,0.61,0.64,0.53,0.5795,0.5452,0.0,0.0927,0.0,0.125,0.7069,1,Recuperação
Thaís Andrade,Ciências,9º Fundamental A,6,0.52,0.64,0.55,,0.5736,0.5452,0.03,0.102,0.0,0.125,0.6079,1,Recuperação
Thaís Andrade,Educação Física,9º Fundamental A,6,0.62,0.73,0.79,0.71,0.717,0.5452,0.099,0.122,0.0,0.125,0.7569,2,Aprovado
Thaís Andrade,Geografia,9º Fundamental A,6,0.64,0.56,0.49,0.54,0.5525,0.5452,-0.111,0.1081,0.0,0.125,0.6334,1,Recuperação
Thaís Andrade,História,9º Fundamental A,6,0.54,0.53,0.51,,0.5257,0.5452,-0.03,0.0249,0.0,0.125,0.6281,1,Recuperação
Thaís Andrade,Inglês,9º Fundamental A,6,0.45,0.48,0.57,0.67,0.5535,0.5452,0.225,0.1717,0.0,0.125,0.5856,1,Recuperação
Thaís Andrade,Matemática,9º Fundamental A,6,0.46,0.36,0.38,0.17,0.328,0.5452,-0.255,0.2128,0.0,0.125,0.5575,0,Reprovado
Thaís Andrade,Português,9º Fundamental A,6,0.59,0.49,0.47,0.58,0.532,0.5452,-0.015,0.1062,0.0,0.125,0.622,1,Recuperação
Beatriz Ramos,Arte,9º Fundamental B,6,0.89,0.96,0.92,0.78,0.882,0.845,-0.111,0.1337,0.0,1.0,0.689,2,Aprovado
Beatriz Ramos,Ciências,9º Fundamental B,6,0.85,0.73,0.84,0.69,0.7695,0.845,-0.111,0.1381,0.0,1.0,0.5872,2,Aprovado
Beatriz Ramos,Educação Física,9º Fundamental B,6,0.92,0.94,1.0,,0.9557,0.845,0.08,0.068,0.0,1.0,0.7454,2,Aprovado
Beatriz Ramos,Geografia,9º Fundamental B,6,0.91,0.8,0.98,0.92,0.903,0.845,0.063,0.1299,0.0,1.0,0.6283,2,Aprovado
Beatriz Ramos,História,9º Fundamental B,6,0.73,0.89,0.87,0.87,0.847,0.845,0.12,0.1281,0.0,1.0,0.6206,2,Aprovado
Beatriz Ramos,Inglês,9º Fundamental B,6,0.81,0.79,0.71,0.96,0.825,0.845,0.111,0.1808,0.0,1.0,0.5825,2,Aprovado
Beatriz Ramos,Matemática,9º Fundamental B,6,0.85,0.97,0.72,0.69,0.7995,0.845,-0.219,0.2229,0.0,1.0,0.5409,2,Aprovado
Beatriz Ramos,Português,9º Fundamental B,6,0.82,0.86,0.77,0.69,0.7785,0.845,-0.144,0.1269,0.0,1.0,0.6118,2,Aprovado
Bernardo Nascimento,Arte,9º Fundamental B,6,0.95,0.88,0.85,0.73,0.8415,0.831,-0.207,0.159,0.0,1.0,0.689,2,Aprovado
Bernardo Nascimento,Ciências,9º Fundamental B,6,0.78,0.73,0.79,,0.7657,0.831,0.01,0.0525,0.0,1.0,0.5872,2,Aprovado
Bernardo Nascimento,Educação Física,9º Fundamental B,6,0.78,0.95,1.0,0.99,0.9405,0.831,0.204,0.1772,0.0,1.0,0.7454,2,Aprovado
Bernardo Nascimento,Geografia,9º Fundamental B,6,0.81,0.72,0.67,0.99,0.8065,0.831,0.147,0.2439,0.0,1.0,0.6283,2,Aprovado
Bernardo Nascimento,História,9º Fundamental B,6,0.92,0.85,1.0,0.87,0.9075,0.831,0.0,0.1158,0.0,1.0,0.6206,2,Aprovado
Bernardo Nascimento,Inglês,9º Fundamental B,6,0.69,0.87,0.88,0.83,0.8245,0.831,0.129,0.1519,0.0,1.0,0.5825,2,Aprovado
Bernardo Nascimento,Matemática,9º Fundamental B,6,0.77,0.7,0.75,0.66,0.7145,0.831,-0.084,0.086,0.0,1.0,0.5409,2,Aprovado
Bernardo Nascimento,Português,9º Fundamental B,6,0.84,0.96,0.74,,0.8471,0.831,-0.1,0.1799,0.0,1.0,0.6118,2,Aprovado
Bruna Correia,Arte,9º Fundamental B,6,0.64,0.79,0.7,0.52,0.6565,0.6068,-0.135,0.1962,0.0,0.5,0.689,2,Aprovado
Bruna Correia,Ciências,9º Fundamental B,6,0.42,0.62,0.58,0.59,0.561,0.6068,0.141,0.1558,0.0,0.5,0.5872,1,Recuperação
Bruna Correia,Educação Física,9º Fundamental B,6,0.72,0.74,0.84,0.83,0.788,0.6068,0.129,0.1062,0.0,0.5,0.7454,2,Aprovado
Bruna Correia,Geografia,9º Fundamental B,6,0.55,0.41,0.59,,0.5143,0.6068,0.04,0.1543,0.0,0.5,0.6283,1,Recuperação
Bruna Correia,História,9º Fundamental B,6,0.61,0.56,0.65,,0.6064,0.6068,0.04,0.0736,0.0,0.5,0.6206,2,Aprovado
Bruna Correia,Inglês,9º Fundamental B,6,0.65,0.59,0.32,0.55,0.5225,0.6068,-0.171,0.2499,0.0,0.5,0.5825,1,Recuperação
Bruna Correia,Matemática,9º Fundamental B,6,0.53,0.6,0.56,0.59,0.573,0.6068,0.042,0.0548,0.0,0.5,0.5409,1,Recuperação
Bruna Correia,Português,9º Fundamental B,6,0.65,0.52,0.64,0.71,0.633,0.6068,0.09,0.1378,0.0,0.5,0.6118,2,Aprovado
Bruno Campos,Arte,9º Fundamental B,6,1.0,0.96,0.97,0.91,0.9555,0.9079,-0.078,0.0648,0.0,1.0,0.689,2,Aprovado
Bruno Campos,Ciências,9º Fundamental B,6,0.92,1.0,0.92,1.0,0.964,0.9079,0.048,0.08,0.0,1.0,0.5872,2,Aprovado
Bruno Campos,Educação Física,9º Fundamental B,6,0.84,1.0,1.0,0.95,0.953,0.9079,0.099,0.1307,0.0,1.0,0.7454,2,Aprovado
Bruno Campos,Geografia,9º Fundamental B,6,0.78,0.91,0.87,0.63,0.79,0.9079,-0.147,0.2151,0.0,1.0,0.6283,2,Aprovado
Bruno Campos,História,9º Fundamental B,6,0.89,0.96,0.92,1.0,0.948,0.9079,0.087,0.0829,0.0,1.0,0.6206,2,Aprovado
Bruno Campos,Inglês,9º Fundamental B,6,0.98,0.92,0.74,0.96,0.899,0.9079,-0.072,0.1897,0.0,1.0,0.5825,2,Aprovado
Bruno Campos,Matemática,9º Fundamental B,6,0.75,0.88,0.8,,0.8143,0.9079,0.05,0.1071,0.0,1.0,0.5409,2,Aprovado
Bruno Campos,Português,9º Fundamental B,6,0.95,0.87,1.0,,0.9393,0.9079,0.05,0.1071,0.0,1.0,0.6118,2,Aprovado
Bruno Costa,Arte,9º Fundamental B,6,0.76,0.9,0.8,0.87,0.838,0.7621,0.069,0.1108,0.0,1.0,0.689,2,Aprovado
Bruno Costa,Ciências,9º Fundamental B,6,0.64,0.61,0.69,,0.6471,0.7621,0.05,0.066,0.0,1.0,0.5872,2,Aprovado
Bruno Costa,Educação Física,9º Fundamental B,6,0.76,0.89,0.84,0.88,0.8485,0.7621,0.093,0.1023,0.0,1.0,0.7454,2,Aprovado
Bruno Costa,Geografia,9º Fundamental B,6,0.84,0.72,0.85,0.84,0.8125,0.7621,0.039,0.1071,0.0,1.0,0.6283,2,Aprovado
Bruno Costa,História,9º Fundamental B,6,0.61,0.75,0.7,0.72,0.7005,0.7621,0.084,0.1044,0.0,1.0,0.6206,2,Aprovado
Bruno Costa,Inglês,9º Fundamental B,6,0.75,0.75,0.72,,0.7393,0.7621,-0.03,0.0283,0.0,1.0,0.5825,2,Aprovado
Bruno Costa,Matemática,9º Fundamental B,6,0.76,0.64,0.76,0.78,0.736,0.7621,0.054,0.1109,0.0,1.0,0.5409,2,Aprovado
Bruno Costa,Português,9º Fundamental B,6,0.7,0.72,0.89,,0.775,0.7621,0.19,0.1705,0.0,1.0,0.6118,2,Aprovado
Bruno Guimarães,Arte,9º Fundamental B,6,0.86,0.74,0.6,,0.7243,0.6549,-0.26,0.2125,0.0,0.625,0.689,2,Aprovado
Bruno Guimarães,Ciências,9º Fundamental B,6,0.71,0.67,0.61,0.6,0.642,0.6549,-0.117,0.0899,0.0,0.625,0.5872,2,Aprovado
Bruno Guimarães,Educação Física,9º Fundamental B,6,0.95,0.85,0.69,0.75,0.8,0.6549,-0.228,0.198,0.0,0.625,0.7454,2,Aprovado
Bruno Guimarães,Geografia,9º Fundamental B,6,0.73,0.63,0.76,0.64,0.6855,0.6549,-0.042,0.1122,0.0,0.625,0.6283,2,Aprovado
Bruno Guimarães,História,9º Fundamental B,6,0.63,0.64,0.48,0.64,0.598,0.6549,-0.039,0.1359,0.0,0.625,0.6206,1,Recuperação
Bruno Guimarães,Inglês,9º Fundamental B,6,0.59,0.63,0.54,0.66,0.6085,0.6549,0.036,0.09,0.0,0.625,0.5825,2,Aprovado
Bruno Guimarães,Matemática,9º Fundamental B,6,0.69,0.44,0.57,0.65,0.5855,0.6549,0.003,0.191,0.0,0.625,0.5409,1,Recuperação
Bruno Guimarães,Português,9º Fundamental B,6,0.41,0.69,0.65,,0.5957,0.6549,0.24,0.2473,0.0,0.625,0.6118,1,Recuperação
Carla Oliveira,Arte,9º Fundamental B,6,0.58,0.65,0.58,0.63,0.6125,0.5097,0.024,0.0616,0.0,0.125,0.689,2,Aprovado
Carla Oliveira,Ciências,9º Fundamental B,6,0.47,0.27,0.63,,0.4557,0.5097,0.16,0.2945,0.0,0.125,0.5872,0,Reprovado
Carla Oliveira,Educação Física,9º Fundamental B,6,0.68,0.68,0.58,0.45,0.586,0.5097,-0.237,0.1889,0.0,0.125,0.7454,1,Recuperação
Carla Oliveira,Geografia,9º Fundamental B,6,0.46,0.52,0.38,0.32,0.413,0.5097,-0.168,0.1523,0.0,0.125,0.6283,0,Reprovado
Carla Oliveira,História,9º Fundamental B,6,0.58,0.54,0.64,0.39,0.528,0.5097,-0.141,0.1846,0.0,0.125,0.6206,1,Recuperação
Carla Oliveira,Inglês,9º Fundamental B,6,0.43,0.54,0.49,0.42,0.4695,0.5097,-0.024,0.097,0.0,0.125,0.5825,0,Reprovado
Carla Oliveira,Matemática,9º Fundamental B,6,0.48,0.58,0.51,0.42,0.4945,0.5097,-0.075,0.1152,0.0,0.125,0.5409,0,Reprovado
Carla Oliveira,Português,9º Fundamental B,6,0.47,0.56,0.68,0.38,0.518,0.5097,-0.045,0.222,0.0,0.125,0.6118,1,Recuperação
Daniel Nascimento,Arte,9º Fundamental B,6,0.51,0.68,0.55,,0.585,0.5042,0.04,0.1451,0.0,0.0,0.689,1,Recuperação
Daniel Nascimento,Ciências,9º Fundamental B,6,0.4,0.55,0.57,0.53,0.519,0.5042,0.123,0.1329,0.0,0.0,0.5872,1,Recuperação
Daniel Nascimento,Educação Física,9º Fundamental B,6,0.56,0.63,0.46,,0.5493,0.5042,-0.1,0.1395,0.0,0.0,0.7454,1,Recuperação
Daniel Nascimento,Geografia,9º Fundamental B,6,0.46,0.6,0.45,0.57,0.5255,0.5042,0.054,0.1319,0.0,0.0,0.6283,1,Recuperação
Daniel Nascimento,História,9º Fundamental B,6,0.62,0.4,0.57,0.43,0.4955,0.5042,-0.12,0.1847,0.0,0.0,0.6206,0,Reprovado
Daniel Nascimento,Inglês,9º Fundamental B,6,0.51,0.45,0.54,0.38,0.4635,0.5042,-0.09,0.1225,0.0,0.0,0.5825,0,Reprovado
Daniel Nascimento,Matemática,9º Fundamental B,6,0.49,0.47,0.31,0.41,0.416,0.5042,-0.12,0.14,0.0,0.0,0.5409,0,Reprovado
Daniel Nascimento,Português,9º Fundamental B,6,0.53,0.44,0.48,0.48,0.48,0.5042,-0.033,0.0638,0.0,0.0,0.6118,0,Reprovado
Davi Borges,Arte,9º Fundamental B,6,0.71,0.87,0.82,0.72,0.7805,0.7368,-0.006,0.1349,0.0,1.0,0.689,2,Aprovado
Davi Borges,Ciências,9º Fundamental B,6,0.71,0.52,0.75,0.74,0.6815,0.7368,0.096,0.1871,0.0,1.0,0.5872,2,Aprovado
Davi Borges,Educação Física,9º Fundamental B,6,0.9,0.93,0.77,,0.8643,0.7368,-0.13,0.1389,0.0,1.0,0.7454,2,Aprovado
Davi Borges,Geografia,9º Fundamental B,6,0.75,0.77,0.68,0.61,0.6955,0.7368,-0.153,0.126,0.0,1.0,0.6283,2,Aprovado
Davi Borges,História,9º Fundamental B,6,0.53,0.63,0.78,0.73,0.6775,0.7368,0.225,0.192,0.0,1.0,0.6206,2,Aprovado
Davi Borges,Inglês,9º Fundamental B,6,0.83,0.89,0.7,0.76,0.7915,0.7368,-0.12,0.1432,0.0,1.0,0.5825,2,Aprovado
Davi Borges,Matemática,9º Fundamental B,6,0.53,0.66,0.73,0.72,0.6695,0.7368,0.192,0.1594,0.0,1.0,0.5409,2,Aprovado
Davi Borges,Português,9º Fundamental B,6,0.77,0.82,0.62,,0.7343,0.7368,-0.15,0.17,0.0,1.0,0.6118,2,Aprovado
Davi Melo,Arte,9º Fundamental B,6,0.58,0.54,0.58,0.56,0.564,0.4965,-0.006,0.0332,0.0,0.0,0.689,1,Recuperação
Davi Melo,Ciências,9º Fundamental B,6,0.58,0.43,0.54,0.47,0.4995,0.4965,-0.066,0.117,0.0,0.0,0.5872,0,Reprovado
Davi Melo,Educação Física,9º Fundamental B,6,0.49,0.68,0.56,,0.5829,0.4965,0.07,0.1569,0.0,0.0,0.7454,1,Recuperação
Davi Melo,Geografia,9º Fundamental B,6,0.46,0.57,0.48,0.57,0.5255,0.4965,0.072,0.101,0.0,0.0,0.6283,1,Recuperação
Davi Melo,História,9º Fundamental B,6,0.48,0.39,0.41,0.69,0.503,0.4965,0.195,0.2376,0.0,0.0,0.6206,1,Recuperação
Davi Melo,Inglês,9º Fundamental B,6,0.53,0.46,0.5,0.49,0.493,0.4965,-0.024,0.05,0.0,0.0,0.5825,0,Reprovado
Davi Melo,Matemática,9º Fundamental B,6,0.37,0.19,0.38,0.42,0.3425,0.4965,0.102,0.1772,0.0,0.0,0.5409,0,Reprovado
Davi Melo,Português,9º Fundamental B,6,0.53,0.37,0.55,0.42,0.462,0.4965,-0.045,0.1499,0.0,0.0,0.6118,0,Reprovado
Eduardo Marques,Arte,9º Fundamental B,6,0.54,0.3,0.29,0.23,0.3245,0.294,-0.282,0.2371,0.0,0.0,0.689,0,Reprovado
Eduardo Marques,Ciências,9º Fundamental B,6,0.42,0.42,0.29,0.24,0.3335,0.294,-0.201,0.159,0.0,0.0,0.5872,0,Reprovado
Eduardo Marques,Educação Física,9º Fundamental B,6,0.45,0.44,0.38,,0.4214,0.294,-0.07,0.0618,0.0,0.0,0.7454,0,Reprovado
Eduardo Marques,Geografia,9º Fundamental B,6,0.23,0.1,0.31,0.34,0.2505,0.294,0.162,0.1857,0.0,0.0,0.6283,0,Reprovado
Eduardo Marques,História,9º Fundamental B,6,0.31,0.44,0.38,0.29,0.354,0.294,-0.036,0.1187,0.0,0.0,0.6206,0,Reprovado
Eduardo Marques,Inglês,9º Fundamental B,6,0.22,0.16,0.2,0.12,0.17,0.294,-0.078,0.0768,0.0,0.0,0.5825,0,Reprovado
Eduardo Marques,Matemática,9º Fundamental B,6,0.19,0.23,0.21,,0.2114,0.294,0.02,0.0327,0.0,0.0,0.5409,0,Reprovado
Eduardo Marques,Português,9º Fundamental B,6,0.19,0.31,0.29,0.33,0.287,0.294,0.12,0.1077,0.0,0.0,0.6118,0,Reprovado
Elena Rodrigues,Arte,9º Fundamental B,6,0.43,0.55,0.59,0.53,0.53,0.5288,0.102,0.1179,0.0,0.125,0.689,1,Recuperação
Elena Rodrigues,Ciências,9º Fundamental B,6,0.51,0.52,0.59,0.63,0.5685,0.5288,0.129,0.0994,0.0,0.125,0.5872,1,Recuperação
Elena Rodrigues,Educação Física,9º Fundamental B,6,0.79,0.72,0.56,0.65,0.673,0.5288,-0.174,0.1703,0.0,0.125,0.7454,2,Aprovado
Elena Rodrigues,Geografia,9º Fundamental B,6,0.46,0.42,0.48,0.69,0.524,0.5288,0.225,0.2095,0.0,0.125,0.6283,1,Recuperação
Elena Rodrigues,História,9º Fundamental B,6,0.63,0.48,0.59,0.47,0.5345,0.5288,-0.111,0.1381,0.0,0.125,0.6206,1,Recuperação
Elena Rodrigues,Inglês,9º Fundamental B,6,0.46,0.5,0.4,0.39,0.434,0.5288,-0.093,0.0899,0.0,0.125,0.5825,0,Reprovado
Elena Rodrigues,Matemática,9º Fundamental B,6,0.5,0.44,0.43,,0.4536,0.5288,-0.07,0.0618,0.0,0.125,0.5409,0,Reprovado
Elena Rodrigues,Português,9º Fundamental B,6,0.46,0.61,0.4,0.56,0.5125,0.5288,0.027,0.1645,0.0,0.125,0.6118,1,Recuperação
Felipe Rodrigues,Arte,9º Fundamental B,6,0.7,0.88,0.75,0.69,0.7545,0.707,-0.048,0.1513,0.0,1.0,0.689,2,Aprovado
Felipe Rodrigues,Ciências,9º Fundamental B,6,0.86,0.52,0.69,0.67,0.6755,0.707,-0.12,0.241,0.0,1.0,0.5872,2,Aprovado
Felipe Rodrigues,Educação Física,9º Fundamental B,6,0.84,0.93,0.9,,0.8936,0.707,0.06,0.0748,0.0,1.0,0.7454,2,Aprovado
Felipe Rodrigues,Geografia,9º Fundamental B,6,0.77,0.66,0.79,0.67,0.7175,0.707,-0.051,0.1161,0.0,1.0,0.6283,2,Aprovado
Felipe Rodrigues,História,9º Fundamental B,6,0.65,0.59,0.69,,0.6429,0.707,0.04,0.0822,0.0,1.0,0.6206,2,Aprovado
Felipe Rodrigues,Inglês,9º Fundamental B,6,0.61,0.59,0.79,0.78,0.701,0.707,0.213,0.1857,0.0,1.0,0.5825,2,Aprovado
Felipe Rodrigues,Matemática,9º Fundamental B,6,0.66,0.69,0.49,,0.61,0.707,-0.17,0.1761,0.0,1.0,0.5409,2,Aprovado
Felipe Rodrigues,Português,9º Fundamental B,6,0.64,0.68,0.66,,0.6614,0.707,0.02,0.0327,0.0,1.0,0.6118,2,Aprovado
Fernando Cardoso,Arte,9º Fundamental B,6,0.72,0.67,0.58,0.47,0.5975,0.5114,-0.252,0.1903,0.0,0.125,0.689,1,Recuperação
Fernando Cardoso,Ciências,9º Fundamental B,6,0.46,0.4,0.56,0.47,0.473,0.5114,0.057,0.1143,0.0,0.125,0.5872,0,Reprovado
Fernando Cardoso,Educação Física,9º Fundamental B,6,0.65,0.62,0.76,0.57,0.646,0.5114,-0.03,0.1393,0.0,0.125,0.7454,2,Aprovado
Fernando Cardoso,Geografia,9º Fundamental B,6,0.44,0.49,0.63,0.64,0.56,0.5114,0.222,0.1738,0.0,0.125,0.6283,1,Recuperação
Fernando Cardoso,História,9º Fundamental B,6,0.55,0.45,0.46,0.5,0.4875,0.5114,-0.042,0.0787,0.0,0.125,0.6206,0,Reprovado
Fernando Cardoso,Inglês,9º Fundamental B,6,0.37,0.67,0.44,0.43,0.4805,0.5114,-0.015,0.2286,0.0,0.125,0.5825,0,Reprovado
Fernando Cardoso,Matemática,9º Fundamental B,6,0.48,0.41,0.49,0.4,0.441,0.5114,-0.048,0.0806,0.0,0.125,0.5409,0,Reprovado
Fernando Cardoso,Português,9º Fundamental B,6,0.5,0.38,0.52,0.27,0.406,0.5114,-0.165,0.2012,0.0,0.125,0.6118,0,Reprovado
Gabriel Silva,Arte,9º Fundamental B,6,0.86,0.9,0.8,0.8,0.837,0.7839,-0.084,0.0849,0.0,1.0,0.689,2,Aprovado
Gabriel Silva,Ciências,9º Fundamental B,6,0.69,0.68,0.64,0.8,0.708,0.7839,0.087,0.1186,0.0,1.0,0.5872,2,Aprovado
Gabriel Silva,Educação Física,9º Fundamental B,6,0.85,0.87,0.87,0.89,0.872,0.7839,0.036,0.0283,0.0,1.0,0.7454,2,Aprovado
Gabriel Silva,Geografia,9º Fundamental B,6,0.72,0.87,0.74,0.8,0.7865,0.7839,0.033,0.1169,0.0,1.0,0.6283,2,Aprovado
Gabriel Silva,História,9º Fundamental B,6,0.96,0.79,0.88,0.87,0.8705,0.7839,-0.054,0.1204,0.0,1.0,0.6206,2,Aprovado
Gabriel Silva,Inglês,9º Fundamental B,6,0.94,0.73,0.66,,0.765,0.7839,-0.28,0.238,0.0,1.0,0.5825,2,Aprovado
Gabriel Silva,Matemática,9º Fundamental B,6,0.72,0.55,0.68,0.81,0.6945,0.7839,0.12,0.1871,0.0,1.0,0.5409,2,Aprovado
Gabriel Silva,Português,9º Fundamental B,6,0.77,0.67,0.78,,0.7379,0.7839,0.01,0.0993,0.0,1.0,0.6118,2,Aprovado
Gustavo Teixeira,Arte,9º Fundamental B,6,0.37,0.38,0.28,,0.3414,0.2483,-0.09,0.0899,0.0,0.0,0.689,0,Reprovado
Gustavo Teixeira,Ciências,9º Fundamental B,6,0.16,0.2,0.04,0.35,0.197,0.2483,0.123,0.2215,0.0,0.0,0.5872,0,Reprovado
Gustavo Teixeira,Educação Física,9º Fundamental B,6,0.59,0.3,0.4,0.3,0.383,0.2483,-0.231,0.2368,0.0,0.0,0.7454,0,Reprovado
Gustavo Teixeira,Geografia,9º Fundamental B,6,0.12,0.24,0.27,0.15,0.1965,0.2483,0.036,0.1237,0.0,0.0,0.6283,0,Reprovado
Gustavo Teixeira,História,9º Fundamental B,6,0.24,0.29,0.28,,0.2721,0.2483,0.04,0.0432,0.0,0.0,0.6206,0,Reprovado
Gustavo Teixeira,Inglês,9º Fundamental B,6,0.19,0.19,0.39,0.21,0.246,0.2483,0.078,0.1682,0.0,0.0,0.5825,0,Reprovado
Gustavo Teixeira,Matemática,9º Fundamental B,6,0.29,0.06,0.02,0.13,0.117,0.2483,-0.156,0.2062,0.0,0.0,0.5409,0,Reprovado
Gustavo Teixeira,Português,9º Fundamental B,6,0.37,0.1,0.2,0.28,0.233,0.2483,-0.051,0.1992,0.0,0.0,0.6118,0,Reprovado
Helena Pereira,Arte,9º Fundamental B,6,0.84,0.85,0.89,0.85,0.858,0.7542,0.021,0.0384,0.0,1.0,0.689,2,Aprovado
Helena Pereira,Ciências,9º Fundamental B,6,0.6,0.67,0.79,0.77,0.716,0.7542,0.189,0.1539,0.0,1.0,0.5872,2,Aprovado
Helena Pereira,Educação Física,9º Fundamental B,6,1.0,0.75,0.7,0.83,0.8115,0.7542,-0.168,0.2276,0.0,1.0,0.7454,2,Aprovado
Helena Pereira,Geografia,9º Fundamental B,6,0.82,0.73,0.7,0.78,0.7555,0.7542,-0.045,0.0921,0.0,1.0,0.6283,2,Aprovado
Helena Pereira,História,9º Fundamental B,6,0.77,0.84,0.58,0.63,0.698,0.7542,-0.204,0.209,0.0,1.0,0.6206,2,Aprovado
Helena Pereira,Inglês,9º Fundamental B,6,0.83,0.79,0.69,,0.7657,0.7542,-0.14,0.1178,0.0,1.0,0.5825,2,Aprovado
Helena Pereira,Matemática,9º Fundamental B,6,0.73,0.55,0.64,0.76,0.6715,0.7542,0.054,0.1643,0.0,1.0,0.5409,2,Aprovado
Helena Pereira,Português,9º Fundamental B,6,0.75,0.68,0.84,,0.7571,0.7542,0.09,0.131,0.0,1.0,0.6118,2,Aprovado
Henrique Lima,Arte,9º Fundamental B,6,0.62,0.44,0.46,0.51,0.502,0.4565,-0.093,0.1396,0.0,0.0,0.689,1,Recuperação
Henrique Lima,Ciências,9º Fundamental B,6,0.37,0.56,0.67,0.44,0.5135,0.4565,0.096,0.2293,0.0,0.0,0.5872,1,Recuperação
Henrique Lima,Educação Física,9º Fundamental B,6,0.47,0.61,0.6,0.6,0.5765,0.4565,0.114,0.1158,0.0,0.0,0.7454,1,Recuperação
Henrique Lima,Geografia,9º Fundamental B,6,0.38,0.39,0.47,0.53,0.45,0.4565,0.159,0.1228,0.0,0.0,0.6283,0,Reprovado
Henrique Lima,História,9º Fundamental B,6,0.6,0.41,0.42,,0.4679,0.4565,-0.18,0.1746,0.0,0.0,0.6206,0,Reprovado
Henrique Lima,Inglês,9º Fundamental B,6,0.28,0.36,0.48,0.34,0.368,0.4565,0.09,0.1453,0.0,0.0,0.5825,0,Reprovado
Henrique Lima,Matemática,9º Fundamental B,6,0.46,0.3,0.3,,0.3457,0.4565,-0.16,0.1508,0.0,0.0,0.5409,0,Reprovado
Henrique Lima,Português,9º Fundamental B,6,0.51,0.36,0.43,0.43,0.4285,0.4565,-0.051,0.1062,0.0,0.0,0.6118,0,Reprovado
Hugo Oliveira,Arte,9º Fundamental B,6,0.92,0.76,0.87,0.62,0.7775,0.6788,-0.237,0.2304,0.0,1.0,0.689,2,Aprovado
Hugo Oliveira,Ciências,9º Fundamental B,6,0.61,0.62,0.69,,0.6421,0.6788,0.08,0.0712,0.0,1.0,0.5872,2,Aprovado
Hugo Oliveira,Educação Física,9º Fundamental B,6,0.84,0.71,0.85,0.71,0.771,0.6788,-0.075,0.1352,0.0,1.0,0.7454,2,Aprovado
Hugo Oliveira,Geografia,9º Fundamental B,6,0.74,0.69,0.77,0.59,0.69,0.6788,-0.111,0.1367,0.0,1.0,0.6283,2,Aprovado
Hugo Oliveira,História,9º Fundamental B,6,0.74,0.59,0.67,,0.6614,0.6788,-0.07,0.1226,0.0,1.0,0.6206,2,Aprovado
Hugo Oliveira,Inglês,9º Fundamental B,6,0.51,0.67,0.66,,0.6207,0.6788,0.15,0.1464,0.0,1.0,0.5825,2,Aprovado
Hugo Oliveira,Matemática,9º Fundamental B,6,0.61,0.68,0.66,0.49,0.604,0.6788,-0.114,0.1476,0.0,1.0,0.5409,2,Aprovado
Hugo Oliveira,Português,9º Fundamental B,6,0.65,0.81,0.52,0.67,0.6635,0.6788,-0.069,0.2056,0.0,1.0,0.6118,2,Aprovado
Iris Tavares,Arte,9º Fundamental B,6,0.47,0.47,0.37,0.53,0.463,0.3607,0.024,0.1149,0.0,0.0,0.689,0,Reprovado
Iris Tavares,Ciências,9º Fundamental B,6,0.35,0.31,0.41,,0.3571,0.3607,0.06,0.0822,0.0,0.0,0.5872,0,Reprovado
Iris Tavares,Educação Física,9º Fundamental B,6,0.49,0.51,0.43,,0.4757,0.3607,-0.06,0.068,0.0,0.0,0.7454,0,Reprovado
Iris Tavares,Geografia,9º Fundamental B,6,0.47,0.48,0.35,0.24,0.3735,0.3607,-0.246,0.1962,0.0,0.0,0.6283,0,Reprovado
Iris Tavares,História,9º Fundamental B,6,0.27,0.37,0.33,0.27,0.31,0.3607,-0.012,0.0849,0.0,0.0,0.6206,0,Reprovado
Iris Tavares,Inglês,9º Fundamental B,6,0.25,0.3,0.25,0.34,0.2895,0.3607,0.066,0.0755,0.0,0.0,0.5825,0,Reprovado
Iris Tavares,Matemática,9º Fundamental B,6,0.48,0.27,0.25,0.22,0.292,0.3607,-0.24,0.2052,0.0,0.0,0.5409,0,Reprovado
Iris Tavares,Português,9º Fundamental B,6,0.32,0.43,0.42,0.16,0.3245,0.3607,-0.147,0.217,0.0,0.0,0.6118,0,Reprovado
Júlia Ribeiro,Arte,9º Fundamental B,6,0.33,0.54,0.33,0.41,0.4065,0.3098,0.009,0.1717,0.0,0.0,0.689,0,Reprovado
Júlia Ribeiro,Ciências,9º Fundamental B,6,0.25,0.06,0.36,0.27,0.236,0.3098,0.108,0.2184,0.0,0.0,0.5872,0,Reprovado
Júlia Ribeiro,Educação Física,9º Fundamental B,6,0.42,0.47,0.51,0.47,0.47,0.3098,0.057,0.0638,0.0,0.0,0.7454,0,Reprovado
Júlia Ribeiro,Geografia,9º Fundamental B,6,0.35,0.33,0.46,0.33,0.3665,0.3098,0.021,0.1081,0.0,0.0,0.6283,0,Reprovado
Júlia Ribeiro,História,9º Fundamental B,6,0.15,0.24,0.24,0.37,0.261,0.3098,0.198,0.1568,0.0,0.0,0.6206,0,Reprovado
Júlia Ribeiro,Inglês,9º Fundamental B,6,0.36,0.26,0.28,0.12,0.243,0.3098,-0.21,0.1729,0.0,0.0,0.5825,0,Reprovado
Júlia Ribeiro,Matemática,9º Fundamental B,6,0.29,0.18,0.14,0.14,0.18,0.3098,-0.147,0.1228,0.0,0.0,0.5409,0,Reprovado
Júlia Ribeiro,Português,9º Fundamental B,6,0.39,0.31,0.17,0.39,0.315,0.3098,-0.042,0.1797,0.0,0.0,0.6118,0,Reprovado
Karen Freitas,Arte,9º Fundamental B,6,0.96,0.85,1.0,1.0,0.9545,0.8459,0.081,0.1228,0.0,1.0,0.689,2,Aprovado
Karen Freitas,Ciências,9º Fundamental B,6,0.86,0.69,0.62,0.88,0.7635,0.8459,-0.003,0.2211,0.0,1.0,0.5872,2,Aprovado
Karen Freitas,Educação Física,9º Fundamental B,6,0.97,1.0,0.95,0.94,0.9635,0.8459,-0.042,0.0458,0.0,1.0,0.7454,2,Aprovado
Karen Freitas,Geografia,9º Fundamental B,6,1.0,0.77,0.86,,0.8679,0.8459,-0.14,0.1893,0.0,1.0,0.6283,2,Aprovado
Karen Freitas,História,9º Fundamental B,6,0.8,0.88,0.79,0.79,0.8145,0.8459,-0.036,0.0755,0.0,1.0,0.6206,2,Aprovado
Karen Freitas,Inglês,9º Fundamental B,6,0.89,0.83,0.77,0.74,0.8,0.8459,-0.153,0.1152,0.0,1.0,0.5825,2,Aprovado
Karen Freitas,Matemática,9º Fundamental B,6,0.64,0.84,0.84,,0.7829,0.8459,0.2,0.1886,0.0,1.0,0.5409,2,Aprovado
Karen Freitas,Português,9º Fundamental B,6,0.79,0.84,0.79,0.85,0.8205,0.8459,0.039,0.0555,0.0,1.0,0.6118,2,Aprovado
Leonardo Andrade,Arte,9º Fundamental B,6,0.53,0.37,0.64,,0.5121,0.4981,0.11,0.2217,0.0,0.125,0.689,1,Recuperação
Leonardo Andrade,Ciências,9º Fundamental B,6,0.37,0.54,0.35,0.65,0.4915,0.4981,0.195,0.2479,0.0,0.125,0.5872,0,Reprovado
Leonardo Andrade,Educação Física,9º Fundamental B,6,0.64,0.64,0.66,,0.6471,0.4981,0.02,0.0189,0.0,0.125,0.7454,2,Aprovado
Leonardo Andrade,Geografia,9º Fundamental B,6,0.42,0.55,0.5,0.51,0.4995,0.4981,0.066,0.0943,0.0,0.125,0.6283,0,Reprovado
Leonardo Andrade,História,9º Fundamental B,6,0.52,0.66,0.6,0.47,0.56,0.4981,-0.063,0.1459,0.0,0.125,0.6206,1,Recuperação
Leonardo Andrade,Inglês,9º Fundamental B,6,0.47,0.52,0.41,0.37,0.4375,0.4981,-0.123,0.1143,0.0,0.125,0.5825,0,Reprovado
Leonardo Andrade,Matemática,9º Fundamental B,6,0.4,0.37,0.31,0.42,0.376,0.4981,0.0,0.0831,0.0,0.125,0.5409,0,Reprovado
Leonardo Andrade,Português,9º Fundamental B,6,0.33,0.42,0.5,0.55,0.461,0.4981,0.222,0.1667,0.0,0.125,0.6118,0,Reprovado
Leonardo Tavares,Arte,9º Fundamental B,6,0.73,0.32,0.45,0.49,0.4855,0.4195,-0.177,0.2964,0.0,0.0,0.689,0,Reprovado
Leonardo Tavares,Ciências,9º Fundamental B,6,0.45,0.32,0.39,,0.3821,0.4195,-0.06,0.1062,0.0,0.0,0.5872,0,Reprovado
Leonardo Tavares,Educação Física,9º Fundamental B,6,0.62,0.65,0.61,0.48,0.583,0.4195,-0.138,0.1304,0.0,0.0,0.7454,1,Recuperação
Leonardo Tavares,Geografia,9º Fundamental B,6,0.33,0.53,0.31,0.53,0.435,0.4195,0.114,0.2105,0.0,0.0,0.6283,0,Reprovado
Leonardo Tavares,História,9º Fundamental B,6,0.32,0.4,0.46,0.32,0.375,0.4195,0.018,0.1179,0.0,0.0,0.6206,0,Reprovado
Leonardo Tavares,Inglês,9º Fundamental B,6,0.27,0.33,0.39,,0.3343,0.4195,0.12,0.098,0.0,0.0,0.5825,0,Reprovado
Leonardo Tavares,Matemática,9º Fundamental B,6,0.46,0.35,0.37,0.33,0.371,0.4195,-0.111,0.0994,0.0,0.0,0.5409,0,Reprovado
Leonardo Tavares,Português,9º Fundamental B,6,0.34,0.38,0.44,,0.39,0.4195,0.1,0.0822,0.0,0.0,0.6118,0,Reprovado
Luiz Barbosa,Arte,9º Fundamental B,6,0.83,0.72,0.89,0.67,0.7695,0.7428,-0.093,0.174,0.0,1.0,0.689,2,Aprovado
Luiz Barbosa,Ciências,9º Fundamental B,6,0.69,0.57,0.61,0.61,0.616,0.7428,-0.06,0.0872,0.0,1.0,0.5872,2,Aprovado
Luiz Barbosa,Educação Física,9º Fundamental B,6,0.95,0.93,1.0,0.87,0.9335,0.7428,-0.051,0.0931,0.0,1.0,0.7454,2,Aprovado
Luiz Barbosa,Geografia,9º Fundamental B,6,0.83,0.64,0.71,0.79,0.7405,0.7428,-0.015,0.1465,0.0,1.0,0.6283,2,Aprovado
Luiz Barbosa,História,9º Fundamental B,6,0.6,0.82,0.9,,0.7857,0.7428,0.3,0.2537,0.0,1.0,0.6206,2,Aprovado
Luiz Barbosa,Inglês,9º Fundamental B,6,0.57,0.62,0.64,0.74,0.651,0.7428,0.159,0.1236,0.0,1.0,0.5825,2,Aprovado
Luiz Barbosa,Matemática,9º Fundamental B,6,0.61,0.7,0.73,0.73,0.6985,0.7428,0.117,0.0984,0.0,1.0,0.5409,2,Aprovado
Luiz Barbosa,Português,9º Fundamental B,6,0.75,0.69,0.67,0.86,0.748,0.7428,0.093,0.1479,0.0,1.0,0.6118,2,Aprovado
Maria Andrade,Arte,9º Fundamental B,6,0.86,0.76,0.87,,0.8279,0.8111,0.01,0.0993,0.0,1.0,0.689,2,Aprovado
Maria Andrade,Ciências,9º Fundamental B,6,0.85,0.88,0.73,0.78,0.8065,0.8111,-0.108,0.1175,0.0,1.0,0.5872,2,Aprovado
Maria Andrade,Educação Física,9º Fundamental B,6,0.79,0.94,0.96,1.0,0.933,0.8111,0.195,0.159,0.0,1.0,0.7454,2,Aprovado
Maria Andrade,Geografia,9º Fundamental B,6,0.7,0.66,0.86,,0.7429,0.8111,0.16,0.1728,0.0,1.0,0.6283,2,Aprovado
Maria Andrade,História,9º Fundamental B,6,0.93,0.9,0.71,0.86,0.8465,0.8111,-0.12,0.1691,0.0,1.0,0.6206,2,Aprovado
Maria Andrade,Inglês,9º Fundamental B,6,0.64,0.79,0.8,,0.7507,0.8111,0.16,0.1464,0.0,1.0,0.5825,2,Aprovado
Maria Andrade,Matemática,9º Fundamental B,6,0.84,0.59,0.76,,0.7221,0.8111,-0.08,0.2085,0.0,1.0,0.5409,2,Aprovado
Maria Andrade,Português,9º Fundamental B,6,0.74,0.79,0.88,0.98,0.8595,0.8111,0.243,0.183,0.0,1.0,0.6118,2,Aprovado
Mariana Ramos,Arte,9º Fundamental B,6,0.25,0.56,0.3,0.35,0.37,0.2894,0.012,0.236,0.0,0.0,0.689,0,Reprovado
Mariana Ramos,Ciências,9º Fundamental B,6,0.23,0.3,0.16,,0.23,0.2894,-0.07,0.1143,0.0,0.0,0.5872,0,Reprovado
Mariana Ramos,Educação Física,9º Fundamental B,6,0.32,0.38,0.43,0.44,0.3985,0.2894,0.123,0.0953,0.0,0.0,0.7454,0,Reprovado
Mariana Ramos,Geografia,9º Fundamental B,6,0.26,0.25,0.21,0.34,0.269,0.2894,0.06,0.0943,0.0,0.0,0.6283,0,Reprovado
Mariana Ramos,História,9º Fundamental B,6,0.23,0.26,0.38,0.27,0.287,0.2894,0.072,0.1136,0.0,0.0,0.6206,0,Reprovado
Mariana Ramos,Inglês,9º Fundamental B,6,0.11,0.28,0.34,0.27,0.258,0.2894,0.162,0.1703,0.0,0.0,0.5825,0,Reprovado
Mariana Ramos,Matemática,9º Fundamental B,6,0.12,0.23,0.31,0.22,0.225,0.2894,0.114,0.1349,0.0,0.0,0.5409,0,Reprovado
Mariana Ramos,Português,9º Fundamental B,6,0.27,0.23,0.16,0.42,0.2775,0.2894,0.114,0.1903,0.0,0.0,0.6118,0,Reprovado
Marina Guimarães,Arte,9º Fundamental B,6,0.89,1.0,0.95,,0.9507,0.8984,0.06,0.0899,0.0,1.0,0.689,2,Aprovado
Marina Guimarães,Ciências,9º Fundamental B,6,0.9,1.0,0.93,0.79,0.8995,0.8984,-0.12,0.1513,0.0,1.0,0.5872,2,Aprovado
Marina Guimarães,Educação Física,9º Fundamental B,6,1.0,1.0,1.0,1.0,1.0,0.8984,0.0,0.0,0.0,1.0,0.7454,2,Aprovado
Marina Guimarães,Geografia,9º Fundamental B,6,0.88,0.97,0.96,,0.9407,0.8984,0.08,0.0806,0.0,1.0,0.6283,2,Aprovado
Marina Guimarães,História,9º Fundamental B,6,0.92,0.95,0.93,,0.9343,0.8984,0.01,0.0249,0.0,1.0,0.6206,2,Aprovado
Marina Guimarães,Inglês,9º Fundamental B,6,0.99,0.69,0.8,,0.815,0.8984,-0.19,0.2478,0.0,1.0,0.5825,2,Aprovado
Marina Guimarães,Matemática,9º Fundamental B,6,0.73,0.86,0.69,,0.7621,0.8984,-0.04,0.1451,0.0,1.0,0.5409,2,Aprovado
Marina Guimarães,Português,9º Fundamental B,6,0.85,0.98,0.92,0.8,0.885,0.8984,-0.063,0.1367,0.0,1.0,0.6118,2,Aprovado
Matheus Campos,Arte,9º Fundamental B,6,0.76,0.77,0.66,,0.7279,0.5854,-0.1,0.0993,0.0,0.375,0.689,2,Aprovado
Matheus Campos,Ciências,9º Fundamental B,6,0.64,0.65,0.45,0.41,0.526,0.5854,-0.267,0.217,0.0,0.375,0.5872,1,Recuperação
Matheus Campos,Educação Física,9º Fundamental B,6,0.85,0.5,0.68,0.89,0.732,0.5854,0.09,0.3089,0.0,0.375,0.7454,2,Aprovado
Matheus Campos,Geografia,9º Fundamental B,6,0.59,0.63,0.61,,0.6114,0.5854,0.02,0.0327,0.0,0.375,0.6283,2,Aprovado
Matheus Campos,História,9º Fundamental B,6,0.67,0.42,0.58,,0.5486,0.5854,-0.09,0.2068,0.0,0.375,0.6206,1,Recuperação
Matheus Campos,Inglês,9º Fundamental B,6,0.53,0.49,0.5,0.61,0.5365,0.5854,0.075,0.0942,0.0,0.375,0.5825,1,Recuperação
Matheus Campos,Matemática,9º Fundamental B,6,0.37,0.52,0.51,0.5,0.4815,0.5854,0.114,0.1221,0.0,0.375,0.5409,0,Reprovado
Matheus Campos,Português,9º Fundamental B,6,0.48,0.54,0.53,,0.5193,0.5854,0.05,0.0525,0.0,0.375,0.6118,1,Recuperação
Matheus Silva,Arte,9º Fundamental B,6,0.86,0.96,0.98,0.88,0.921,0.8468,0.024,0.102,0.0,1.0,0.689,2,Aprovado
Matheus Silva,Ciências,9º Fundamental B,6,0.68,0.8,0.79,,0.7621,0.8468,0.11,0.1087,0.0,1.0,0.5872,2,Aprovado
Matheus Silva,Educação Física,9º Fundamental B,6,1.0,0.98,1.0,0.97,0.986,0.8468,-0.021,0.026,0.0,1.0,0.7454,2,Aprovado
Matheus Silva,Geografia,9º Fundamental B,6,0.8,0.82,0.77,0.88,0.8215,0.8468,0.057,0.0805,0.0,1.0,0.6283,2,Aprovado
Matheus Silva,História,9º Fundamental B,6,0.86,0.96,0.88,0.94,0.914,0.8468,0.048,0.0825,0.0,1.0,0.6206,2,Aprovado
Matheus Silva,Inglês,9º Fundamental B,6,0.87,0.81,0.71,,0.7914,0.8468,-0.16,0.132,0.0,1.0,0.5825,2,Aprovado
Matheus Silva,Matemática,9º Fundamental B,6,0.58,0.89,0.83,0.82,0.792,0.8468,0.198,0.2371,0.0,1.0,0.5409,2,Aprovado
Matheus Silva,Português,9º Fundamental B,6,0.75,0.7,0.85,0.83,0.7865,0.8468,0.117,0.1211,0.0,1.0,0.6118,2,Aprovado
Miguel Andrade,Arte,9º Fundamental B,6,0.69,0.58,0.61,0.56,0.6035,0.5304,-0.108,0.099,0.0,0.25,0.689,2,Aprovado
Miguel Andrade,Ciências,9º Fundamental B,6,0.5,0.42,0.41,,0.4393,0.5304,-0.09,0.0806,0.0,0.25,0.5872,0,Reprovado
Miguel Andrade,Educação Física,9º Fundamental B,6,0.72,0.55,0.57,0.65,0.619,0.5304,-0.057,0.1352,0.0,0.25,0.7454,2,Aprovado
Miguel Andrade,Geografia,9º Fundamental B,6,0.6,0.71,0.44,0.48,0.5515,0.5304,-0.189,0.2118,0.0,0.25,0.6283,1,Recuperação
Miguel Andrade,História,9º Fundamental B,6,0.62,0.58,0.54,0.42,0.53,0.5304,-0.192,0.1497,0.0,0.25,0.6206,1,Recuperação
Miguel Andrade,Inglês,9º Fundamental B,6,0.43,0.35,0.43,0.44,0.413,0.5304,0.033,0.0726,0.0,0.25,0.5825,0,Reprovado
Miguel Andrade,Matemática,9º Fundamental B,6,0.48,0.48,0.58,,0.5157,0.5304,0.1,0.0943,0.0,0.25,0.5409,1,Recuperação
Miguel Andrade,Português,9º Fundamental B,6,0.58,0.7,0.51,0.51,0.5715,0.5304,-0.12,0.1552,0.0,0.25,0.6118,1,Recuperação
Miguel Costa,Arte,9º Fundamental B,6,0.98,0.96,0.95,0.82,0.9195,0.859,-0.147,0.126,0.0,1.0,0.689,2,Aprovado
Miguel Costa,Ciências,9º Fundamental B,6,0.85,0.89,0.88,0.61,0.7955,0.859,-0.219,0.2299,0.0,1.0,0.5872,2,Aprovado
Miguel Costa,Educação Física,9º Fundamental B,6,1.0,0.87,1.0,0.97,0.9585,0.859,0.012,0.1068,0.0,1.0,0.7454,2,Aprovado
Miguel Costa,Geografia,9º Fundamental B,6,0.96,0.88,0.84,0.94,0.904,0.859,-0.03,0.0954,0.0,1.0,0.6283,2,Aprovado
Miguel Costa,História,9º Fundamental B,6,0.77,0.82,0.89,,0.8307,0.859,0.12,0.0984,0.0,1.0,0.6206,2,Aprovado
Miguel Costa,Inglês,9º Fundamental B,6,0.9,0.68,0.92,,0.8286,0.859,0.02,0.2175,0.0,1.0,0.5825,2,Aprovado
Miguel Costa,Matemática,9º Fundamental B,6,0.83,0.82,0.7,,0.78,0.859,-0.13,0.1181,0.0,1.0,0.5409,2,Aprovado
Miguel Costa,Português,9º Fundamental B,6,0.83,0.86,0.87,,0.855,0.859,0.04,0.034,0.0,1.0,0.6118,2,Aprovado
Natalia Nascimento,Arte,9º Fundamental B,6,0.98,1.0,1.0,0.98,0.99,0.9225,0.0,0.02,0.0,1.0,0.689,2,Aprovado
Natalia Nascimento,Ciências,9º Fundamental B,6,0.68,0.93,0.96,0.86,0.8665,0.9225,0.171,0.2174,0.0,1.0,0.5872,2,Aprovado
Natalia Nascimento,Educação Física,9º Fundamental B,6,1.0,0.99,1.0,1.0,0.9975,0.9225,0.003,0.0087,0.0,1.0,0.7454,2,Aprovado
Natalia Nascimento,Geografia,9º Fundamental B,6,0.99,1.0,0.9,0.8,0.913,0.9225,-0.201,0.1615,0.0,1.0,0.6283,2,Aprovado
Natalia Nascimento,História,9º Fundamental B,6,0.74,0.87,0.94,0.84,0.8525,0.9225,0.111,0.1438,0.0,1.0,0.6206,2,Aprovado
Natalia Nascimento,Inglês,9º Fundamental B,6,1.0,0.96,0.93,,0.9607,0.9225,-0.07,0.0573,0.0,1.0,0.5825,2,Aprovado
Natalia Nascimento,Matemática,9º Fundamental B,6,0.8,0.81,0.81,0.84,0.817,0.9225,0.036,0.03,0.0,1.0,0.5409,2,Aprovado
Natalia Nascimento,Português,9º Fundamental B,6,1.0,0.93,1.0,1.0,0.9825,0.9225,0.021,0.0606,0.0,1.0,0.6118,2,Aprovado
Patricia Ferreira,Arte,9º Fundamental B,6,0.39,0.58,0.68,0.4,0.513,0.527,0.039,0.2455,0.0,0.125,0.689,1,Recuperação
Patricia Ferreira,Ciências,9º Fundamental B,6,0.4,0.6,0.59,0.65,0.5725,0.527,0.222,0.1903,0.0,0.125,0.5872,1,Recuperação
Patricia Ferreira,Educação Física,9º Fundamental B,6,0.65,0.72,0.66,0.78,0.709,0.527,0.099,0.1043,0.0,0.125,0.7454,2,Aprovado
Patricia Ferreira,Geografia,9º Fundamental B,6,0.58,0.53,0.61,,0.5729,0.527,0.03,0.066,0.0,0.125,0.6283,1,Recuperação
Patricia Ferreira,História,9º Fundamental B,6,0.52,0.32,0.35,0.58,0.4455,0.527,0.063,0.2202,0.0,0.125,0.6206,0,Reprovado
Patricia Ferreira,Inglês,9º Fundamental B,6,0.45,0.5,0.45,,0.4679,0.527,0.0,0.0471,0.0,0.125,0.5825,0,Reprovado
Patricia Ferreira,Matemática,9º Fundamental B,6,0.51,0.35,0.42,0.41,0.4175,0.527,-0.069,0.1143,0.0,0.125,0.5409,0,Reprovado
Patricia Ferreira,Português,9º Fundamental B,6,0.5,0.46,0.49,0.6,0.5175,0.527,0.099,0.1052,0.0,0.125,0.6118,1,Recuperação
Renato Ribeiro,Arte,9º Fundamental B,6,0.37,0.3,0.48,0.56,0.437,0.3479,0.225,0.1997,0.0,0.0,0.689,0,Reprovado
Renato Ribeiro,Ciências,9º Fundamental B,6,0.33,0.2,0.33,,0.2836,0.3479,0.0,0.1226,0.0,0.0,0.5872,0,Reprovado
Renato Ribeiro,Educação Física,9º Fundamental B,6,0.46,0.45,0.45,0.62,0.503,0.3479,0.144,0.1446,0.0,0.0,0.7454,1,Recuperação
Renato Ribeiro,Geografia,9º Fundamental B,6,0.59,0.49,0.39,,0.4829,0.3479,-0.2,0.1633,0.0,0.0,0.6283,0,Reprovado
Renato Ribeiro,História,9º Fundamental B,6,0.2,0.38,0.35,0.38,0.3365,0.3479,0.153,0.1492,0.0,0.0,0.6206,0,Reprovado
Renato Ribeiro,Inglês,9º Fundamental B,6,0.44,0.28,0.27,0.19,0.2825,0.3479,-0.228,0.1814,0.0,0.0,0.5825,0,Reprovado
Renato Ribeiro,Matemática,9º Fundamental B,6,0.08,0.26,0.27,0.07,0.1695,0.3479,-0.006,0.1903,0.0,0.0,0.5409,0,Reprovado
Renato Ribeiro,Português,9º Fundamental B,6,0.41,0.3,0.18,,0.2886,0.3479,-0.23,0.1879,0.0,0.0,0.6118,0,Reprovado
Rodrigo Ramos,Arte,9º Fundamental B,6,0.87,0.94,0.77,0.88,0.8655,0.8384,-0.042,0.1221,0.0,1.0,0.689,2,Aprovado
Rodrigo Ramos,Ciências,9º Fundamental B,6,0.75,0.8,0.69,,0.7464,0.8384,-0.06,0.0899,0.0,1.0,0.5872,2,Aprovado
Rodrigo Ramos,Educação Física,9º Fundamental B,6,1.0,0.83,1.0,0.98,0.9515,0.8384,0.033,0.1424,0.0,1.0,0.7454,2,Aprovado
Rodrigo Ramos,Geografia,9º Fundamental B,6,0.67,0.88,0.85,0.86,0.8245,0.8384,0.162,0.1688,0.0,1.0,0.6283,2,Aprovado
Rodrigo Ramos,História,9º Fundamental B,6,0.87,0.81,0.82,,0.8307,0.8384,-0.05,0.0525,0.0,1.0,0.6206,2,Aprovado
Rodrigo Ramos,Inglês,9º Fundamental B,6,0.83,0.74,0.92,0.93,0.86,0.8384,0.144,0.1539,0.0,1.0,0.5825,2,Aprovado
Rodrigo Ramos,Matemática,9º Fundamental B,6,0.61,0.75,0.92,,0.7707,0.8384,0.31,0.2535,0.0,1.0,0.5409,2,Aprovado
Rodrigo Ramos,Português,9º Fundamental B,6,0.95,0.8,0.84,0.86,0.858,0.8384,-0.069,0.1099,0.0,1.0,0.6118,2,Aprovado
Victor Ribeiro,Arte,9º Fundamental B,6,0.8,0.74,0.79,0.9,0.8125,0.6998,0.105,0.1161,0.0,0.875,0.689,2,Aprovado
Victor Ribeiro,Ciências,9º Fundamental B,6,0.69,0.69,0.7,0.45,0.6205,0.6998,-0.213,0.2109,0.0,0.875,0.5872,2,Aprovado
Victor Ribeiro,Educação Física,9º Fundamental B,6,0.67,0.97,0.73,0.81,0.802,0.6998,0.054,0.2252,0.0,0.875,0.7454,2,Aprovado
Victor Ribeiro,Geografia,9º Fundamental B,6,0.65,0.83,0.78,0.65,0.7275,0.6998,-0.015,0.159,0.0,0.875,0.6283,2,Aprovado
Victor Ribeiro,História,9º Fundamental B,6,0.86,0.61,0.66,,0.6993,0.6998,-0.2,0.216,0.0,0.875,0.6206,2,Aprovado
Victor Ribeiro,Inglês,9º Fundamental B,6,0.66,0.55,0.64,0.72,0.6455,0.6998,0.081,0.122,0.0,0.875,0.5825,2,Aprovado
Victor Ribeiro,Matemática,9º Fundamental B,6,0.43,0.54,0.8,0.48,0.565,0.6998,0.123,0.2851,0.0,0.875,0.5409,1,Recuperação
Victor Ribeiro,Português,9º Fundamental B,6,0.77,0.78,0.67,0.7,0.7265,0.6998,-0.096,0.0927,0.0,0.875,0.6118,2,Aprovado
